{
    "name": "booster_gold_series",
        "array":[
            {
                "weight":1,
                "rarities":[
                    {
                        "rarity":"Common",
                        "count":22
                    },
                    {
                        "rarity":"Rare",
                        "count":2
                    },
                    {
                        "rarity":"Secret Rare",
                        "count":1
                    }
                ]
            }
        ]
}