{
    "name": "bp03",
        "array":[
            {
                "weight":1,
                "rarities":[
                    {
                        "rarity":"Common",
                        "count":3
                    },
                    {
                        "rarity":"Rare",
                        "count":1
                    },
                    {
                        "rarity":"Shatterfoil Rare",
                        "count":1
                    }
                ]
            }
        ]
}