{
    "name": "2-Player Starter Deck: Yuya & Declan",
    "type": "Starter Deck",
    "date": "2015-05-28",
    "distribution": "",
    "prefix": "YS15",
    "sub_sets": [],
    "load": false,
    "cards": [
      {
        "card_name": "D/D/D Dragon King Pendragon",
        "set_number": "YS15-END00",
        "rarities": [
          "Ultra Rare"
        ],
        "count": {
          "Ultra Rare": 1
        }
      },
      {
        "card_name": "Beast of Talwar",
        "set_number": "YS15-END01",
        "rarities": [
          "Common"
        ],
        "count": {
          "Common": 1
        }
      },
      {
        "card_name": "Archfiend Soldier",
        "set_number": "YS15-END02",
        "rarities": [
          "Common"
        ],
        "count": {
          "Common": 1
        }
      },
      {
        "card_name": "Vice Dragon",
        "set_number": "YS15-END03",
        "rarities": [
          "Common"
        ],
        "count": {
          "Common": 1
        }
      },
      {
        "card_name": "Goblin Elite Attack Force",
        "set_number": "YS15-END04",
        "rarities": [
          "Common"
        ],
        "count": {
          "Common": 1
        }
      },
      {
        "card_name": "Axe Dragonute",
        "set_number": "YS15-END05",
        "rarities": [
          "Common"
        ],
        "count": {
          "Common": 1
        }
      },
      {
        "card_name": "Mad Archfiend",
        "set_number": "YS15-END06",
        "rarities": [
          "Common"
        ],
        "count": {
          "Common": 1
        }
      },
      {
        "card_name": "Fabled Ashenveil",
        "set_number": "YS15-END07",
        "rarities": [
          "Common"
        ],
        "count": {
          "Common": 1
        }
      },
      {
        "card_name": "Theban Nightmare",
        "set_number": "YS15-END08",
        "rarities": [
          "Common"
        ],
        "count": {
          "Common": 1
        }
      },
      {
        "card_name": "Bright Star Dragon",
        "set_number": "YS15-END09",
        "rarities": [
          "Common"
        ],
        "count": {
          "Common": 1
        }
      },
      {
        "card_name": "Exploder Dragon",
        "set_number": "YS15-END10",
        "rarities": [
          "Common"
        ],
        "count": {
          "Common": 1
        }
      },
      {
        "card_name": "Grave Squirmer",
        "set_number": "YS15-END11",
        "rarities": [
          "Common"
        ],
        "count": {
          "Common": 1
        }
      },
      {
        "card_name": "Smashing Ground",
        "set_number": "YS15-END12",
        "rarities": [
          "Common"
        ],
        "count": {
          "Common": 1
        }
      },
      {
        "card_name": "Axe of Despair",
        "set_number": "YS15-END14",
        "rarities": [
          "Common"
        ],
        "count": {
          "Common": 1
        }
      },
      {
        "card_name": "Banner of Courage",
        "set_number": "YS15-END15",
        "rarities": [
          "Common"
        ],
        "count": {
          "Common": 1
        }
      },
      {
        "card_name": "Mirror Force",
        "set_number": "YS15-END16",
        "rarities": [
          "Super Rare"
        ],
        "count": {
          "Super Rare": 1
        }
      },
      {
        "card_name": "Magic Cylinder",
        "set_number": "YS15-END17",
        "rarities": [
          "Common"
        ],
        "count": {
          "Common": 1
        }
      },
      {
        "card_name": "Dust Tornado",
        "set_number": "YS15-END18",
        "rarities": [
          "Common"
        ],
        "count": {
          "Common": 1
        }
      },
      {
        "card_name": "Mask of Weakness",
        "set_number": "YS15-END19",
        "rarities": [
          "Common"
        ],
        "count": {
          "Common": 1
        }
      },
      {
        "card_name": "Odd-Eyes Saber Dragon",
        "set_number": "YS15-ENY00",
        "rarities": [
          "Ultra Rare"
        ],
        "count": {
          "Ultra Rare": 1
        }
      },
      {
        "card_name": "Alexandrite Dragon",
        "set_number": "YS15-ENY01",
        "rarities": [
          "Common"
        ],
        "count": {
          "Common": 1
        }
      },
      {
        "card_name": "Mystical Elf",
        "set_number": "YS15-ENY02",
        "rarities": [
          "Common"
        ],
        "count": {
          "Common": 1
        }
      },
      {
        "card_name": "Odd-Eyes Dragon",
        "set_number": "YS15-ENY03",
        "rarities": [
          "Common"
        ],
        "count": {
          "Common": 1
        }
      },
      {
        "card_name": "Cyber Dragon",
        "set_number": "YS15-ENY04",
        "rarities": [
          "Common"
        ],
        "count": {
          "Common": 1
        }
      },
      {
        "card_name": "Herald of Creation",
        "set_number": "YS15-ENY05",
        "rarities": [
          "Common"
        ],
        "count": {
          "Common": 1
        }
      },
      {
        "card_name": "Mirage Dragon",
        "set_number": "YS15-ENY06",
        "rarities": [
          "Common"
        ],
        "count": {
          "Common": 1
        }
      },
      {
        "card_name": "Maha Vailo",
        "set_number": "YS15-ENY07",
        "rarities": [
          "Common"
        ],
        "count": {
          "Common": 1
        }
      },
      {
        "card_name": "Ancient Dragon",
        "set_number": "YS15-ENY08",
        "rarities": [
          "Common"
        ],
        "count": {
          "Common": 1
        }
      },
      {
        "card_name": "DUCKER Mobile Cannon",
        "set_number": "YS15-ENY09",
        "rarities": [
          "Common"
        ],
        "count": {
          "Common": 1
        }
      },
      {
        "card_name": "Skelengel",
        "set_number": "YS15-ENY10",
        "rarities": [
          "Common"
        ],
        "count": {
          "Common": 1
        }
      },
      {
        "card_name": "The Calculator",
        "set_number": "YS15-ENY11",
        "rarities": [
          "Common"
        ],
        "count": {
          "Common": 1
        }
      },
      {
        "card_name": "Dark Hole",
        "set_number": "YS15-ENY12",
        "rarities": [
          "Super Rare"
        ],
        "count": {
          "Super Rare": 1
        }
      },
      {
        "card_name": "Mystical Space Typhoon",
        "set_number": "YS15-ENY13",
        "rarities": [
          "Common"
        ],
        "count": {
          "Common": 1
        }
      },
      {
        "card_name": "Rush Recklessly",
        "set_number": "YS15-ENY14",
        "rarities": [
          "Common"
        ],
        "count": {
          "Common": 1
        }
      },
      {
        "card_name": "Black Pendant",
        "set_number": "YS15-ENY15",
        "rarities": [
          "Common"
        ],
        "count": {
          "Common": 1
        }
      },
      {
        "card_name": "Malevolent Nuzzler",
        "set_number": "YS15-ENY16",
        "rarities": [
          "Common"
        ],
        "count": {
          "Common": 1
        }
      },
      {
        "card_name": "Trap Hole",
        "set_number": "YS15-ENY17",
        "rarities": [
          "Common"
        ],
        "count": {
          "Common": 1
        }
      },
      {
        "card_name": "Pinpoint Guard",
        "set_number": "YS15-ENY18",
        "rarities": [
          "Common"
        ],
        "count": {
          "Common": 1
        }
      },
      {
        "card_name": "Call of the Haunted",
        "set_number": "YS15-ENY19",
        "rarities": [
          "Common"
        ],
        "count": {
          "Common": 1
        }
      },
      {
        "card_name": "Negate Attack",
        "set_number": "YS15-ENY20",
        "rarities": [
          "Common"
        ],
        "count": {
          "Common": 1
        }
      }
    ]
  }