{
  "name": "2014 Mega-Tin Mega Pack",
  "type": "Mega Pack",
  "date": "2014-08-28",
  "distribution": "mega_pack",
  "prefix": "MP14",
  "sub_sets": [],
  "load": true,
  "cards": [
    {
      "card_name": "Mecha Phantom Beast Turtletracer",
      "set_number": "MP14-EN001",
      "rarities": [
        "Super Rare"
      ],
      "count": {
        "Super Rare": 1
      }
    },
    {
      "card_name": "Battlin' Boxer Headgeared",
      "set_number": "MP14-EN002",
      "rarities": [
        "Common"
      ],
      "count": {
        "Common": 1
      }
    },
    {
      "card_name": "Battlin' Boxer Glassjaw",
      "set_number": "MP14-EN003",
      "rarities": [
        "Common"
      ],
      "count": {
        "Common": 1
      }
    },
    {
      "card_name": "Battlin' Boxer Sparrer",
      "set_number": "MP14-EN004",
      "rarities": [
        "Common"
      ],
      "count": {
        "Common": 1
      }
    },
    {
      "card_name": "Battlin' Boxer Switchitter",
      "set_number": "MP14-EN005",
      "rarities": [
        "Common"
      ],
      "count": {
        "Common": 1
      }
    },
    {
      "card_name": "Battlin' Boxer Counterpunch",
      "set_number": "MP14-EN006",
      "rarities": [
        "Common"
      ],
      "count": {
        "Common": 1
      }
    },
    {
      "card_name": "Mecha Phantom Beast Megaraptor",
      "set_number": "MP14-EN007",
      "rarities": [
        "Super Rare"
      ],
      "count": {
        "Super Rare": 1
      }
    },
    {
      "card_name": "Mecha Phantom Beast Tetherwolf",
      "set_number": "MP14-EN008",
      "rarities": [
        "Rare"
      ],
      "count": {
        "Rare": 1
      }
    },
    {
      "card_name": "Mecha Phantom Beast Blackfalcon",
      "set_number": "MP14-EN009",
      "rarities": [
        "Common"
      ],
      "count": {
        "Common": 1
      }
    },
    {
      "card_name": "Mecha Phantom Beast Stealthray",
      "set_number": "MP14-EN010",
      "rarities": [
        "Common"
      ],
      "count": {
        "Common": 1
      }
    },
    {
      "card_name": "Mecha Phantom Beast Hamstrat",
      "set_number": "MP14-EN011",
      "rarities": [
        "Ultra Rare"
      ],
      "count": {
        "Ultra Rare": 1
      }
    },
    {
      "card_name": "Brotherhood of the Fire Fist - Wolf",
      "set_number": "MP14-EN012",
      "rarities": [
        "Common"
      ],
      "count": {
        "Common": 1
      }
    },
    {
      "card_name": "Brotherhood of the Fire Fist - Leopard",
      "set_number": "MP14-EN013",
      "rarities": [
        "Common"
      ],
      "count": {
        "Common": 1
      }
    },
    {
      "card_name": "Brotherhood of the Fire Fist - Rhino",
      "set_number": "MP14-EN014",
      "rarities": [
        "Rare"
      ],
      "count": {
        "Rare": 1
      }
    },
    {
      "card_name": "Brotherhood of the Fire Fist - Buffalo",
      "set_number": "MP14-EN015",
      "rarities": [
        "Rare"
      ],
      "count": {
        "Rare": 1
      }
    },
    {
      "card_name": "Mermail Abyssocea",
      "set_number": "MP14-EN016",
      "rarities": [
        "Common"
      ],
      "count": {
        "Common": 1
      }
    },
    {
      "card_name": "Wheel of Prophecy",
      "set_number": "MP14-EN017",
      "rarities": [
        "Rare"
      ],
      "count": {
        "Rare": 1
      }
    },
    {
      "card_name": "Madolche Hootcake",
      "set_number": "MP14-EN018",
      "rarities": [
        "Super Rare"
      ],
      "count": {
        "Super Rare": 1
      }
    },
    {
      "card_name": "Legendary Atlantean Tridon",
      "set_number": "MP14-EN019",
      "rarities": [
        "Common"
      ],
      "count": {
        "Common": 1
      }
    },
    {
      "card_name": "Fire King Avatar Garunix",
      "set_number": "MP14-EN020",
      "rarities": [
        "Common"
      ],
      "count": {
        "Common": 1
      }
    },
    {
      "card_name": "Harpie Channeler",
      "set_number": "MP14-EN021",
      "rarities": [
        "Ultra Rare"
      ],
      "count": {
        "Ultra Rare": 1
      }
    },
    {
      "card_name": "Windrose the Elemental Lord",
      "set_number": "MP14-EN022",
      "rarities": [
        "Secret Rare"
      ],
      "count": {
        "Secret Rare": 1
      }
    },
    {
      "card_name": "Risebell the Star Adjuster",
      "set_number": "MP14-EN023",
      "rarities": [
        "Common"
      ],
      "count": {
        "Common": 1
      }
    },
    {
      "card_name": "Number 107: Galaxy-Eyes Tachyon Dragon",
      "set_number": "MP14-EN024",
      "rarities": [
        "Ultra Rare"
      ],
      "count": {
        "Ultra Rare": 1
      }
    },
    {
      "card_name": "Gauntlet Launcher",
      "set_number": "MP14-EN025",
      "rarities": [
        "Ultra Rare"
      ],
      "count": {
        "Ultra Rare": 1
      }
    },
    {
      "card_name": "Shark Fortress",
      "set_number": "MP14-EN026",
      "rarities": [
        "Common"
      ],
      "count": {
        "Common": 1
      }
    },
    {
      "card_name": "Battlin' Boxer Lead Yoke",
      "set_number": "MP14-EN027",
      "rarities": [
        "Rare"
      ],
      "count": {
        "Rare": 1
      }
    },
    {
      "card_name": "Number 105: Battlin' Boxer Star Cestus",
      "set_number": "MP14-EN028",
      "rarities": [
        "Super Rare"
      ],
      "count": {
        "Super Rare": 1
      }
    },
    {
      "card_name": "Number C105: Battlin' Boxer Comet Cestus",
      "set_number": "MP14-EN029",
      "rarities": [
        "Ultra Rare"
      ],
      "count": {
        "Ultra Rare": 1
      }
    },
    {
      "card_name": "Mecha Phantom Beast Dracossack",
      "set_number": "MP14-EN030",
      "rarities": [
        "Secret Rare"
      ],
      "count": {
        "Secret Rare": 1
      }
    },
    {
      "card_name": "Brotherhood of the Fire Fist - Cardinal",
      "set_number": "MP14-EN031",
      "rarities": [
        "Secret Rare"
      ],
      "count": {
        "Secret Rare": 1
      }
    },
    {
      "card_name": "Harpie's Pet Phantasmal Dragon",
      "set_number": "MP14-EN032",
      "rarities": [
        "Rare"
      ],
      "count": {
        "Rare": 1
      }
    },
    {
      "card_name": "King of the Feral Imps",
      "set_number": "MP14-EN033",
      "rarities": [
        "Common"
      ],
      "count": {
        "Common": 1
      }
    },
    {
      "card_name": "Gagagawind",
      "set_number": "MP14-EN034",
      "rarities": [
        "Common"
      ],
      "count": {
        "Common": 1
      }
    },
    {
      "card_name": "Magnum Shield",
      "set_number": "MP14-EN035",
      "rarities": [
        "Common"
      ],
      "count": {
        "Common": 1
      }
    },
    {
      "card_name": "Rank-Up-Magic Barian's Force",
      "set_number": "MP14-EN036",
      "rarities": [
        "Ultra Rare"
      ],
      "count": {
        "Ultra Rare": 1
      }
    },
    {
      "card_name": "Scramble!! Scramble!!",
      "set_number": "MP14-EN037",
      "rarities": [
        "Ultra Rare"
      ],
      "count": {
        "Ultra Rare": 1
      }
    },
    {
      "card_name": "Fire Formation - Gyokkou",
      "set_number": "MP14-EN038",
      "rarities": [
        "Super Rare"
      ],
      "count": {
        "Super Rare": 1
      }
    },
    {
      "card_name": "Spellbook of Judgment",
      "set_number": "MP14-EN039",
      "rarities": [
        "Secret Rare"
      ],
      "count": {
        "Secret Rare": 1
      }
    },
    {
      "card_name": "Abyss-scale of the Mizuchi",
      "set_number": "MP14-EN040",
      "rarities": [
        "Common"
      ],
      "count": {
        "Common": 1
      }
    },
    {
      "card_name": "Hysteric Sign",
      "set_number": "MP14-EN041",
      "rarities": [
        "Super Rare"
      ],
      "count": {
        "Super Rare": 1
      }
    },
    {
      "card_name": "Sacred Sword of Seven Stars",
      "set_number": "MP14-EN042",
      "rarities": [
        "Super Rare"
      ],
      "count": {
        "Super Rare": 1
      }
    },
    {
      "card_name": "Summon Breaker",
      "set_number": "MP14-EN043",
      "rarities": [
        "Common"
      ],
      "count": {
        "Common": 1
      }
    },
    {
      "card_name": "Pinpoint Guard",
      "set_number": "MP14-EN044",
      "rarities": [
        "Secret Rare"
      ],
      "count": {
        "Secret Rare": 1
      }
    },
    {
      "card_name": "Memory Loss",
      "set_number": "MP14-EN045",
      "rarities": [
        "Common"
      ],
      "count": {
        "Common": 1
      }
    },
    {
      "card_name": "Torrential Reborn",
      "set_number": "MP14-EN046",
      "rarities": [
        "Secret Rare"
      ],
      "count": {
        "Secret Rare": 1
      }
    },
    {
      "card_name": "Xyz Block",
      "set_number": "MP14-EN047",
      "rarities": [
        "Common"
      ],
      "count": {
        "Common": 1
      }
    },
    {
      "card_name": "Aerial Recharge",
      "set_number": "MP14-EN048",
      "rarities": [
        "Common"
      ],
      "count": {
        "Common": 1
      }
    },
    {
      "card_name": "Do a Barrel Roll",
      "set_number": "MP14-EN049",
      "rarities": [
        "Rare"
      ],
      "count": {
        "Rare": 1
      }
    },
    {
      "card_name": "Fire Formation - Kaiyo",
      "set_number": "MP14-EN050",
      "rarities": [
        "Common"
      ],
      "count": {
        "Common": 1
      }
    },
    {
      "card_name": "Madolche Nights",
      "set_number": "MP14-EN051",
      "rarities": [
        "Super Rare"
      ],
      "count": {
        "Super Rare": 1
      }
    },
    {
      "card_name": "Geargiagear",
      "set_number": "MP14-EN052",
      "rarities": [
        "Super Rare"
      ],
      "count": {
        "Super Rare": 1
      }
    },
    {
      "card_name": "Mind Drain",
      "set_number": "MP14-EN053",
      "rarities": [
        "Common"
      ],
      "count": {
        "Common": 1
      }
    },
    {
      "card_name": "Brotherhood of the Fire Fist - Coyote",
      "set_number": "MP14-EN054",
      "rarities": [
        "Secret Rare"
      ],
      "count": {
        "Secret Rare": 1
      }
    },
    {
      "card_name": "Mermail Abyssbalaen",
      "set_number": "MP14-EN055",
      "rarities": [
        "Ultra Rare"
      ],
      "count": {
        "Ultra Rare": 1
      }
    },
    {
      "card_name": "Totem Bird",
      "set_number": "MP14-EN056",
      "rarities": [
        "Secret Rare"
      ],
      "count": {
        "Secret Rare": 1
      }
    },
    {
      "card_name": "Spellbook of Miracles",
      "set_number": "MP14-EN057",
      "rarities": [
        "Common"
      ],
      "count": {
        "Common": 1
      }
    },
    {
      "card_name": "Five Brothers Explosion",
      "set_number": "MP14-EN058",
      "rarities": [
        "Common"
      ],
      "count": {
        "Common": 1
      }
    },
    {
      "card_name": "Constellar Omega",
      "set_number": "MP14-EN059",
      "rarities": [
        "Ultra Rare"
      ],
      "count": {
        "Ultra Rare": 1
      }
    },
    {
      "card_name": "Constellar Sombre",
      "set_number": "MP14-EN060",
      "rarities": [
        "Super Rare"
      ],
      "count": {
        "Super Rare": 1
      }
    },
    {
      "card_name": "Evilswarm Kerykeion",
      "set_number": "MP14-EN061",
      "rarities": [
        "Super Rare"
      ],
      "count": {
        "Super Rare": 1
      }
    },
    {
      "card_name": "Interceptomato",
      "set_number": "MP14-EN062",
      "rarities": [
        "Common"
      ],
      "count": {
        "Common": 1
      }
    },
    {
      "card_name": "Super Defense Robot Lio",
      "set_number": "MP14-EN063",
      "rarities": [
        "Common"
      ],
      "count": {
        "Common": 1
      }
    },
    {
      "card_name": "Super Defense Robot Elephan",
      "set_number": "MP14-EN064",
      "rarities": [
        "Common"
      ],
      "count": {
        "Common": 1
      }
    },
    {
      "card_name": "Super Defense Robot Monki",
      "set_number": "MP14-EN065",
      "rarities": [
        "Common"
      ],
      "count": {
        "Common": 1
      }
    },
    {
      "card_name": "Umbral Horror Ghoul",
      "set_number": "MP14-EN066",
      "rarities": [
        "Common"
      ],
      "count": {
        "Common": 1
      }
    },
    {
      "card_name": "Umbral Horror Unform",
      "set_number": "MP14-EN067",
      "rarities": [
        "Common"
      ],
      "count": {
        "Common": 1
      }
    },
    {
      "card_name": "Umbral Horror Will o' the Wisp",
      "set_number": "MP14-EN068",
      "rarities": [
        "Common"
      ],
      "count": {
        "Common": 1
      }
    },
    {
      "card_name": "Bujin Yamato",
      "set_number": "MP14-EN069",
      "rarities": [
        "Ultra Rare"
      ],
      "count": {
        "Ultra Rare": 1
      }
    },
    {
      "card_name": "Bujingi Quilin",
      "set_number": "MP14-EN070",
      "rarities": [
        "Super Rare"
      ],
      "count": {
        "Super Rare": 1
      }
    },
    {
      "card_name": "Bujingi Turtle",
      "set_number": "MP14-EN071",
      "rarities": [
        "Common"
      ],
      "count": {
        "Common": 1
      }
    },
    {
      "card_name": "Bujingi Wolf",
      "set_number": "MP14-EN072",
      "rarities": [
        "Common"
      ],
      "count": {
        "Common": 1
      }
    },
    {
      "card_name": "Bujingi Crane",
      "set_number": "MP14-EN073",
      "rarities": [
        "Rare"
      ],
      "count": {
        "Rare": 1
      }
    },
    {
      "card_name": "Bujingi Ophidian",
      "set_number": "MP14-EN074",
      "rarities": [
        "Common"
      ],
      "count": {
        "Common": 1
      }
    },
    {
      "card_name": "Mecha Phantom Beast Warbluran",
      "set_number": "MP14-EN075",
      "rarities": [
        "Rare"
      ],
      "count": {
        "Rare": 1
      }
    },
    {
      "card_name": "Mecha Phantom Beast Blue Impala",
      "set_number": "MP14-EN076",
      "rarities": [
        "Ultra Rare"
      ],
      "count": {
        "Ultra Rare": 1
      }
    },
    {
      "card_name": "Mecha Phantom Beast Coltwing",
      "set_number": "MP14-EN077",
      "rarities": [
        "Common"
      ],
      "count": {
        "Common": 1
      }
    },
    {
      "card_name": "Mecha Phantom Beast Harrliard",
      "set_number": "MP14-EN078",
      "rarities": [
        "Common"
      ],
      "count": {
        "Common": 1
      }
    },
    {
      "card_name": "Brotherhood of the Fire Fist - Boar",
      "set_number": "MP14-EN079",
      "rarities": [
        "Rare"
      ],
      "count": {
        "Rare": 1
      }
    },
    {
      "card_name": "Brotherhood of the Fire Fist - Caribou",
      "set_number": "MP14-EN080",
      "rarities": [
        "Common"
      ],
      "count": {
        "Common": 1
      }
    },
    {
      "card_name": "World of Prophecy",
      "set_number": "MP14-EN081",
      "rarities": [
        "Secret Rare"
      ],
      "count": {
        "Secret Rare": 1
      }
    },
    {
      "card_name": "Archfiend Heiress",
      "set_number": "MP14-EN082",
      "rarities": [
        "Rare"
      ],
      "count": {
        "Rare": 1
      }
    },
    {
      "card_name": "Archfiend Cavalry",
      "set_number": "MP14-EN083",
      "rarities": [
        "Rare"
      ],
      "count": {
        "Rare": 1
      }
    },
    {
      "card_name": "Archfiend Emperor, the First Lord of Horror",
      "set_number": "MP14-EN084",
      "rarities": [
        "Rare"
      ],
      "count": {
        "Rare": 1
      }
    },
    {
      "card_name": "Traptrix Atrax",
      "set_number": "MP14-EN085",
      "rarities": [
        "Rare"
      ],
      "count": {
        "Rare": 1
      }
    },
    {
      "card_name": "Traptrix Myrmeleo",
      "set_number": "MP14-EN086",
      "rarities": [
        "Rare"
      ],
      "count": {
        "Rare": 1
      }
    },
    {
      "card_name": "Traptrix Nepenthes",
      "set_number": "MP14-EN087",
      "rarities": [
        "Common"
      ],
      "count": {
        "Common": 1
      }
    },
    {
      "card_name": "The Calibrator",
      "set_number": "MP14-EN088",
      "rarities": [
        "Common"
      ],
      "count": {
        "Common": 1
      }
    },
    {
      "card_name": "Talaya, Princess of Cherry Blossoms",
      "set_number": "MP14-EN089",
      "rarities": [
        "Super Rare"
      ],
      "count": {
        "Super Rare": 1
      }
    },
    {
      "card_name": "Cheepcheepcheep",
      "set_number": "MP14-EN090",
      "rarities": [
        "Common"
      ],
      "count": {
        "Common": 1
      }
    },
    {
      "card_name": "Masked Chameleon",
      "set_number": "MP14-EN091",
      "rarities": [
        "Ultra Rare"
      ],
      "count": {
        "Ultra Rare": 1
      }
    },
    {
      "card_name": "Flying \"C\"",
      "set_number": "MP14-EN092",
      "rarities": [
        "Common"
      ],
      "count": {
        "Common": 1
      }
    },
    {
      "card_name": "Mecha Phantom Beast Concoruda",
      "set_number": "MP14-EN093",
      "rarities": [
        "Super Rare"
      ],
      "count": {
        "Super Rare": 1
      }
    },
    {
      "card_name": "Brotherhood of the Fire Fist - Kirin",
      "set_number": "MP14-EN094",
      "rarities": [
        "Rare"
      ],
      "count": {
        "Rare": 1
      }
    },
    {
      "card_name": "Armades, Keeper of Boundaries",
      "set_number": "MP14-EN095",
      "rarities": [
        "Secret Rare"
      ],
      "count": {
        "Secret Rare": 1
      }
    },
    {
      "card_name": "Star Eater",
      "set_number": "MP14-EN096",
      "rarities": [
        "Secret Rare"
      ],
      "count": {
        "Secret Rare": 1
      }
    },
    {
      "card_name": "Starliege Lord Galaxion",
      "set_number": "MP14-EN097",
      "rarities": [
        "Super Rare"
      ],
      "count": {
        "Super Rare": 1
      }
    },
    {
      "card_name": "Googly-Eyes Drum Dragon",
      "set_number": "MP14-EN098",
      "rarities": [
        "Common"
      ],
      "count": {
        "Common": 1
      }
    },
    {
      "card_name": "Number 66: Master Key Beetle",
      "set_number": "MP14-EN099",
      "rarities": [
        "Super Rare"
      ],
      "count": {
        "Super Rare": 1
      }
    },
    {
      "card_name": "Bujintei Susanowo",
      "set_number": "MP14-EN100",
      "rarities": [
        "Ultra Rare"
      ],
      "count": {
        "Ultra Rare": 1
      }
    },
    {
      "card_name": "Rank-Up-Magic Numeron Force",
      "set_number": "MP14-EN101",
      "rarities": [
        "Ultra Rare"
      ],
      "count": {
        "Ultra Rare": 1
      }
    },
    {
      "card_name": "Bujincarnation",
      "set_number": "MP14-EN102",
      "rarities": [
        "Rare"
      ],
      "count": {
        "Rare": 1
      }
    },
    {
      "card_name": "Vertical Landing",
      "set_number": "MP14-EN103",
      "rarities": [
        "Common"
      ],
      "count": {
        "Common": 1
      }
    },
    {
      "card_name": "Fire Formation - Yoko",
      "set_number": "MP14-EN104",
      "rarities": [
        "Super Rare"
      ],
      "count": {
        "Super Rare": 1
      }
    },
    {
      "card_name": "Archfiend Palabyrinth",
      "set_number": "MP14-EN105",
      "rarities": [
        "Rare"
      ],
      "count": {
        "Rare": 1
      }
    },
    {
      "card_name": "Transmodify",
      "set_number": "MP14-EN106",
      "rarities": [
        "Secret Rare"
      ],
      "count": {
        "Secret Rare": 1
      }
    },
    {
      "card_name": "Bujin Regalia - The Sword",
      "set_number": "MP14-EN107",
      "rarities": [
        "Common"
      ],
      "count": {
        "Common": 1
      }
    },
    {
      "card_name": "Bujinfidel",
      "set_number": "MP14-EN108",
      "rarities": [
        "Common"
      ],
      "count": {
        "Common": 1
      }
    },
    {
      "card_name": "Sonic Boom",
      "set_number": "MP14-EN109",
      "rarities": [
        "Common"
      ],
      "count": {
        "Common": 1
      }
    },
    {
      "card_name": "Traptrix Trap Hole Nightmare",
      "set_number": "MP14-EN110",
      "rarities": [
        "Super Rare"
      ],
      "count": {
        "Super Rare": 1
      }
    },
    {
      "card_name": "Shapesister",
      "set_number": "MP14-EN111",
      "rarities": [
        "Ultra Rare"
      ],
      "count": {
        "Ultra Rare": 1
      }
    },
    {
      "card_name": "Armageddon Designator",
      "set_number": "MP14-EN112",
      "rarities": [
        "Common"
      ],
      "count": {
        "Common": 1
      }
    },
    {
      "card_name": "Bujingi Warg",
      "set_number": "MP14-EN113",
      "rarities": [
        "Common"
      ],
      "count": {
        "Common": 1
      }
    },
    {
      "card_name": "Mecha Phantom Beast Aerosguin",
      "set_number": "MP14-EN114",
      "rarities": [
        "Ultra Rare"
      ],
      "count": {
        "Ultra Rare": 1
      }
    },
    {
      "card_name": "Cockadoodledoo",
      "set_number": "MP14-EN115",
      "rarities": [
        "Ultra Rare"
      ],
      "count": {
        "Ultra Rare": 1
      }
    },
    {
      "card_name": "Angel of Zera",
      "set_number": "MP14-EN116",
      "rarities": [
        "Secret Rare"
      ],
      "count": {
        "Secret Rare": 1
      }
    },
    {
      "card_name": "Xyz Encore",
      "set_number": "MP14-EN117",
      "rarities": [
        "Ultra Rare"
      ],
      "count": {
        "Ultra Rare": 1
      }
    },
    {
      "card_name": "Coach Captain Bearman",
      "set_number": "MP14-EN118",
      "rarities": [
        "Ultra Rare"
      ],
      "count": {
        "Ultra Rare": 1
      }
    },
    {
      "card_name": "Coach Soldier Wolfbark",
      "set_number": "MP14-EN119",
      "rarities": [
        "Secret Rare"
      ],
      "count": {
        "Secret Rare": 1
      }
    },
    {
      "card_name": "Brotherhood of the Fire Fist - Rooster",
      "set_number": "MP14-EN120",
      "rarities": [
        "Secret Rare"
      ],
      "count": {
        "Secret Rare": 1
      }
    },
    {
      "card_name": "Fire King Avatar Yaksha",
      "set_number": "MP14-EN121",
      "rarities": [
        "Super Rare"
      ],
      "count": {
        "Super Rare": 1
      }
    },
    {
      "card_name": "Fishborg Archer",
      "set_number": "MP14-EN122",
      "rarities": [
        "Common"
      ],
      "count": {
        "Common": 1
      }
    },
    {
      "card_name": "Fencing Fire Ferret",
      "set_number": "MP14-EN123",
      "rarities": [
        "Common"
      ],
      "count": {
        "Common": 1
      }
    },
    {
      "card_name": "Kujakujaku",
      "set_number": "MP14-EN124",
      "rarities": [
        "Common"
      ],
      "count": {
        "Common": 1
      }
    },
    {
      "card_name": "Madolche Chickolates",
      "set_number": "MP14-EN125",
      "rarities": [
        "Common"
      ],
      "count": {
        "Common": 1
      }
    },
    {
      "card_name": "Ghostrick Ghoul",
      "set_number": "MP14-EN126",
      "rarities": [
        "Super Rare"
      ],
      "count": {
        "Super Rare": 1
      }
    },
    {
      "card_name": "Malicevorous Spoon",
      "set_number": "MP14-EN127",
      "rarities": [
        "Common"
      ],
      "count": {
        "Common": 1
      }
    },
    {
      "card_name": "Malicevorous Fork",
      "set_number": "MP14-EN128",
      "rarities": [
        "Common"
      ],
      "count": {
        "Common": 1
      }
    },
    {
      "card_name": "Malicevorous Knife",
      "set_number": "MP14-EN129",
      "rarities": [
        "Common"
      ],
      "count": {
        "Common": 1
      }
    },
    {
      "card_name": "Battlin' Boxer Rib Gardna",
      "set_number": "MP14-EN130",
      "rarities": [
        "Common"
      ],
      "count": {
        "Common": 1
      }
    },
    {
      "card_name": "Battlin' Boxer Rabbit Puncher",
      "set_number": "MP14-EN131",
      "rarities": [
        "Common"
      ],
      "count": {
        "Common": 1
      }
    },
    {
      "card_name": "Secret Sect Druid Wid",
      "set_number": "MP14-EN132",
      "rarities": [
        "Common"
      ],
      "count": {
        "Common": 1
      }
    },
    {
      "card_name": "Secret Sect Druid Dru",
      "set_number": "MP14-EN133",
      "rarities": [
        "Common"
      ],
      "count": {
        "Common": 1
      }
    },
    {
      "card_name": "Mythic Tree Dragon",
      "set_number": "MP14-EN134",
      "rarities": [
        "Common"
      ],
      "count": {
        "Common": 1
      }
    },
    {
      "card_name": "Mythic Water Dragon",
      "set_number": "MP14-EN135",
      "rarities": [
        "Common"
      ],
      "count": {
        "Common": 1
      }
    },
    {
      "card_name": "Baby Raccoon Ponpoko",
      "set_number": "MP14-EN136",
      "rarities": [
        "Common"
      ],
      "count": {
        "Common": 1
      }
    },
    {
      "card_name": "Baby Raccoon Tantan",
      "set_number": "MP14-EN137",
      "rarities": [
        "Common"
      ],
      "count": {
        "Common": 1
      }
    },
    {
      "card_name": "Ghostrick Lantern",
      "set_number": "MP14-EN138",
      "rarities": [
        "Super Rare"
      ],
      "count": {
        "Super Rare": 1
      }
    },
    {
      "card_name": "Ghostrick Specter",
      "set_number": "MP14-EN139",
      "rarities": [
        "Common"
      ],
      "count": {
        "Common": 1
      }
    },
    {
      "card_name": "Ghostrick Witch",
      "set_number": "MP14-EN140",
      "rarities": [
        "Common"
      ],
      "count": {
        "Common": 1
      }
    },
    {
      "card_name": "Ghostrick Yuki-onna",
      "set_number": "MP14-EN141",
      "rarities": [
        "Common"
      ],
      "count": {
        "Common": 1
      }
    },
    {
      "card_name": "Ghostrick Jiangshi",
      "set_number": "MP14-EN142",
      "rarities": [
        "Common"
      ],
      "count": {
        "Common": 1
      }
    },
    {
      "card_name": "Ghostrick Stein",
      "set_number": "MP14-EN143",
      "rarities": [
        "Common"
      ],
      "count": {
        "Common": 1
      }
    },
    {
      "card_name": "Bujin Mikazuchi",
      "set_number": "MP14-EN144",
      "rarities": [
        "Ultra Rare"
      ],
      "count": {
        "Ultra Rare": 1
      }
    },
    {
      "card_name": "Bujingi Crow",
      "set_number": "MP14-EN145",
      "rarities": [
        "Rare"
      ],
      "count": {
        "Rare": 1
      }
    },
    {
      "card_name": "Bujingi Ibis",
      "set_number": "MP14-EN146",
      "rarities": [
        "Common"
      ],
      "count": {
        "Common": 1
      }
    },
    {
      "card_name": "Bujingi Boar",
      "set_number": "MP14-EN147",
      "rarities": [
        "Common"
      ],
      "count": {
        "Common": 1
      }
    },
    {
      "card_name": "Bujingi Centipede",
      "set_number": "MP14-EN148",
      "rarities": [
        "Common"
      ],
      "count": {
        "Common": 1
      }
    },
    {
      "card_name": "Mecha Phantom Beast Sabre Hawk",
      "set_number": "MP14-EN149",
      "rarities": [
        "Common"
      ],
      "count": {
        "Common": 1
      }
    },
    {
      "card_name": "Mecha Phantom Beast Kalgriffin",
      "set_number": "MP14-EN150",
      "rarities": [
        "Rare"
      ],
      "count": {
        "Rare": 1
      }
    },
    {
      "card_name": "Vampire Sorcerer",
      "set_number": "MP14-EN151",
      "rarities": [
        "Ultra Rare"
      ],
      "count": {
        "Ultra Rare": 1
      }
    },
    {
      "card_name": "Shadow Vampire",
      "set_number": "MP14-EN152",
      "rarities": [
        "Secret Rare"
      ],
      "count": {
        "Secret Rare": 1
      }
    },
    {
      "card_name": "Vampire Grace",
      "set_number": "MP14-EN153",
      "rarities": [
        "Common"
      ],
      "count": {
        "Common": 1
      }
    },
    {
      "card_name": "Pumprincess the Princess of Ghosts",
      "set_number": "MP14-EN154",
      "rarities": [
        "Common"
      ],
      "count": {
        "Common": 1
      }
    },
    {
      "card_name": "Vampire Hunter",
      "set_number": "MP14-EN155",
      "rarities": [
        "Super Rare"
      ],
      "count": {
        "Super Rare": 1
      }
    },
    {
      "card_name": "Genomix Fighter",
      "set_number": "MP14-EN156",
      "rarities": [
        "Ultra Rare"
      ],
      "count": {
        "Ultra Rare": 1
      }
    },
    {
      "card_name": "MariÃ±a, Princess of Sunflowers",
      "set_number": "MP14-EN157",
      "rarities": [
        "Super Rare"
      ],
      "count": {
        "Super Rare": 1
      }
    },
    {
      "card_name": "Granmarg the Mega Monarch",
      "set_number": "MP14-EN158",
      "rarities": [
        "Secret Rare"
      ],
      "count": {
        "Secret Rare": 1
      }
    },
    {
      "card_name": "Risebell the Star Psycher",
      "set_number": "MP14-EN159",
      "rarities": [
        "Common"
      ],
      "count": {
        "Common": 1
      }
    },
    {
      "card_name": "Battlin' Boxer Cheat Commissioner",
      "set_number": "MP14-EN160",
      "rarities": [
        "Rare"
      ],
      "count": {
        "Rare": 1
      }
    },
    {
      "card_name": "Number 64: Ronin Raccoon Sandayu",
      "set_number": "MP14-EN161",
      "rarities": [
        "Rare"
      ],
      "count": {
        "Rare": 1
      }
    },
    {
      "card_name": "Ghostrick Alucard",
      "set_number": "MP14-EN162",
      "rarities": [
        "Ultra Rare"
      ],
      "count": {
        "Ultra Rare": 1
      }
    },
    {
      "card_name": "Bujintei Kagutsuchi",
      "set_number": "MP14-EN163",
      "rarities": [
        "Ultra Rare"
      ],
      "count": {
        "Ultra Rare": 1
      }
    },
    {
      "card_name": "Crimson Knight Vampire Bram",
      "set_number": "MP14-EN164",
      "rarities": [
        "Ultra Rare"
      ],
      "count": {
        "Ultra Rare": 1
      }
    },
    {
      "card_name": "Meliae of the Trees",
      "set_number": "MP14-EN165",
      "rarities": [
        "Secret Rare"
      ],
      "count": {
        "Secret Rare": 1
      }
    },
    {
      "card_name": "Divine Dragon Knight Felgrand",
      "set_number": "MP14-EN166",
      "rarities": [
        "Secret Rare"
      ],
      "count": {
        "Secret Rare": 1
      }
    },
    {
      "card_name": "Gagagatag",
      "set_number": "MP14-EN167",
      "rarities": [
        "Common"
      ],
      "count": {
        "Common": 1
      }
    },
    {
      "card_name": "Battlin' Boxing Spirits",
      "set_number": "MP14-EN168",
      "rarities": [
        "Super Rare"
      ],
      "count": {
        "Super Rare": 1
      }
    },
    {
      "card_name": "Ghostrick Mansion",
      "set_number": "MP14-EN169",
      "rarities": [
        "Common"
      ],
      "count": {
        "Common": 1
      }
    },
    {
      "card_name": "Bujin Regalia - The Mirror",
      "set_number": "MP14-EN170",
      "rarities": [
        "Rare"
      ],
      "count": {
        "Rare": 1
      }
    },
    {
      "card_name": "Vampire Kingdom",
      "set_number": "MP14-EN171",
      "rarities": [
        "Common"
      ],
      "count": {
        "Common": 1
      }
    },
    {
      "card_name": "Pot of Dichotomy",
      "set_number": "MP14-EN172",
      "rarities": [
        "Secret Rare"
      ],
      "count": {
        "Secret Rare": 1
      }
    },
    {
      "card_name": "Return of the Monarchs",
      "set_number": "MP14-EN173",
      "rarities": [
        "Ultra Rare"
      ],
      "count": {
        "Ultra Rare": 1
      }
    },
    {
      "card_name": "Ghostrick Vanish",
      "set_number": "MP14-EN174",
      "rarities": [
        "Common"
      ],
      "count": {
        "Common": 1
      }
    },
    {
      "card_name": "Ghostrick Scare",
      "set_number": "MP14-EN175",
      "rarities": [
        "Common"
      ],
      "count": {
        "Common": 1
      }
    },
    {
      "card_name": "Vampire Takeover",
      "set_number": "MP14-EN176",
      "rarities": [
        "Super Rare"
      ],
      "count": {
        "Super Rare": 1
      }
    },
    {
      "card_name": "Mistake",
      "set_number": "MP14-EN177",
      "rarities": [
        "Secret Rare"
      ],
      "count": {
        "Secret Rare": 1
      }
    },
    {
      "card_name": "Survival of the Fittest",
      "set_number": "MP14-EN178",
      "rarities": [
        "Common"
      ],
      "count": {
        "Common": 1
      }
    },
    {
      "card_name": "Bujingi Raven",
      "set_number": "MP14-EN179",
      "rarities": [
        "Rare"
      ],
      "count": {
        "Rare": 1
      }
    },
    {
      "card_name": "Vampire Duke",
      "set_number": "MP14-EN180",
      "rarities": [
        "Rare"
      ],
      "count": {
        "Rare": 1
      }
    },
    {
      "card_name": "Archfiend Giant",
      "set_number": "MP14-EN181",
      "rarities": [
        "Rare"
      ],
      "count": {
        "Rare": 1
      }
    },
    {
      "card_name": "Sinister Yorishiro",
      "set_number": "MP14-EN182",
      "rarities": [
        "Ultra Rare"
      ],
      "count": {
        "Ultra Rare": 1
      }
    },
    {
      "card_name": "Celestial Wolf Lord, Blue Sirius",
      "set_number": "MP14-EN183",
      "rarities": [
        "Ultra Rare"
      ],
      "count": {
        "Ultra Rare": 1
      }
    },
    {
      "card_name": "White Dragon Wyverburster",
      "set_number": "MP14-EN184",
      "rarities": [
        "Common"
      ],
      "count": {
        "Common": 1
      }
    },
    {
      "card_name": "Black Dragon Collapserpent",
      "set_number": "MP14-EN185",
      "rarities": [
        "Common"
      ],
      "count": {
        "Common": 1
      }
    },
    {
      "card_name": "Sylvan Bladefender",
      "set_number": "MP14-EN186",
      "rarities": [
        "Super Rare"
      ],
      "count": {
        "Super Rare": 1
      }
    },
    {
      "card_name": "Gillagillancer",
      "set_number": "MP14-EN187",
      "rarities": [
        "Common"
      ],
      "count": {
        "Common": 1
      }
    },
    {
      "card_name": "Rainbow Kuriboh",
      "set_number": "MP14-EN188",
      "rarities": [
        "Secret Rare"
      ],
      "count": {
        "Secret Rare": 1
      }
    },
    {
      "card_name": "Photon Chargeman",
      "set_number": "MP14-EN189",
      "rarities": [
        "Common"
      ],
      "count": {
        "Common": 1
      }
    },
    {
      "card_name": "Chronomaly Moai Carrier",
      "set_number": "MP14-EN190",
      "rarities": [
        "Common"
      ],
      "count": {
        "Common": 1
      }
    },
    {
      "card_name": "Chronomaly Winged Sphinx",
      "set_number": "MP14-EN191",
      "rarities": [
        "Common"
      ],
      "count": {
        "Common": 1
      }
    },
    {
      "card_name": "Gorgonic Golem",
      "set_number": "MP14-EN192",
      "rarities": [
        "Common"
      ],
      "count": {
        "Common": 1
      }
    },
    {
      "card_name": "Gorgonic Gargoyle",
      "set_number": "MP14-EN193",
      "rarities": [
        "Common"
      ],
      "count": {
        "Common": 1
      }
    },
    {
      "card_name": "Gorgonic Ghoul",
      "set_number": "MP14-EN194",
      "rarities": [
        "Common"
      ],
      "count": {
        "Common": 1
      }
    },
    {
      "card_name": "Gorgonic Cerberus",
      "set_number": "MP14-EN195",
      "rarities": [
        "Common"
      ],
      "count": {
        "Common": 1
      }
    },
    {
      "card_name": "Sylvan Peaskeeper",
      "set_number": "MP14-EN196",
      "rarities": [
        "Rare"
      ],
      "count": {
        "Rare": 1
      }
    },
    {
      "card_name": "Sylvan Komushroomo",
      "set_number": "MP14-EN197",
      "rarities": [
        "Rare"
      ],
      "count": {
        "Rare": 1
      }
    },
    {
      "card_name": "Sylvan Marshalleaf",
      "set_number": "MP14-EN198",
      "rarities": [
        "Ultra Rare"
      ],
      "count": {
        "Ultra Rare": 1
      }
    },
    {
      "card_name": "Sylvan Flowerknight",
      "set_number": "MP14-EN199",
      "rarities": [
        "Super Rare"
      ],
      "count": {
        "Super Rare": 1
      }
    },
    {
      "card_name": "Sylvan Guardioak",
      "set_number": "MP14-EN200",
      "rarities": [
        "Common"
      ],
      "count": {
        "Common": 1
      }
    },
    {
      "card_name": "Sylvan Hermitree",
      "set_number": "MP14-EN201",
      "rarities": [
        "Ultra Rare"
      ],
      "count": {
        "Ultra Rare": 1
      }
    },
    {
      "card_name": "Ghostrick Jackfrost",
      "set_number": "MP14-EN202",
      "rarities": [
        "Common"
      ],
      "count": {
        "Common": 1
      }
    },
    {
      "card_name": "Ghostrick Mary",
      "set_number": "MP14-EN203",
      "rarities": [
        "Super Rare"
      ],
      "count": {
        "Super Rare": 1
      }
    },
    {
      "card_name": "Ghostrick Nekomusume",
      "set_number": "MP14-EN204",
      "rarities": [
        "Common"
      ],
      "count": {
        "Common": 1
      }
    },
    {
      "card_name": "Ghostrick Skeleton",
      "set_number": "MP14-EN205",
      "rarities": [
        "Common"
      ],
      "count": {
        "Common": 1
      }
    },
    {
      "card_name": "Ghostrick Mummy",
      "set_number": "MP14-EN206",
      "rarities": [
        "Common"
      ],
      "count": {
        "Common": 1
      }
    },
    {
      "card_name": "Bujin Arasuda",
      "set_number": "MP14-EN207",
      "rarities": [
        "Ultra Rare"
      ],
      "count": {
        "Ultra Rare": 1
      }
    },
    {
      "card_name": "Bujingi Peacock",
      "set_number": "MP14-EN208",
      "rarities": [
        "Rare"
      ],
      "count": {
        "Rare": 1
      }
    },
    {
      "card_name": "Bujingi Swallow",
      "set_number": "MP14-EN209",
      "rarities": [
        "Common"
      ],
      "count": {
        "Common": 1
      }
    },
    {
      "card_name": "Bujingi Fox",
      "set_number": "MP14-EN210",
      "rarities": [
        "Rare"
      ],
      "count": {
        "Rare": 1
      }
    },
    {
      "card_name": "Bujingi Hare",
      "set_number": "MP14-EN211",
      "rarities": [
        "Super Rare"
      ],
      "count": {
        "Super Rare": 1
      }
    },
    {
      "card_name": "Gravekeeper's Nobleman",
      "set_number": "MP14-EN212",
      "rarities": [
        "Ultra Rare"
      ],
      "count": {
        "Ultra Rare": 1
      }
    },
    {
      "card_name": "Gravekeeper's Ambusher",
      "set_number": "MP14-EN213",
      "rarities": [
        "Common"
      ],
      "count": {
        "Common": 1
      }
    },
    {
      "card_name": "Gravekeeper's Shaman",
      "set_number": "MP14-EN214",
      "rarities": [
        "Super Rare"
      ],
      "count": {
        "Super Rare": 1
      }
    },
    {
      "card_name": "Gravekeeper's Oracle",
      "set_number": "MP14-EN215",
      "rarities": [
        "Ultra Rare"
      ],
      "count": {
        "Ultra Rare": 1
      }
    },
    {
      "card_name": "ChirubimÃ©, Princess of Autumn Leaves",
      "set_number": "MP14-EN216",
      "rarities": [
        "Super Rare"
      ],
      "count": {
        "Super Rare": 1
      }
    },
    {
      "card_name": "Mobius the Mega Monarch",
      "set_number": "MP14-EN217",
      "rarities": [
        "Secret Rare"
      ],
      "count": {
        "Secret Rare": 1
      }
    },
    {
      "card_name": "Number C101: Silent Honor DARK",
      "set_number": "MP14-EN218",
      "rarities": [
        "Ultra Rare"
      ],
      "count": {
        "Ultra Rare": 1
      }
    },
    {
      "card_name": "Number 101: Silent Honor ARK",
      "set_number": "MP14-EN219",
      "rarities": [
        "Ultra Rare"
      ],
      "count": {
        "Ultra Rare": 1
      }
    },
    {
      "card_name": "Gorgonic Guardian",
      "set_number": "MP14-EN220",
      "rarities": [
        "Common"
      ],
      "count": {
        "Common": 1
      }
    },
    {
      "card_name": "Alsei, the Sylvan High Protector",
      "set_number": "MP14-EN221",
      "rarities": [
        "Ultra Rare"
      ],
      "count": {
        "Ultra Rare": 1
      }
    },
    {
      "card_name": "Ghostrick Dullahan",
      "set_number": "MP14-EN222",
      "rarities": [
        "Rare"
      ],
      "count": {
        "Rare": 1
      }
    },
    {
      "card_name": "Bujintei Tsukuyomi",
      "set_number": "MP14-EN223",
      "rarities": [
        "Ultra Rare"
      ],
      "count": {
        "Ultra Rare": 1
      }
    },
    {
      "card_name": "Evilswarm Exciton Knight",
      "set_number": "MP14-EN224",
      "rarities": [
        "Secret Rare"
      ],
      "count": {
        "Secret Rare": 1
      }
    },
    {
      "card_name": "Downerd Magician",
      "set_number": "MP14-EN225",
      "rarities": [
        "Secret Rare"
      ],
      "count": {
        "Secret Rare": 1
      }
    },
    {
      "card_name": "Rank-Up-Magic Astral Force",
      "set_number": "MP14-EN226",
      "rarities": [
        "Ultra Rare"
      ],
      "count": {
        "Ultra Rare": 1
      }
    },
    {
      "card_name": "Mount Sylvania",
      "set_number": "MP14-EN227",
      "rarities": [
        "Super Rare"
      ],
      "count": {
        "Super Rare": 1
      }
    },
    {
      "card_name": "Ghostrick Museum",
      "set_number": "MP14-EN228",
      "rarities": [
        "Common"
      ],
      "count": {
        "Common": 1
      }
    },
    {
      "card_name": "Bujinunity",
      "set_number": "MP14-EN229",
      "rarities": [
        "Rare"
      ],
      "count": {
        "Rare": 1
      }
    },
    {
      "card_name": "Hidden Temples of Necrovalley",
      "set_number": "MP14-EN230",
      "rarities": [
        "Rare"
      ],
      "count": {
        "Rare": 1
      }
    },
    {
      "card_name": "Shared Ride",
      "set_number": "MP14-EN231",
      "rarities": [
        "Secret Rare"
      ],
      "count": {
        "Secret Rare": 1
      }
    },
    {
      "card_name": "Sylvan Blessing",
      "set_number": "MP14-EN232",
      "rarities": [
        "Common"
      ],
      "count": {
        "Common": 1
      }
    },
    {
      "card_name": "Ghostrick-Go-Round",
      "set_number": "MP14-EN233",
      "rarities": [
        "Rare"
      ],
      "count": {
        "Rare": 1
      }
    },
    {
      "card_name": "Bujin Regalia - The Jewel",
      "set_number": "MP14-EN234",
      "rarities": [
        "Common"
      ],
      "count": {
        "Common": 1
      }
    },
    {
      "card_name": "Imperial Tombs of Necrovalley",
      "set_number": "MP14-EN235",
      "rarities": [
        "Secret Rare"
      ],
      "count": {
        "Secret Rare": 1
      }
    },
    {
      "card_name": "The Monarchs Awaken",
      "set_number": "MP14-EN236",
      "rarities": [
        "Common"
      ],
      "count": {
        "Common": 1
      }
    },
    {
      "card_name": "Skill Prisoner",
      "set_number": "MP14-EN237",
      "rarities": [
        "Super Rare"
      ],
      "count": {
        "Super Rare": 1
      }
    },
    {
      "card_name": "Sylvan Mikorange",
      "set_number": "MP14-EN238",
      "rarities": [
        "Rare"
      ],
      "count": {
        "Rare": 1
      }
    },
    {
      "card_name": "Ghostrick Yeti",
      "set_number": "MP14-EN239",
      "rarities": [
        "Common"
      ],
      "count": {
        "Common": 1
      }
    },
    {
      "card_name": "Bujingi Pavo",
      "set_number": "MP14-EN240",
      "rarities": [
        "Super Rare"
      ],
      "count": {
        "Super Rare": 1
      }
    },
    {
      "card_name": "Gravekeeper's Heretic",
      "set_number": "MP14-EN241",
      "rarities": [
        "Rare"
      ],
      "count": {
        "Rare": 1
      }
    },
    {
      "card_name": "Obedience Schooled",
      "set_number": "MP14-EN242",
      "rarities": [
        "Super Rare"
      ],
      "count": {
        "Super Rare": 1
      }
    },
    {
      "card_name": "The First Monarch",
      "set_number": "MP14-EN243",
      "rarities": [
        "Secret Rare"
      ],
      "count": {
        "Secret Rare": 1
      }
    },
    {
      "card_name": "Alpacaribou, Mystical Beast of the Forest",
      "set_number": "MP14-EN244",
      "rarities": [
        "Common"
      ],
      "count": {
        "Common": 1
      }
    },
    {
      "card_name": "Dododo Buster",
      "set_number": "MP14-EN245",
      "rarities": [
        "Common"
      ],
      "count": {
        "Common": 1
      }
    },
    {
      "card_name": "Interplanetarypurplythorny Beast",
      "set_number": "MP14-EN246",
      "rarities": [
        "Common"
      ],
      "count": {
        "Common": 1
      }
    },
    {
      "card_name": "Starship Spy Plane",
      "set_number": "MP14-EN247",
      "rarities": [
        "Common"
      ],
      "count": {
        "Common": 1
      }
    }
  ]
}
