{
  "name": "Absolute Powerforce: Special Edition",
  "type": "Special Edition Promo Cards",
  "date": "2010-03-25",
  "distribution": "special_edition_promo_cards",
  "prefix": "ABPF",
  "sub_sets": [],
  "load": true,
  "cards": [
    {
      "card_name": "Dandylion",
      "set_number": "ABPF-ENSE1",
      "rarities": [
        "Super Rare"
      ],
      "count": {
        "Super Rare": 1
      }
    },
    {
      "card_name": "Red-Eyes Darkness Metal Dragon",
      "set_number": "ABPF-ENSE2",
      "rarities": [
        "Super Rare"
      ],
      "count": {
        "Super Rare": 1
      }
    }
  ]
}
