{
  "name": "Abyss Rising: Special Edition",
  "type": "Special Edition Promo Cards",
  "date": "2012-12-05",
  "distribution": "special_edition_promo_cards",
  "prefix": "ABYR",
  "sub_sets": [],
  "load": true,
  "cards": [
    {
      "card_name": "Gagaga Girl",
      "set_number": "ABYR-ENSE1",
      "rarities": [
        "Super Rare"
      ],
      "count": {
        "Super Rare": 1
      }
    },
    {
      "card_name": "Dark Smog",
      "set_number": "ABYR-ENSE2",
      "rarities": [
        "Super Rare"
      ],
      "count": {
        "Super Rare": 1
      }
    }
  ]
}
