{
  "name": "Ancient Prophecy: Special Edition",
  "type": "Special Edition Promo Cards",
  "date": "2009-10-08",
  "distribution": "special_edition_promo_cards",
  "prefix": "ANPR",
  "sub_sets": [],
  "load": true,
  "cards": [
    {
      "card_name": "Solar Recharge",
      "set_number": "ANPR-ENSE1",
      "rarities": [
        "Super Rare"
      ],
      "count": {
        "Super Rare": 1
      }
    },
    {
      "card_name": "Red-Eyes Wyvern",
      "set_number": "ANPR-ENSE2",
      "rarities": [
        "Super Rare"
      ],
      "count": {
        "Super Rare": 1
      }
    }
  ]
}
