{
  "name": "Anniversary Pack",
  "type": "Promotion Pack",
  "date": "2008-12-08",
  "distribution": "booster_pack",
  "prefix": "YAP1",
  "sub_sets": [],
  "load": false,
  "cards": [
    {
      "card_name": "Blue-Eyes White Dragon",
      "set_number": "YAP1-EN001",
      "rarities": [
        "Ultra Rare"
      ],
      "count": {
        "Ultra Rare": 1
      }
    },
    {
      "card_name": "Red-Eyes B. Dragon",
      "set_number": "YAP1-EN002",
      "rarities": [
        "Ultra Rare"
      ],
      "count": {
        "Ultra Rare": 1
      }
    },
    {
      "card_name": "Summoned Skull",
      "set_number": "YAP1-EN003",
      "rarities": [
        "Ultra Rare"
      ],
      "count": {
        "Ultra Rare": 1
      }
    },
    {
      "card_name": "Celtic Guardian",
      "set_number": "YAP1-EN004",
      "rarities": [
        "Ultra Rare"
      ],
      "count": {
        "Ultra Rare": 1
      }
    },
    {
      "card_name": "Gyakutenno Megami",
      "set_number": "YAP1-EN005",
      "rarities": [
        "Ultra Rare"
      ],
      "count": {
        "Ultra Rare": 1
      }
    },
    {
      "card_name": "Buster Blader",
      "set_number": "YAP1-EN006",
      "rarities": [
        "Ultra Rare"
      ],
      "count": {
        "Ultra Rare": 1
      }
    },
    {
      "card_name": "Jinzo",
      "set_number": "YAP1-EN007",
      "rarities": [
        "Ultra Rare"
      ],
      "count": {
        "Ultra Rare": 1
      }
    },
    {
      "card_name": "Shiba-Warrior Taro",
      "set_number": "YAP1-EN008",
      "rarities": [
        "Ultra Rare"
      ],
      "count": {
        "Ultra Rare": 1
      }
    }
  ]
}