{
  "name": "Astral Pack Eight",
  "type": "Astral Pack",
  "date": "2015-10-23",
  "distribution": "astral_pack",
  "prefix": "AP08",
  "sub_sets": [],
  "load": false,
  "cards": [
    {
      "card_name": "Trishula, Dragon of the Ice Barrier",
      "set_number": "AP08-EN001",
      "rarities": [
        "Ultimate Rare"
      ],
      "count": {
        "Ultimate Rare": 1
      }
    },
    {
      "card_name": "Mystical Space Typhoon",
      "set_number": "AP08-EN002",
      "rarities": [
        "Ultimate Rare"
      ],
      "count": {
        "Ultimate Rare": 1
      }
    },
    {
      "card_name": "Fiendish Chain",
      "set_number": "AP08-EN003",
      "rarities": [
        "Ultimate Rare"
      ],
      "count": {
        "Ultimate Rare": 1
      }
    },
    {
      "card_name": "Igknight Margrave",
      "set_number": "AP08-EN004",
      "rarities": [
        "Super Rare"
      ],
      "count": {
        "Super Rare": 1
      }
    },
    {
      "card_name": "Igknight Gallant",
      "set_number": "AP08-EN005",
      "rarities": [
        "Super Rare"
      ],
      "count": {
        "Super Rare": 1
      }
    },
    {
      "card_name": "Toon Masked Sorcerer",
      "set_number": "AP08-EN006",
      "rarities": [
        "Super Rare"
      ],
      "count": {
        "Super Rare": 1
      }
    },
    {
      "card_name": "Graff, Malebranche of the Burning Abyss",
      "set_number": "AP08-EN007",
      "rarities": [
        "Super Rare"
      ],
      "count": {
        "Super Rare": 1
      }
    },
    {
      "card_name": "Black Luster Soldier - Envoy of the Evening Twilight",
      "set_number": "AP08-EN008",
      "rarities": [
        "Super Rare"
      ],
      "count": {
        "Super Rare": 1
      }
    },
    {
      "card_name": "Spiritual Beast Rampengu",
      "set_number": "AP08-EN009",
      "rarities": [
        "Super Rare"
      ],
      "count": {
        "Super Rare": 1
      }
    },
    {
      "card_name": "Instant Fusion",
      "set_number": "AP08-EN010",
      "rarities": [
        "Super Rare"
      ],
      "count": {
        "Super Rare": 1
      }
    },
    {
      "card_name": "Kozmotown",
      "set_number": "AP08-EN011",
      "rarities": [
        "Super Rare"
      ],
      "count": {
        "Super Rare": 1
      }
    },
    {
      "card_name": "Book of Eclipse",
      "set_number": "AP08-EN012",
      "rarities": [
        "Super Rare"
      ],
      "count": {
        "Super Rare": 1
      }
    },
    {
      "card_name": "Lose 1 Turn",
      "set_number": "AP08-EN013",
      "rarities": [
        "Super Rare"
      ],
      "count": {
        "Super Rare": 1
      }
    },
    {
      "card_name": "Rhaimundos of the Red Sword",
      "set_number": "AP08-EN014",
      "rarities": [
        "Short Print"
      ],
      "count": {
        "Short Print": 1
      }
    },
    {
      "card_name": "Fireyarou",
      "set_number": "AP08-EN015",
      "rarities": [
        "Short Print"
      ],
      "count": {
        "Short Print": 1
      }
    },
    {
      "card_name": "Twin-Headed Behemoth",
      "set_number": "AP08-EN016",
      "rarities": [
        "Common"
      ],
      "count": {
        "Common": 1
      }
    },
    {
      "card_name": "Swift Gaia the Fierce Knight",
      "set_number": "AP08-EN017",
      "rarities": [
        "Common"
      ],
      "count": {
        "Common": 1
      }
    },
    {
      "card_name": "Kinka-byo",
      "set_number": "AP08-EN018",
      "rarities": [
        "Common"
      ],
      "count": {
        "Common": 1
      }
    },
    {
      "card_name": "Red-Eyes Wyvern",
      "set_number": "AP08-EN019",
      "rarities": [
        "Common"
      ],
      "count": {
        "Common": 1
      }
    },
    {
      "card_name": "Gem-Knight Obsidian",
      "set_number": "AP08-EN020",
      "rarities": [
        "Common"
      ],
      "count": {
        "Common": 1
      }
    },
    {
      "card_name": "Vermillion Sparrow",
      "set_number": "AP08-EN021",
      "rarities": [
        "Short Print"
      ],
      "count": {
        "Short Print": 1
      }
    },
    {
      "card_name": "Masked HERO Koga",
      "set_number": "AP08-EN022",
      "rarities": [
        "Common"
      ],
      "count": {
        "Common": 1
      }
    },
    {
      "card_name": "Machine Duplication",
      "set_number": "AP08-EN023",
      "rarities": [
        "Common"
      ],
      "count": {
        "Common": 1
      }
    },
    {
      "card_name": "U.A. Stadium",
      "set_number": "AP08-EN024",
      "rarities": [
        "Common"
      ],
      "count": {
        "Common": 1
      }
    },
    {
      "card_name": "Black Horn of Heaven",
      "set_number": "AP08-EN025",
      "rarities": [
        "Common"
      ],
      "count": {
        "Common": 1
      }
    },
    {
      "card_name": "Safe Zone",
      "set_number": "AP08-EN026",
      "rarities": [
        "Common"
      ],
      "count": {
        "Common": 1
      }
    },
    {
      "card_name": "Unpossessed",
      "set_number": "AP08-EN027",
      "rarities": [
        "Common"
      ],
      "count": {
        "Common": 1
      }
    }
  ]
}