{
  "name": "Astral Pack Six",
  "type": "Astral Pack",
  "date": "2014-12-12",
  "distribution": "astral_pack",
  "prefix": "AP06",
  "sub_sets": [],
  "load": false,
  "cards": [
    {
      "card_name": "Tour Guide From the Underworld",
      "set_number": "AP06-EN001",
      "rarities": [
        "Ultimate Rare"
      ],
      "count": {
        "Ultimate Rare": 1
      }
    },
    {
      "card_name": "Number 11: Big Eye",
      "set_number": "AP06-EN002",
      "rarities": [
        "Ultimate Rare"
      ],
      "count": {
        "Ultimate Rare": 1
      }
    },
    {
      "card_name": "Traptrix Trap Hole Nightmare",
      "set_number": "AP06-EN003",
      "rarities": [
        "Ultimate Rare"
      ],
      "count": {
        "Ultimate Rare": 1
      }
    },
    {
      "card_name": "Traptrix Myrmeleo",
      "set_number": "AP06-EN004",
      "rarities": [
        "Super Rare"
      ],
      "count": {
        "Super Rare": 1
      }
    },
    {
      "card_name": "White Dragon Wyverburster",
      "set_number": "AP06-EN005",
      "rarities": [
        "Super Rare"
      ],
      "count": {
        "Super Rare": 1
      }
    },
    {
      "card_name": "Black Dragon Collapserpent",
      "set_number": "AP06-EN006",
      "rarities": [
        "Super Rare"
      ],
      "count": {
        "Super Rare": 1
      }
    },
    {
      "card_name": "Superheavy Samurai Big Benkei",
      "set_number": "AP06-EN007",
      "rarities": [
        "Super Rare"
      ],
      "count": {
        "Super Rare": 1
      }
    },
    {
      "card_name": "Shaddoll Beast",
      "set_number": "AP06-EN008",
      "rarities": [
        "Super Rare"
      ],
      "count": {
        "Super Rare": 1
      }
    },
    {
      "card_name": "Underworld Fighter Balmung",
      "set_number": "AP06-EN009",
      "rarities": [
        "Super Rare"
      ],
      "count": {
        "Super Rare": 1
      }
    },
    {
      "card_name": "Number 80: Rhapsody in Berserk",
      "set_number": "AP06-EN010",
      "rarities": [
        "Super Rare"
      ],
      "count": {
        "Super Rare": 1
      }
    },
    {
      "card_name": "Summoner's Art",
      "set_number": "AP06-EN011",
      "rarities": [
        "Super Rare"
      ],
      "count": {
        "Super Rare": 1
      }
    },
    {
      "card_name": "Bujincarnation",
      "set_number": "AP06-EN012",
      "rarities": [
        "Super Rare"
      ],
      "count": {
        "Super Rare": 1
      }
    },
    {
      "card_name": "Infernity Break",
      "set_number": "AP06-EN013",
      "rarities": [
        "Super Rare"
      ],
      "count": {
        "Super Rare": 1
      }
    },
    {
      "card_name": "Sea Kamen",
      "set_number": "AP06-EN014",
      "rarities": [
        "Short Print"
      ],
      "count": {
        "Short Print": 1
      }
    },
    {
      "card_name": "Gruesome Goo",
      "set_number": "AP06-EN015",
      "rarities": [
        "Short Print"
      ],
      "count": {
        "Short Print": 1
      }
    },
    {
      "card_name": "Amazon of the Seas",
      "set_number": "AP06-EN016",
      "rarities": [
        "Short Print"
      ],
      "count": {
        "Short Print": 1
      }
    },
    {
      "card_name": "King of the Skull Servants",
      "set_number": "AP06-EN017",
      "rarities": [
        "Common"
      ],
      "count": {
        "Common": 1
      }
    },
    {
      "card_name": "Vanity's Fiend",
      "set_number": "AP06-EN018",
      "rarities": [
        "Common"
      ],
      "count": {
        "Common": 1
      }
    },
    {
      "card_name": "Van'Dalgyon the Dark Dragon Lord",
      "set_number": "AP06-EN019",
      "rarities": [
        "Common"
      ],
      "count": {
        "Common": 1
      }
    },
    {
      "card_name": "Machina Fortress",
      "set_number": "AP06-EN020",
      "rarities": [
        "Common"
      ],
      "count": {
        "Common": 1
      }
    },
    {
      "card_name": "Man-eating Black Shark",
      "set_number": "AP06-EN021",
      "rarities": [
        "Short Print"
      ],
      "count": {
        "Short Print": 1
      }
    },
    {
      "card_name": "Madolche Queen Tiaramisu",
      "set_number": "AP06-EN022",
      "rarities": [
        "Common"
      ],
      "count": {
        "Common": 1
      }
    },
    {
      "card_name": "Nobleman of Crossout",
      "set_number": "AP06-EN023",
      "rarities": [
        "Common"
      ],
      "count": {
        "Common": 1
      }
    },
    {
      "card_name": "Thunder Crash",
      "set_number": "AP06-EN024",
      "rarities": [
        "Common"
      ],
      "count": {
        "Common": 1
      }
    },
    {
      "card_name": "The Monarchs Stormforth",
      "set_number": "AP06-EN025",
      "rarities": [
        "Common"
      ],
      "count": {
        "Common": 1
      }
    },
    {
      "card_name": "Ceasefire",
      "set_number": "AP06-EN026",
      "rarities": [
        "Common"
      ],
      "count": {
        "Common": 1
      }
    },
    {
      "card_name": "Royal Command",
      "set_number": "AP06-EN027",
      "rarities": [
        "Common"
      ],
      "count": {
        "Common": 1
      }
    },
    {
      "card_name": "Cursed Seal of the Forbidden Spell",
      "set_number": "AP06-EN028",
      "rarities": [
        "Common"
      ],
      "count": {
        "Common": 1
      }
    }
  ]
}