{
  "name": "Astral Pack Seven",
  "type": "Astral Pack",
  "date": "2015-06-04",
  "distribution": "astral_pack",
  "prefix": "AP07",
  "sub_sets": [],
  "load": false,
  "cards": [
    {
      "card_name": "Gaia Dragon, the Thunder Charger",
      "set_number": "AP07-EN001",
      "rarities": [
        "Ultimate Rare"
      ],
      "count": {
        "Ultimate Rare": 1
      }
    },
    {
      "card_name": "Castel, the Skyblaster Musketeer",
      "set_number": "AP07-EN002",
      "rarities": [
        "Ultimate Rare"
      ],
      "count": {
        "Ultimate Rare": 1
      }
    },
    {
      "card_name": "Spell Shattering Arrow",
      "set_number": "AP07-EN003",
      "rarities": [
        "Ultimate Rare"
      ],
      "count": {
        "Ultimate Rare": 1
      }
    },
    {
      "card_name": "Satellarknight Altair",
      "set_number": "AP07-EN004",
      "rarities": [
        "Super Rare"
      ],
      "count": {
        "Super Rare": 1
      }
    },
    {
      "card_name": "Satellarknight Unukalhai",
      "set_number": "AP07-EN005",
      "rarities": [
        "Super Rare"
      ],
      "count": {
        "Super Rare": 1
      }
    },
    {
      "card_name": "Djinn Demolisher of Rituals",
      "set_number": "AP07-EN006",
      "rarities": [
        "Super Rare"
      ],
      "count": {
        "Super Rare": 1
      }
    },
    {
      "card_name": "Scarm, Malebranche of the Burning Abyss",
      "set_number": "AP07-EN007",
      "rarities": [
        "Super Rare"
      ],
      "count": {
        "Super Rare": 1
      }
    },
    {
      "card_name": "Leo, the Keeper of the Sacred Tree",
      "set_number": "AP07-EN008",
      "rarities": [
        "Super Rare"
      ],
      "count": {
        "Super Rare": 1
      }
    },
    {
      "card_name": "Number 103: Ragnazero",
      "set_number": "AP07-EN009",
      "rarities": [
        "Super Rare"
      ],
      "count": {
        "Super Rare": 1
      }
    },
    {
      "card_name": "Level Limit - Area B",
      "set_number": "AP07-EN010",
      "rarities": [
        "Super Rare"
      ],
      "count": {
        "Super Rare": 1
      }
    },
    {
      "card_name": "Twister",
      "set_number": "AP07-EN011",
      "rarities": [
        "Super Rare"
      ],
      "count": {
        "Super Rare": 1
      }
    },
    {
      "card_name": "Dragon Ravine",
      "set_number": "AP07-EN012",
      "rarities": [
        "Super Rare"
      ],
      "count": {
        "Super Rare": 1
      }
    },
    {
      "card_name": "Level Limit - Area A",
      "set_number": "AP07-EN013",
      "rarities": [
        "Super Rare"
      ],
      "count": {
        "Super Rare": 1
      }
    },
    {
      "card_name": "Invader from Another Dimension",
      "set_number": "AP07-EN014",
      "rarities": [
        "Short Print"
      ],
      "count": {
        "Short Print": 1
      }
    },
    {
      "card_name": "Lord of the Lamp",
      "set_number": "AP07-EN015",
      "rarities": [
        "Short Print"
      ],
      "count": {
        "Short Print": 1
      }
    },
    {
      "card_name": "Senju of the Thousand Hands",
      "set_number": "AP07-EN016",
      "rarities": [
        "Common"
      ],
      "count": {
        "Common": 1
      }
    },
    {
      "card_name": "Volcanic Scattershot",
      "set_number": "AP07-EN017",
      "rarities": [
        "Common"
      ],
      "count": {
        "Common": 1
      }
    },
    {
      "card_name": "Gladiator Beast Bestiari",
      "set_number": "AP07-EN018",
      "rarities": [
        "Common"
      ],
      "count": {
        "Common": 1
      }
    },
    {
      "card_name": "Madolche Puddingcess",
      "set_number": "AP07-EN019",
      "rarities": [
        "Common"
      ],
      "count": {
        "Common": 1
      }
    },
    {
      "card_name": "Brotherhood of the Fire Fist - Spirit",
      "set_number": "AP07-EN020",
      "rarities": [
        "Common"
      ],
      "count": {
        "Common": 1
      }
    },
    {
      "card_name": "Soul Hunter",
      "set_number": "AP07-EN021",
      "rarities": [
        "Short Print"
      ],
      "count": {
        "Short Print": 1
      }
    },
    {
      "card_name": "Dawn of the Herald",
      "set_number": "AP07-EN022",
      "rarities": [
        "Common"
      ],
      "count": {
        "Common": 1
      }
    },
    {
      "card_name": "Storm",
      "set_number": "AP07-EN023",
      "rarities": [
        "Common"
      ],
      "count": {
        "Common": 1
      }
    },
    {
      "card_name": "Spiritual Wind Art - Miyabi",
      "set_number": "AP07-EN024",
      "rarities": [
        "Common"
      ],
      "count": {
        "Common": 1
      }
    },
    {
      "card_name": "Light-Imprisoning Mirror",
      "set_number": "AP07-EN025",
      "rarities": [
        "Common"
      ],
      "count": {
        "Common": 1
      }
    },
    {
      "card_name": "Shadow-Imprisoning Mirror",
      "set_number": "AP07-EN026",
      "rarities": [
        "Common"
      ],
      "count": {
        "Common": 1
      }
    },
    {
      "card_name": "Fairy Wind",
      "set_number": "AP07-EN027",
      "rarities": [
        "Common"
      ],
      "count": {
        "Common": 1
      }
    }
  ]
}