{
  "name": "BATTLES OF LEGENDS: RELENTLESS REVENGE",
  "type": "Booster Pack",
  "date": "2018-06-29",
  "distribution": "booster_pack",
  "prefix": "BLRR",
  "sub_sets": [],
  "load": true,
  "cards": [
    {
      "card_name": "Orgoth the Relentless",
      "set_number": "BLRR-EN001",
      "rarities": [
        "Secret Rare"
      ],
      "count": {
        "Secret Rare": 1
      }
    },
    {
      "card_name": "Summon Dice",
      "set_number": "BLRR-EN002",
      "rarities": [
        "Ultra Rare"
      ],
      "count": {
        "Ultra Rare": 1
      }
    },
    {
      "card_name": "Flying Elephant",
      "set_number": "BLRR-EN003",
      "rarities": [
        "Secret Rare"
      ],
      "count": {
        "Secret Rare": 1
      }
    },
    {
      "card_name": "Prinzessin",
      "set_number": "BLRR-EN004",
      "rarities": [
        "Secret Rare"
      ],
      "count": {
        "Secret Rare": 1
      }
    },
    {
      "card_name": "Pumpkin Carriage",
      "set_number": "BLRR-EN005",
      "rarities": [
        "Ultra Rare"
      ],
      "count": {
        "Ultra Rare": 1
      }
    },
    {
      "card_name": "Iron Hans",
      "set_number": "BLRR-EN006",
      "rarities": [
        "Ultra Rare"
      ],
      "count": {
        "Ultra Rare": 1
      }
    },
    {
      "card_name": "Iron Knight",
      "set_number": "BLRR-EN007",
      "rarities": [
        "Ultra Rare"
      ],
      "count": {
        "Ultra Rare": 1
      }
    },
    {
      "card_name": "Glife the Phantom Bird",
      "set_number": "BLRR-EN008",
      "rarities": [
        "Secret Rare"
      ],
      "count": {
        "Secret Rare": 1
      }
    },
    {
      "card_name": "Hexe Trude",
      "set_number": "BLRR-EN009",
      "rarities": [
        "Secret Rare"
      ],
      "count": {
        "Secret Rare": 1
      }
    },
    {
      "card_name": "Golden Castle of Stromberg",
      "set_number": "BLRR-EN010",
      "rarities": [
        "Secret Rare"
      ],
      "count": {
        "Secret Rare": 1
      }
    },
    {
      "card_name": "Glass Slippers",
      "set_number": "BLRR-EN011",
      "rarities": [
        "Secret Rare"
      ],
      "count": {
        "Secret Rare": 1
      }
    },
    {
      "card_name": "Iron Cage",
      "set_number": "BLRR-EN012",
      "rarities": [
        "Ultra Rare"
      ],
      "count": {
        "Ultra Rare": 1
      }
    },
    {
      "card_name": "Litmus Doom Swordsman",
      "set_number": "BLRR-EN013",
      "rarities": [
        "Ultra Rare"
      ],
      "count": {
        "Ultra Rare": 1
      }
    },
    {
      "card_name": "Litmus Doom Ritual",
      "set_number": "BLRR-EN014",
      "rarities": [
        "Ultra Rare"
      ],
      "count": {
        "Ultra Rare": 1
      }
    },
    {
      "card_name": "Living Fossil",
      "set_number": "BLRR-EN015",
      "rarities": [
        "Secret Rare"
      ],
      "count": {
        "Secret Rare": 1
      }
    },
    {
      "card_name": "Cyber Emergency",
      "set_number": "BLRR-EN016",
      "rarities": [
        "Secret Rare"
      ],
      "count": {
        "Secret Rare": 1
      }
    },
    {
      "card_name": "Born from Draconis",
      "set_number": "BLRR-EN017",
      "rarities": [
        "Ultra Rare"
      ],
      "count": {
        "Ultra Rare": 1
      }
    },
    {
      "card_name": "Cyber Eltanin",
      "set_number": "BLRR-EN018",
      "rarities": [
        "Ultra Rare"
      ],
      "count": {
        "Ultra Rare": 1
      }
    },
    {
      "card_name": "Cyber Larva",
      "set_number": "BLRR-EN019",
      "rarities": [
        "Ultra Rare"
      ],
      "count": {
        "Ultra Rare": 1
      }
    },
    {
      "card_name": "Slash Draw",
      "set_number": "BLRR-EN020",
      "rarities": [
        "Ultra Rare"
      ],
      "count": {
        "Ultra Rare": 1
      }
    },
    {
      "card_name": "Michion, the Timelord",
      "set_number": "BLRR-EN021",
      "rarities": [
        "Ultra Rare"
      ],
      "count": {
        "Ultra Rare": 1
      }
    },
    {
      "card_name": "Hailon, the Timelord",
      "set_number": "BLRR-EN022",
      "rarities": [
        "Ultra Rare"
      ],
      "count": {
        "Ultra Rare": 1
      }
    },
    {
      "card_name": "Raphion, the Timelord",
      "set_number": "BLRR-EN023",
      "rarities": [
        "Ultra Rare"
      ],
      "count": {
        "Ultra Rare": 1
      }
    },
    {
      "card_name": "Gabrion, the Timelord",
      "set_number": "BLRR-EN024",
      "rarities": [
        "Ultra Rare"
      ],
      "count": {
        "Ultra Rare": 1
      }
    },
    {
      "card_name": "Sandaion, the Timelord",
      "set_number": "BLRR-EN025",
      "rarities": [
        "Ultra Rare"
      ],
      "count": {
        "Ultra Rare": 1
      }
    },
    {
      "card_name": "Metaion, the Timelord",
      "set_number": "BLRR-EN026",
      "rarities": [
        "Ultra Rare"
      ],
      "count": {
        "Ultra Rare": 1
      }
    },
    {
      "card_name": "Empty Machine",
      "set_number": "BLRR-EN027",
      "rarities": [
        "Secret Rare"
      ],
      "count": {
        "Secret Rare": 1
      }
    },
    {
      "card_name": "Infinite Machine",
      "set_number": "BLRR-EN028",
      "rarities": [
        "Secret Rare"
      ],
      "count": {
        "Secret Rare": 1
      }
    },
    {
      "card_name": "Infinite Light",
      "set_number": "BLRR-EN029",
      "rarities": [
        "Secret Rare"
      ],
      "count": {
        "Secret Rare": 1
      }
    },
    {
      "card_name": "Number 27: Dreadnought Dreadnoid",
      "set_number": "BLRR-EN030",
      "rarities": [
        "Secret Rare"
      ],
      "count": {
        "Secret Rare": 1
      }
    },
    {
      "card_name": "Number 67: Pair-a-Dice Smasher",
      "set_number": "BLRR-EN031",
      "rarities": [
        "Secret Rare"
      ],
      "count": {
        "Secret Rare": 1
      }
    },
    {
      "card_name": "Number 75: Bamboozling Gossip Shadow",
      "set_number": "BLRR-EN032",
      "rarities": [
        "Secret Rare"
      ],
      "count": {
        "Secret Rare": 1
      }
    },
    {
      "card_name": "Number 90: Galaxy-Eyes Photon Lord",
      "set_number": "BLRR-EN033",
      "rarities": [
        "Secret Rare"
      ],
      "count": {
        "Secret Rare": 1
      }
    },
    {
      "card_name": "Iron Draw",
      "set_number": "BLRR-EN034",
      "rarities": [
        "Secret Rare"
      ],
      "count": {
        "Secret Rare": 1
      }
    },
    {
      "card_name": "Glorious Numbers",
      "set_number": "BLRR-EN035",
      "rarities": [
        "Secret Rare"
      ],
      "count": {
        "Secret Rare": 1
      }
    },
    {
      "card_name": "Hayate the Earth Star",
      "set_number": "BLRR-EN036",
      "rarities": [
        "Ultra Rare"
      ],
      "count": {
        "Ultra Rare": 1
      }
    },
    {
      "card_name": "Tenma the Sky Star",
      "set_number": "BLRR-EN037",
      "rarities": [
        "Ultra Rare"
      ],
      "count": {
        "Ultra Rare": 1
      }
    },
    {
      "card_name": "Kaiki the Unity Star",
      "set_number": "BLRR-EN038",
      "rarities": [
        "Ultra Rare"
      ],
      "count": {
        "Ultra Rare": 1
      }
    },
    {
      "card_name": "Idaten the Conqueror Star",
      "set_number": "BLRR-EN039",
      "rarities": [
        "Ultra Rare"
      ],
      "count": {
        "Ultra Rare": 1
      }
    },
    {
      "card_name": "Shura the Combat Star",
      "set_number": "BLRR-EN040",
      "rarities": [
        "Ultra Rare"
      ],
      "count": {
        "Ultra Rare": 1
      }
    },
    {
      "card_name": "Hibernation Dragon",
      "set_number": "BLRR-EN041",
      "rarities": [
        "Secret Rare"
      ],
      "count": {
        "Secret Rare": 1
      }
    },
    {
      "card_name": "Triggering Wurm",
      "set_number": "BLRR-EN042",
      "rarities": [
        "Secret Rare"
      ],
      "count": {
        "Secret Rare": 1
      }
    },
    {
      "card_name": "Topologic Gumblar Dragon",
      "set_number": "BLRR-EN043",
      "rarities": [
        "Secret Rare"
      ],
      "count": {
        "Secret Rare": 1
      }
    },
    {
      "card_name": "Borrelguard Dragon",
      "set_number": "BLRR-EN044",
      "rarities": [
        "Secret Rare"
      ],
      "count": {
        "Secret Rare": 1
      }
    },
    {
      "card_name": "Flash Charge Dragon",
      "set_number": "BLRR-EN045",
      "rarities": [
        "Secret Rare"
      ],
      "count": {
        "Secret Rare": 1
      }
    },
    {
      "card_name": "Monster Reborn",
      "set_number": "BLRR-EN046",
      "rarities": [
        "Secret Rare"
      ],
      "count": {
        "Secret Rare": 1
      }
    },
    {
      "card_name": "Torrential Tribute",
      "set_number": "BLRR-EN047",
      "rarities": [
        "Ultra Rare"
      ],
      "count": {
        "Ultra Rare": 1
      }
    },
    {
      "card_name": "Cyber Dragon",
      "set_number": "BLRR-EN048",
      "rarities": [
        "Ultra Rare"
      ],
      "count": {
        "Ultra Rare": 1
      }
    },
    {
      "card_name": "Neo-Spacian Aqua Dolphin",
      "set_number": "BLRR-EN049",
      "rarities": [
        "Ultra Rare"
      ],
      "count": {
        "Ultra Rare": 1
      }
    },
    {
      "card_name": "Neo-Spacian Air Hummingbird",
      "set_number": "BLRR-EN050",
      "rarities": [
        "Ultra Rare"
      ],
      "count": {
        "Ultra Rare": 1
      }
    },
    {
      "card_name": "Neo-Spacian Grand Mole",
      "set_number": "BLRR-EN051",
      "rarities": [
        "Ultra Rare"
      ],
      "count": {
        "Ultra Rare": 1
      }
    },
    {
      "card_name": "Neo-Spacian Dark Panther",
      "set_number": "BLRR-EN052",
      "rarities": [
        "Ultra Rare"
      ],
      "count": {
        "Ultra Rare": 1
      }
    },
    {
      "card_name": "Card Trooper",
      "set_number": "BLRR-EN053",
      "rarities": [
        "Secret Rare"
      ],
      "count": {
        "Secret Rare": 1
      }
    },
    {
      "card_name": "Rainbow Dark Dragon",
      "set_number": "BLRR-EN054",
      "rarities": [
        "Ultra Rare"
      ],
      "count": {
        "Ultra Rare": 1
      }
    },
    {
      "card_name": "Convert Contact",
      "set_number": "BLRR-EN055",
      "rarities": [
        "Ultra Rare"
      ],
      "count": {
        "Ultra Rare": 1
      }
    },
    {
      "card_name": "Sephylon, the Ultimate Timelord",
      "set_number": "BLRR-EN056",
      "rarities": [
        "Ultra Rare"
      ],
      "count": {
        "Ultra Rare": 1
      }
    },
    {
      "card_name": "T.G. Wonder Magician",
      "set_number": "BLRR-EN057",
      "rarities": [
        "Ultra Rare"
      ],
      "count": {
        "Ultra Rare": 1
      }
    },
    {
      "card_name": "Norito the Moral Leader",
      "set_number": "BLRR-EN058",
      "rarities": [
        "Ultra Rare"
      ],
      "count": {
        "Ultra Rare": 1
      }
    },
    {
      "card_name": "Performage Damage Juggler",
      "set_number": "BLRR-EN059",
      "rarities": [
        "Ultra Rare"
      ],
      "count": {
        "Ultra Rare": 1
      }
    },
    {
      "card_name": "Performage Trick Clown",
      "set_number": "BLRR-EN060",
      "rarities": [
        "Ultra Rare"
      ],
      "count": {
        "Ultra Rare": 1
      }
	
    },
    {
     "card_name": "The Phantom Knights of Ancient Cloak",
     "set_number": "BLRR-EN061",
      "rarities": [
        "Secret Rare"
      ],
      "count": {
        "Secret Rare": 1
      }
    },
    {
	 "card_name": "The Phantom Knights of Silent Boots",
     "set_number": "BLRR-EN062",
      "rarities": [
        "Secret Rare"
      ],
      "count": {
        "Secret Rare": 1
      }
    },
    {
 "card_name": "Supreme King Dragon Darkwurm",
     "set_number": "BLRR-EN063",
      "rarities": [
        "Secret Rare"
      ],
      "count": {
        "Secret Rare": 1
      }
    },
    {
 "card_name": "Brilliant Fusion",
     "set_number": "BLRR-EN064",
      "rarities": [
        "Secret Rare"
      ],
      "count": {
        "Secret Rare": 1
      }
    },
    {
 "card_name": "Phantom Knights' Fog Blade",
     "set_number": "BLRR-EN065",
      "rarities": [
        "Secret Rare"
      ],
      "count": {
        "Secret Rare": 1
      }
    },
    {
 "card_name": 	"Altergeist Hexstia",
     "set_number": "BLRR-EN066",
      "rarities": [
        "Ultra Rare"
      ],
      "count": {
        "Ultra Rare": 1
      }
    },
    {
 "card_name": "Altergeist Manifestation",
     "set_number": "BLRR-EN067",
      "rarities": [
        "Ultra Rare"
      ],
      "count": {
        "Ultra Rare": 1
      }
    },
    {
 "card_name": "PSY-Frame Driver",
     "set_number": "BLRR-EN068",
      "rarities": [
        "Ultra Rare"
      ],
      "count": {
        "Ultra Rare": 1
      }
    },
    {
 "card_name": "Pyrorex the Elemental Lord",
     "set_number": "BLRR-EN069",
      "rarities": [
        "Ultra Rare"
      ],
      "count": {
        "Ultra Rare": 1
      }
    },
    {
 "card_name": "Windrose the Elemental Lord",
     "set_number": "BLRR-EN070",
      "rarities": [
        "Ultra Rare"
      ],
      "count": {
        "Ultra Rare": 1
      }
    },
    {
 "card_name": "Noble Knight Medraut",
     "set_number": "BLRR-EN071",
      "rarities": [
        "Ultra Rare"
      ],
      "count": {
        "Ultra Rare": 1
      }
    },
    {
     "card_name": "Noble Knight Brothers",
     "set_number": "BLRR-EN072",
      "rarities": [
        "Ultra Rare"
      ],
      "count": {
        "Ultra Rare": 1
      }
    },
    {
     "card_name": "Merlin",
     "set_number": "BLRR-EN073",
      "rarities": [
        "Secret Rare"
      ],
      "count": {
        "Secret Rare": 1
      }
    },
    {
"card_name": "Uni-Zombie",
     "set_number": "BLRR-EN074",
      "rarities": [
        "Ultra Rare"
      ],
      "count": {
        "Ultra Rare": 1
      }
    },
    {"card_name": "Gameciel, the Sea Turtle Kaiju",
     "set_number": "BLRR-EN075",
      "rarities": [
        "Secret Rare"
      ],
      "count": {
        "Secret Rare": 1
      }
    },
    {
"card_name": "Darklord Ixchel",
     "set_number": "BLRR-EN076",
      "rarities": [
        "Secret Rare"
      ],
      "count": {
        "Secret Rare": 1
      }
    },
    {
"card_name": "Darklord Nasten",
     "set_number": "BLRR-EN077",
      "rarities": [
        "Ultra Rare"
      ],
      "count": {
        "Ultra Rare": 1
      }
    },
    {
"card_name": "Eater of Millions",
     "set_number": "BLRR-EN078",
      "rarities": [
        "Ultra Rare"
      ],
      "count": {
        "Ultra Rare": 1
      }
    },
    {
"card_name": "Elemental HERO Honest Neos",
     "set_number": "BLRR-EN079",
      "rarities": [
        "Secret Rare"
      ],
      "count": {
        "Secret Rare": 1
      }
    },
    {
"card_name": "Trickstar Narkissus",
     "set_number": "BLRR-EN080",
      "rarities": [
        "Ultra Rare"
      ],
      "count": {
        "Ultra Rare": 1
      }
    },
    {
"card_name": "Fullmetalfoes Alkahest",
     "set_number": "BLRR-EN081",
      "rarities": [
        "Ultra Rare"
      ],
      "count": {
        "Ultra Rare": 1
      }
    },
    {
"card_name": "Metalfoes Mithrilium",
     "set_number": "BLRR-EN082",
      "rarities": [
        "Secret Rare"
      ],
      "count": {
        "Secret Rare": 1
      }
    },
    {

"card_name": "Crystron Quandax",
     "set_number": "BLRR-EN083",
      "rarities": [
        "Secret Rare"
      ],
      "count": {
        "Secret Rare": 1
      }
    },
    {
"card_name": "Tornado Dragon",
     "set_number": "BLRR-EN084",
      "rarities": [
        "Secret Rare"
      ],
      "count": {
        "Secret Rare": 1
      }
    },
    {
"card_name": "Number 41: Bagooska the Terribly Tired Tapir",
     "set_number": "BLRR-EN085",
      "rarities": [
        "Ultra Rare"
      ],
      "count": {
        "Ultra Rare": 1
      }
    },
    {
"card_name": "Imduk the World Chalice Dragon",
     "set_number": "BLRR-EN086",
      "rarities": [
        "Ultra Rare"
      ],
      "count": {
        "Ultra Rare": 1
      }
    },
    {
"card_name": "Gaia Saber, the Lightning Shadow",
     "set_number": "BLRR-EN087",
      "rarities": [
        "Ultra Rare"
      ],
      "count": {
        "Ultra Rare": 1
      }
    },
    {"card_name": "Preparation of Rites",
     "set_number": "BLRR-EN088",
      "rarities": [
        "Ultra Rare"
      ],
      "count": {
        "Ultra Rare": 1
      }
    },
    {

"card_name": "Kyoutou Waterfront",
     "set_number": "BLRR-EN089",
      "rarities": [
        "Ultra Rare"
      ],
      "count": {
        "Ultra Rare": 1
      }
    },
    {
"card_name": "Pre-Preparation of Rites",
     "set_number": "BLRR-EN090",
      "rarities": [
        "Ultra Rare"
      ],
      "count": {
        "Ultra Rare": 1
      }
    },
    {
"card_name": "The Kaiju Files",
     "set_number": "BLRR-EN091",
      "rarities": [
        "Ultra Rare"
      ],
      "count": {
        "Ultra Rare": 1
      }
    },
    {
"card_name": "Union Hangar",
     "set_number": "BLRR-EN092",
      "rarities": [
        "Secret Rare"
      ],
      "count": {
        "Secret Rare": 1
      }
    },
    {
"card_name": "Banishment of the Darklords",
     "set_number": "BLRR-EN093",
      "rarities": [
        "Ultra Rare"
      ],
      "count": {
        "Ultra Rare": 1
      }
    },
    {

"card_name": "Darklord Contact",
     "set_number": "BLRR-EN094",
      "rarities": [
        "Ultra Rare"
      ],
      "count": {
        "Ultra Rare": 1
      }
    },
    {"card_name": "Foolish Burial Goods",
     "set_number": "BLRR-EN095",
      "rarities": [
        "Ultra Rare"
      ],
      "count": {
        "Ultra Rare": 1
      }
    },
    {

"card_name": "Dragonic Diagram",
     "set_number": "BLRR-EN096",
      "rarities": [
        "Secret Rare"
      ],
      "count": {
        "Secret Rare": 1
      }
    },
    {"card_name": "Duelist Alliance",
     "set_number": "BLRR-EN097",
      "rarities": [
        "Ultra Rare"
      ],
      "count": {
        "Ultra Rare": 1
      }
    },
    {
"card_name": "World Legacy Discovery",
     "set_number": "BLRR-EN098",
      "rarities": [
        "Ultra Rare"
      ],
      "count": {
        "Ultra Rare": 1
      }
    },
    {
"card_name": "World Legacy's Heart",
     "set_number": "BLRR-EN099",
      "rarities": [
        "Ultra Rare"
      ],
      "count": {
        "Ultra Rare": 1
      }
    },
    {
"card_name": "Solemn Judgment",
     "set_number": "BLRR-EN100",
      "rarities": [
        "Ultra Rare"
      ],
      "count": {
        "Ultra Rare": 1
      }
    },
   {
"card_name": "Bottomless Trap Hole",
     "set_number": "BLRR-EN101",
      "rarities": [
        "Ultra Rare"
      ],
      "count": {
        "Ultra Rare": 1
      }
    },  
 {
"card_name": "Solemn Strike",
     "set_number": "BLRR-EN102",
      "rarities": [
        "Ultra Rare"
      ],
      "count": {
        "Ultra Rare": 1
      }
    },   {
"card_name": "Darklord Enchantment",
     "set_number": "BLRR-EN103",
      "rarities": [
        "Ultra Rare"
      ],
      "count": {
        "Ultra Rare": 1
      }
    },   
{
"card_name": "Unending Nightmare",
     "set_number": "BLRR-EN104",
      "rarities": [
        "Ultra Rare"
      ],
      "count": {
        "Ultra Rare": 1
      }
    },
{
"card_name": "Trickstar Reincarnation",
     "set_number": "BLRR-EN105",
      "rarities": [
        "Secret Rare"
      ],
      "count": {
        "Secret Rare": 1
     }
    }
  ]
}
