{
  "name": "Battle Pack: Epic Dawn - Slot 4",
  "type": "Battle Pack",
  "date": "2012-05-24",
  "distribution": "common_1",
  "prefix": "BP01_4",
  "sub_sets": [],
  "load": false,
  "cards": [
    {
      "card_name": "Wind-Up Warrior",
      "set_number": "BP01-EN170",
      "rarities": [
        "Common"
      ],
      "count": {
        "Common": 1
      }
    },
    {
      "card_name": "Giant Soldier of Stone",
      "set_number": "BP01-EN171",
      "rarities": [
        "Common"
      ],
      "count": {
        "Common": 1
      }
    },
    {
      "card_name": "Mask of Darkness",
      "set_number": "BP01-EN172",
      "rarities": [
        "Common"
      ],
      "count": {
        "Common": 1
      }
    },
    {
      "card_name": "Morphing Jar",
      "set_number": "BP01-EN173",
      "rarities": [
        "Common"
      ],
      "count": {
        "Common": 1
      }
    },
    {
      "card_name": "Muka Muka",
      "set_number": "BP01-EN174",
      "rarities": [
        "Common"
      ],
      "count": {
        "Common": 1
      }
    },
    {
      "card_name": "Blast Sphere",
      "set_number": "BP01-EN175",
      "rarities": [
        "Common"
      ],
      "count": {
        "Common": 1
      }
    },
    {
      "card_name": "Big Shield Gardna",
      "set_number": "BP01-EN176",
      "rarities": [
        "Common"
      ],
      "count": {
        "Common": 1
      }
    },
    {
      "card_name": "Gilasaurus",
      "set_number": "BP01-EN177",
      "rarities": [
        "Common"
      ],
      "count": {
        "Common": 1
      }
    },
    {
      "card_name": "Possessed Dark Soul",
      "set_number": "BP01-EN178",
      "rarities": [
        "Common"
      ],
      "count": {
        "Common": 1
      }
    },
    {
      "card_name": "Twin-Headed Behemoth",
      "set_number": "BP01-EN179",
      "rarities": [
        "Common"
      ],
      "count": {
        "Common": 1
      }
    },
    {
      "card_name": "Makyura the Destructor",
      "set_number": "BP01-EN180",
      "rarities": [
        "Common"
      ],
      "count": {
        "Common": 1
      }
    },
    {
      "card_name": "Helping Robo for Combat",
      "set_number": "BP01-EN181",
      "rarities": [
        "Common"
      ],
      "count": {
        "Common": 1
      }
    },
    {
      "card_name": "Zolga",
      "set_number": "BP01-EN182",
      "rarities": [
        "Common"
      ],
      "count": {
        "Common": 1
      }
    },
    {
      "card_name": "Chaos Necromancer",
      "set_number": "BP01-EN183",
      "rarities": [
        "Common"
      ],
      "count": {
        "Common": 1
      }
    },
    {
      "card_name": "Stealth Bird",
      "set_number": "BP01-EN184",
      "rarities": [
        "Common"
      ],
      "count": {
        "Common": 1
      }
    },
    {
      "card_name": "Hyper Hammerhead",
      "set_number": "BP01-EN185",
      "rarities": [
        "Common"
      ],
      "count": {
        "Common": 1
      }
    },
    {
      "card_name": "Grave Protector",
      "set_number": "BP01-EN186",
      "rarities": [
        "Common"
      ],
      "count": {
        "Common": 1
      }
    },
    {
      "card_name": "Night Assailant",
      "set_number": "BP01-EN187",
      "rarities": [
        "Common"
      ],
      "count": {
        "Common": 1
      }
    },
    {
      "card_name": "Pitch-Black Warwolf",
      "set_number": "BP01-EN188",
      "rarities": [
        "Common"
      ],
      "count": {
        "Common": 1
      }
    },
    {
      "card_name": "Dekoichi the Battlechanted Locomotive",
      "set_number": "BP01-EN189",
      "rarities": [
        "Common"
      ],
      "count": {
        "Common": 1
      }
    },
    {
      "card_name": "Gyroid",
      "set_number": "BP01-EN190",
      "rarities": [
        "Common"
      ],
      "count": {
        "Common": 1
      }
    },
    {
      "card_name": "Drillroid",
      "set_number": "BP01-EN191",
      "rarities": [
        "Common"
      ],
      "count": {
        "Common": 1
      }
    },
    {
      "card_name": "Gravitic Orb",
      "set_number": "BP01-EN192",
      "rarities": [
        "Common"
      ],
      "count": {
        "Common": 1
      }
    },
    {
      "card_name": "Cloudian - Poison Cloud",
      "set_number": "BP01-EN193",
      "rarities": [
        "Common"
      ],
      "count": {
        "Common": 1
      }
    },
    {
      "card_name": "Des Mosquito",
      "set_number": "BP01-EN194",
      "rarities": [
        "Common"
      ],
      "count": {
        "Common": 1
      }
    },
    {
      "card_name": "Mad Reloader",
      "set_number": "BP01-EN195",
      "rarities": [
        "Common"
      ],
      "count": {
        "Common": 1
      }
    },
    {
      "card_name": "Phantom of Chaos",
      "set_number": "BP01-EN196",
      "rarities": [
        "Common"
      ],
      "count": {
        "Common": 1
      }
    },
    {
      "card_name": "Cyber Valley",
      "set_number": "BP01-EN197",
      "rarities": [
        "Common"
      ],
      "count": {
        "Common": 1
      }
    },
    {
      "card_name": "Blue Thunder T-45",
      "set_number": "BP01-EN198",
      "rarities": [
        "Common"
      ],
      "count": {
        "Common": 1
      }
    },
    {
      "card_name": "Vortex Trooper",
      "set_number": "BP01-EN199",
      "rarities": [
        "Common"
      ],
      "count": {
        "Common": 1
      }
    },
    {
      "card_name": "DUCKER Mobile Cannon",
      "set_number": "BP01-EN200",
      "rarities": [
        "Common"
      ],
      "count": {
        "Common": 1
      }
    },
    {
      "card_name": "Worm Barses",
      "set_number": "BP01-EN201",
      "rarities": [
        "Common"
      ],
      "count": {
        "Common": 1
      }
    },
    {
      "card_name": "Shield Warrior",
      "set_number": "BP01-EN202",
      "rarities": [
        "Common"
      ],
      "count": {
        "Common": 1
      }
    },
    {
      "card_name": "Dark Resonator",
      "set_number": "BP01-EN203",
      "rarities": [
        "Common"
      ],
      "count": {
        "Common": 1
      }
    },
    {
      "card_name": "Noisy Gnat",
      "set_number": "BP01-EN204",
      "rarities": [
        "Common"
      ],
      "count": {
        "Common": 1
      }
    },
    {
      "card_name": "Fabled Raven",
      "set_number": "BP01-EN205",
      "rarities": [
        "Common"
      ],
      "count": {
        "Common": 1
      }
    },
    {
      "card_name": "Fortress Warrior",
      "set_number": "BP01-EN206",
      "rarities": [
        "Common"
      ],
      "count": {
        "Common": 1
      }
    },
    {
      "card_name": "Twin-Sword Marauder",
      "set_number": "BP01-EN207",
      "rarities": [
        "Common"
      ],
      "count": {
        "Common": 1
      }
    },
    {
      "card_name": "Level Warrior",
      "set_number": "BP01-EN208",
      "rarities": [
        "Common"
      ],
      "count": {
        "Common": 1
      }
    },
    {
      "card_name": "Level Eater",
      "set_number": "BP01-EN209",
      "rarities": [
        "Common"
      ],
      "count": {
        "Common": 1
      }
    },
    {
      "card_name": "Naturia Strawberry",
      "set_number": "BP01-EN210",
      "rarities": [
        "Common"
      ],
      "count": {
        "Common": 1
      }
    },
    {
      "card_name": "Battle Fader",
      "set_number": "BP01-EN211",
      "rarities": [
        "Common"
      ],
      "count": {
        "Common": 1
      }
    },
    {
      "card_name": "Amazoness Sage",
      "set_number": "BP01-EN212",
      "rarities": [
        "Common"
      ],
      "count": {
        "Common": 1
      }
    },
    {
      "card_name": "Amazoness Trainee",
      "set_number": "BP01-EN213",
      "rarities": [
        "Common"
      ],
      "count": {
        "Common": 1
      }
    },
    {
      "card_name": "Hardened Armed Dragon",
      "set_number": "BP01-EN214",
      "rarities": [
        "Common"
      ],
      "count": {
        "Common": 1
      }
    },
    {
      "card_name": "Blackwing - Zephyros the Elite",
      "set_number": "BP01-EN215",
      "rarities": [
        "Common"
      ],
      "count": {
        "Common": 1
      }
    },
    {
      "card_name": "Tanngrisnir of the Nordic Beasts",
      "set_number": "BP01-EN216",
      "rarities": [
        "Common"
      ],
      "count": {
        "Common": 1
      }
    },
    {
      "card_name": "Shine Knight",
      "set_number": "BP01-EN217",
      "rarities": [
        "Common"
      ],
      "count": {
        "Common": 1
      }
    },
    {
      "card_name": "Gagaga Magician",
      "set_number": "BP01-EN218",
      "rarities": [
        "Common"
      ],
      "count": {
        "Common": 1
      }
    },
    {
      "card_name": "Goblindbergh",
      "set_number": "BP01-EN219",
      "rarities": [
        "Common"
      ],
      "count": {
        "Common": 1
      }
    },
    {
      "card_name": "Psi-Blocker",
      "set_number": "BP01-EN220",
      "rarities": [
        "Common"
      ],
      "count": {
        "Common": 1
      }
    }
  ]
}