{
  "name": "Battle Pack: Epic Dawn",
  "type": "Battle Pack",
  "date": "2012-05-24",
  "distribution": "starfoil_rare_1",
  "prefix": "BP01",
  "sub_sets": [
    "Battle Pack: Epic Dawn - Slot 1",
    "Battle Pack: Epic Dawn - Slot 2",
    "Battle Pack: Epic Dawn - Slot 3",
    "Battle Pack: Epic Dawn - Slot 4"
  ],
  "load": true,
  "cards": [
    {
      "card_name": "Witch of the Black Forest",
      "set_number": "BP01-EN001",
      "rarities": [
        "Starfoil Rare"
      ],
      "count": {
        "Starfoil Rare": 1
      }
    },
    {
      "card_name": "Cyber Jar",
      "set_number": "BP01-EN002",
      "rarities": [
        "Starfoil Rare"
      ],
      "count": {
        "Starfoil Rare": 1
      }
    },
    {
      "card_name": "Jinzo",
      "set_number": "BP01-EN003",
      "rarities": [
        "Starfoil Rare"
      ],
      "count": {
        "Starfoil Rare": 1
      }
    },
    {
      "card_name": "Injection Fairy Lily",
      "set_number": "BP01-EN004",
      "rarities": [
        "Starfoil Rare"
      ],
      "count": {
        "Starfoil Rare": 1
      }
    },
    {
      "card_name": "Dark Dust Spirit",
      "set_number": "BP01-EN005",
      "rarities": [
        "Starfoil Rare"
      ],
      "count": {
        "Starfoil Rare": 1
      }
    },
    {
      "card_name": "Skull Archfiend of Lightning",
      "set_number": "BP01-EN006",
      "rarities": [
        "Starfoil Rare"
      ],
      "count": {
        "Starfoil Rare": 1
      }
    },
    {
      "card_name": "Dark Magician of Chaos",
      "set_number": "BP01-EN007",
      "rarities": [
        "Starfoil Rare"
      ],
      "count": {
        "Starfoil Rare": 1
      }
    },
    {
      "card_name": "Blowback Dragon",
      "set_number": "BP01-EN008",
      "rarities": [
        "Starfoil Rare"
      ],
      "count": {
        "Starfoil Rare": 1
      }
    },
    {
      "card_name": "Mobius the Frost Monarch",
      "set_number": "BP01-EN009",
      "rarities": [
        "Starfoil Rare"
      ],
      "count": {
        "Starfoil Rare": 1
      }
    },
    {
      "card_name": "Fox Fire",
      "set_number": "BP01-EN010",
      "rarities": [
        "Starfoil Rare"
      ],
      "count": {
        "Starfoil Rare": 1
      }
    },
    {
      "card_name": "Ancient Gear Golem",
      "set_number": "BP01-EN011",
      "rarities": [
        "Starfoil Rare"
      ],
      "count": {
        "Starfoil Rare": 1
      }
    },
    {
      "card_name": "Treeborn Frog",
      "set_number": "BP01-EN012",
      "rarities": [
        "Starfoil Rare"
      ],
      "count": {
        "Starfoil Rare": 1
      }
    },
    {
      "card_name": "Super Conductor Tyranno",
      "set_number": "BP01-EN013",
      "rarities": [
        "Starfoil Rare"
      ],
      "count": {
        "Starfoil Rare": 1
      }
    },
    {
      "card_name": "Gorz the Emissary of Darkness",
      "set_number": "BP01-EN014",
      "rarities": [
        "Starfoil Rare"
      ],
      "count": {
        "Starfoil Rare": 1
      }
    },
    {
      "card_name": "Raiza the Storm Monarch",
      "set_number": "BP01-EN015",
      "rarities": [
        "Starfoil Rare"
      ],
      "count": {
        "Starfoil Rare": 1
      }
    },
    {
      "card_name": "White Night Dragon",
      "set_number": "BP01-EN016",
      "rarities": [
        "Starfoil Rare"
      ],
      "count": {
        "Starfoil Rare": 1
      }
    },
    {
      "card_name": "Deep Diver",
      "set_number": "BP01-EN017",
      "rarities": [
        "Starfoil Rare"
      ],
      "count": {
        "Starfoil Rare": 1
      }
    },
    {
      "card_name": "Caius the Shadow Monarch",
      "set_number": "BP01-EN018",
      "rarities": [
        "Starfoil Rare"
      ],
      "count": {
        "Starfoil Rare": 1
      }
    },
    {
      "card_name": "Krebons",
      "set_number": "BP01-EN019",
      "rarities": [
        "Starfoil Rare"
      ],
      "count": {
        "Starfoil Rare": 1
      }
    },
    {
      "card_name": "Tragoedia",
      "set_number": "BP01-EN020",
      "rarities": [
        "Starfoil Rare"
      ],
      "count": {
        "Starfoil Rare": 1
      }
    },
    {
      "card_name": "Obelisk the Tormentor",
      "set_number": "BP01-EN021",
      "rarities": [
        "Starfoil Rare"
      ],
      "count": {
        "Starfoil Rare": 1
      }
    },
    {
      "card_name": "Machina Fortress",
      "set_number": "BP01-EN022",
      "rarities": [
        "Starfoil Rare"
      ],
      "count": {
        "Starfoil Rare": 1
      }
    },
    {
      "card_name": "Tour Guide From the Underworld",
      "set_number": "BP01-EN023",
      "rarities": [
        "Starfoil Rare"
      ],
      "count": {
        "Starfoil Rare": 1
      }
    },
    {
      "card_name": "Number 39: Utopia",
      "set_number": "BP01-EN024",
      "rarities": [
        "Starfoil Rare"
      ],
      "count": {
        "Starfoil Rare": 1
      }
    },
    {
      "card_name": "Gachi Gachi Gantetsu",
      "set_number": "BP01-EN025",
      "rarities": [
        "Starfoil Rare"
      ],
      "count": {
        "Starfoil Rare": 1
      }
    },
    {
      "card_name": "Grenosaurus",
      "set_number": "BP01-EN026",
      "rarities": [
        "Starfoil Rare"
      ],
      "count": {
        "Starfoil Rare": 1
      }
    },
    {
      "card_name": "Number 17: Leviathan Dragon",
      "set_number": "BP01-EN027",
      "rarities": [
        "Starfoil Rare"
      ],
      "count": {
        "Starfoil Rare": 1
      }
    },
    {
      "card_name": "Wind-Up Zenmaister",
      "set_number": "BP01-EN028",
      "rarities": [
        "Starfoil Rare"
      ],
      "count": {
        "Starfoil Rare": 1
      }
    },
    {
      "card_name": "Tiras, Keeper of Genesis",
      "set_number": "BP01-EN029",
      "rarities": [
        "Starfoil Rare"
      ],
      "count": {
        "Starfoil Rare": 1
      }
    },
    {
      "card_name": "Adreus, Keeper of Armageddon",
      "set_number": "BP01-EN030",
      "rarities": [
        "Starfoil Rare"
      ],
      "count": {
        "Starfoil Rare": 1
      }
    },
    {
      "card_name": "Gem-Knight Pearl",
      "set_number": "BP01-EN031",
      "rarities": [
        "Starfoil Rare"
      ],
      "count": {
        "Starfoil Rare": 1
      }
    },
    {
      "card_name": "Raigeki",
      "set_number": "BP01-EN032",
      "rarities": [
        "Starfoil Rare"
      ],
      "count": {
        "Starfoil Rare": 1
      }
    },
    {
      "card_name": "Swords of Revealing Light",
      "set_number": "BP01-EN033",
      "rarities": [
        "Starfoil Rare"
      ],
      "count": {
        "Starfoil Rare": 1
      }
    },
    {
      "card_name": "Pot of Greed",
      "set_number": "BP01-EN034",
      "rarities": [
        "Starfoil Rare"
      ],
      "count": {
        "Starfoil Rare": 1
      }
    },
    {
      "card_name": "Harpie's Feather Duster",
      "set_number": "BP01-EN035",
      "rarities": [
        "Starfoil Rare"
      ],
      "count": {
        "Starfoil Rare": 1
      }
    },
    {
      "card_name": "Graceful Charity",
      "set_number": "BP01-EN036",
      "rarities": [
        "Starfoil Rare"
      ],
      "count": {
        "Starfoil Rare": 1
      }
    },
    {
      "card_name": "Change of Heart",
      "set_number": "BP01-EN037",
      "rarities": [
        "Starfoil Rare"
      ],
      "count": {
        "Starfoil Rare": 1
      }
    },
    {
      "card_name": "Heavy Storm",
      "set_number": "BP01-EN038",
      "rarities": [
        "Starfoil Rare"
      ],
      "count": {
        "Starfoil Rare": 1
      }
    },
    {
      "card_name": "Snatch Steal",
      "set_number": "BP01-EN039",
      "rarities": [
        "Starfoil Rare"
      ],
      "count": {
        "Starfoil Rare": 1
      }
    },
    {
      "card_name": "Premature Burial",
      "set_number": "BP01-EN040",
      "rarities": [
        "Starfoil Rare"
      ],
      "count": {
        "Starfoil Rare": 1
      }
    },
    {
      "card_name": "Soul Exchange",
      "set_number": "BP01-EN041",
      "rarities": [
        "Starfoil Rare"
      ],
      "count": {
        "Starfoil Rare": 1
      }
    },
    {
      "card_name": "Scapegoat",
      "set_number": "BP01-EN042",
      "rarities": [
        "Starfoil Rare"
      ],
      "count": {
        "Starfoil Rare": 1
      }
    },
    {
      "card_name": "United We Stand",
      "set_number": "BP01-EN043",
      "rarities": [
        "Starfoil Rare"
      ],
      "count": {
        "Starfoil Rare": 1
      }
    },
    {
      "card_name": "Creature Swap",
      "set_number": "BP01-EN044",
      "rarities": [
        "Starfoil Rare"
      ],
      "count": {
        "Starfoil Rare": 1
      }
    },
    {
      "card_name": "Burden of the Mighty",
      "set_number": "BP01-EN045",
      "rarities": [
        "Starfoil Rare"
      ],
      "count": {
        "Starfoil Rare": 1
      }
    },
    {
      "card_name": "Pot of Duality",
      "set_number": "BP01-EN046",
      "rarities": [
        "Starfoil Rare"
      ],
      "count": {
        "Starfoil Rare": 1
      }
    },
    {
      "card_name": "Solemn Judgment",
      "set_number": "BP01-EN047",
      "rarities": [
        "Starfoil Rare"
      ],
      "count": {
        "Starfoil Rare": 1
      }
    },
    {
      "card_name": "Mirror Force",
      "set_number": "BP01-EN048",
      "rarities": [
        "Starfoil Rare"
      ],
      "count": {
        "Starfoil Rare": 1
      }
    },
    {
      "card_name": "Call of the Haunted",
      "set_number": "BP01-EN049",
      "rarities": [
        "Starfoil Rare"
      ],
      "count": {
        "Starfoil Rare": 1
      }
    },
    {
      "card_name": "Ring of Destruction",
      "set_number": "BP01-EN050",
      "rarities": [
        "Starfoil Rare"
      ],
      "count": {
        "Starfoil Rare": 1
      }
    },
    {
      "card_name": "Torrential Tribute",
      "set_number": "BP01-EN051",
      "rarities": [
        "Starfoil Rare"
      ],
      "count": {
        "Starfoil Rare": 1
      }
    },
    {
      "card_name": "Metal Reflect Slime",
      "set_number": "BP01-EN052",
      "rarities": [
        "Starfoil Rare"
      ],
      "count": {
        "Starfoil Rare": 1
      }
    },
    {
      "card_name": "Skill Drain",
      "set_number": "BP01-EN053",
      "rarities": [
        "Starfoil Rare"
      ],
      "count": {
        "Starfoil Rare": 1
      }
    },
    {
      "card_name": "Divine Wrath",
      "set_number": "BP01-EN054",
      "rarities": [
        "Starfoil Rare"
      ],
      "count": {
        "Starfoil Rare": 1
      }
    },
    {
      "card_name": "Dark Bribe",
      "set_number": "BP01-EN055",
      "rarities": [
        "Starfoil Rare"
      ],
      "count": {
        "Starfoil Rare": 1
      }
    },
    {
      "card_name": "Greenkappa",
      "set_number": "BP01-EN056",
      "rarities": [
        "Starfoil Rare"
      ],
      "count": {
        "Starfoil Rare": 1
      }
    },
    {
      "card_name": "Penguin Soldier",
      "set_number": "BP01-EN057",
      "rarities": [
        "Starfoil Rare"
      ],
      "count": {
        "Starfoil Rare": 1
      }
    },
    {
      "card_name": "Mysterious Guard",
      "set_number": "BP01-EN058",
      "rarities": [
        "Starfoil Rare"
      ],
      "count": {
        "Starfoil Rare": 1
      }
    },
    {
      "card_name": "Exiled Force",
      "set_number": "BP01-EN059",
      "rarities": [
        "Starfoil Rare"
      ],
      "count": {
        "Starfoil Rare": 1
      }
    },
    {
      "card_name": "Old Vindictive Magician",
      "set_number": "BP01-EN060",
      "rarities": [
        "Starfoil Rare"
      ],
      "count": {
        "Starfoil Rare": 1
      }
    },
    {
      "card_name": "Breaker the Magical Warrior",
      "set_number": "BP01-EN061",
      "rarities": [
        "Starfoil Rare"
      ],
      "count": {
        "Starfoil Rare": 1
      }
    },
    {
      "card_name": "Grave Squirmer",
      "set_number": "BP01-EN062",
      "rarities": [
        "Starfoil Rare"
      ],
      "count": {
        "Starfoil Rare": 1
      }
    },
    {
      "card_name": "Ryko, Lightsworn Hunter",
      "set_number": "BP01-EN063",
      "rarities": [
        "Starfoil Rare"
      ],
      "count": {
        "Starfoil Rare": 1
      }
    },
    {
      "card_name": "Snowman Eater",
      "set_number": "BP01-EN064",
      "rarities": [
        "Starfoil Rare"
      ],
      "count": {
        "Starfoil Rare": 1
      }
    },
    {
      "card_name": "Fissure",
      "set_number": "BP01-EN065",
      "rarities": [
        "Starfoil Rare"
      ],
      "count": {
        "Starfoil Rare": 1
      }
    },
    {
      "card_name": "Tribute to The Doomed",
      "set_number": "BP01-EN066",
      "rarities": [
        "Starfoil Rare"
      ],
      "count": {
        "Starfoil Rare": 1
      }
    },
    {
      "card_name": "Axe of Despair",
      "set_number": "BP01-EN067",
      "rarities": [
        "Starfoil Rare"
      ],
      "count": {
        "Starfoil Rare": 1
      }
    },
    {
      "card_name": "Mystical Space Typhoon",
      "set_number": "BP01-EN068",
      "rarities": [
        "Starfoil Rare"
      ],
      "count": {
        "Starfoil Rare": 1
      }
    },
    {
      "card_name": "Horn of the Unicorn",
      "set_number": "BP01-EN069",
      "rarities": [
        "Starfoil Rare"
      ],
      "count": {
        "Starfoil Rare": 1
      }
    },
    {
      "card_name": "Offerings to the Doomed",
      "set_number": "BP01-EN070",
      "rarities": [
        "Starfoil Rare"
      ],
      "count": {
        "Starfoil Rare": 1
      }
    },
    {
      "card_name": "Bait Doll",
      "set_number": "BP01-EN071",
      "rarities": [
        "Starfoil Rare"
      ],
      "count": {
        "Starfoil Rare": 1
      }
    },
    {
      "card_name": "Book of Moon",
      "set_number": "BP01-EN072",
      "rarities": [
        "Starfoil Rare"
      ],
      "count": {
        "Starfoil Rare": 1
      }
    },
    {
      "card_name": "Autonomous Action Unit",
      "set_number": "BP01-EN073",
      "rarities": [
        "Starfoil Rare"
      ],
      "count": {
        "Starfoil Rare": 1
      }
    },
    {
      "card_name": "Ante",
      "set_number": "BP01-EN074",
      "rarities": [
        "Starfoil Rare"
      ],
      "count": {
        "Starfoil Rare": 1
      }
    },
    {
      "card_name": "Big Bang Shot",
      "set_number": "BP01-EN075",
      "rarities": [
        "Starfoil Rare"
      ],
      "count": {
        "Starfoil Rare": 1
      }
    },
    {
      "card_name": "Fiend's Sanctuary",
      "set_number": "BP01-EN076",
      "rarities": [
        "Starfoil Rare"
      ],
      "count": {
        "Starfoil Rare": 1
      }
    },
    {
      "card_name": "Different Dimension Gate",
      "set_number": "BP01-EN077",
      "rarities": [
        "Starfoil Rare"
      ],
      "count": {
        "Starfoil Rare": 1
      }
    },
    {
      "card_name": "Enemy Controller",
      "set_number": "BP01-EN078",
      "rarities": [
        "Starfoil Rare"
      ],
      "count": {
        "Starfoil Rare": 1
      }
    },
    {
      "card_name": "Monster Gate",
      "set_number": "BP01-EN079",
      "rarities": [
        "Starfoil Rare"
      ],
      "count": {
        "Starfoil Rare": 1
      }
    },
    {
      "card_name": "Shield Crush",
      "set_number": "BP01-EN080",
      "rarities": [
        "Starfoil Rare"
      ],
      "count": {
        "Starfoil Rare": 1
      }
    },
    {
      "card_name": "Fighting Spirit",
      "set_number": "BP01-EN081",
      "rarities": [
        "Starfoil Rare"
      ],
      "count": {
        "Starfoil Rare": 1
      }
    },
    {
      "card_name": "Forbidden Chalice",
      "set_number": "BP01-EN082",
      "rarities": [
        "Starfoil Rare"
      ],
      "count": {
        "Starfoil Rare": 1
      }
    },
    {
      "card_name": "Darkworld Shackles",
      "set_number": "BP01-EN083",
      "rarities": [
        "Starfoil Rare"
      ],
      "count": {
        "Starfoil Rare": 1
      }
    },
    {
      "card_name": "Forbidden Lance",
      "set_number": "BP01-EN084",
      "rarities": [
        "Starfoil Rare"
      ],
      "count": {
        "Starfoil Rare": 1
      }
    },
    {
      "card_name": "Infected Mail",
      "set_number": "BP01-EN085",
      "rarities": [
        "Starfoil Rare"
      ],
      "count": {
        "Starfoil Rare": 1
      }
    },
    {
      "card_name": "Ego Boost",
      "set_number": "BP01-EN086",
      "rarities": [
        "Starfoil Rare"
      ],
      "count": {
        "Starfoil Rare": 1
      }
    },
    {
      "card_name": "Kunai with Chain",
      "set_number": "BP01-EN087",
      "rarities": [
        "Starfoil Rare"
      ],
      "count": {
        "Starfoil Rare": 1
      }
    },
    {
      "card_name": "Dust Tornado",
      "set_number": "BP01-EN088",
      "rarities": [
        "Starfoil Rare"
      ],
      "count": {
        "Starfoil Rare": 1
      }
    },
    {
      "card_name": "Windstorm of Etaqua",
      "set_number": "BP01-EN089",
      "rarities": [
        "Starfoil Rare"
      ],
      "count": {
        "Starfoil Rare": 1
      }
    },
    {
      "card_name": "Magic Drain",
      "set_number": "BP01-EN090",
      "rarities": [
        "Starfoil Rare"
      ],
      "count": {
        "Starfoil Rare": 1
      }
    },
    {
      "card_name": "Magic Cylinder",
      "set_number": "BP01-EN091",
      "rarities": [
        "Starfoil Rare"
      ],
      "count": {
        "Starfoil Rare": 1
      }
    },
    {
      "card_name": "Shadow Spell",
      "set_number": "BP01-EN092",
      "rarities": [
        "Starfoil Rare"
      ],
      "count": {
        "Starfoil Rare": 1
      }
    },
    {
      "card_name": "Blast with Chain",
      "set_number": "BP01-EN093",
      "rarities": [
        "Starfoil Rare"
      ],
      "count": {
        "Starfoil Rare": 1
      }
    },
    {
      "card_name": "Needle Ceiling",
      "set_number": "BP01-EN094",
      "rarities": [
        "Starfoil Rare"
      ],
      "count": {
        "Starfoil Rare": 1
      }
    },
    {
      "card_name": "Reckless Greed",
      "set_number": "BP01-EN095",
      "rarities": [
        "Starfoil Rare"
      ],
      "count": {
        "Starfoil Rare": 1
      }
    },
    {
      "card_name": "Nightmare Wheel",
      "set_number": "BP01-EN096",
      "rarities": [
        "Starfoil Rare"
      ],
      "count": {
        "Starfoil Rare": 1
      }
    },
    {
      "card_name": "Spell Shield Type-8",
      "set_number": "BP01-EN097",
      "rarities": [
        "Starfoil Rare"
      ],
      "count": {
        "Starfoil Rare": 1
      }
    },
    {
      "card_name": "Interdimensional Matter Transporter",
      "set_number": "BP01-EN098",
      "rarities": [
        "Starfoil Rare"
      ],
      "count": {
        "Starfoil Rare": 1
      }
    },
    {
      "card_name": "Compulsory Evacuation Device",
      "set_number": "BP01-EN099",
      "rarities": [
        "Starfoil Rare"
      ],
      "count": {
        "Starfoil Rare": 1
      }
    },
    {
      "card_name": "Prideful Roar",
      "set_number": "BP01-EN100",
      "rarities": [
        "Starfoil Rare"
      ],
      "count": {
        "Starfoil Rare": 1
      }
    },
    {
      "card_name": "Half or Nothing",
      "set_number": "BP01-EN101",
      "rarities": [
        "Starfoil Rare"
      ],
      "count": {
        "Starfoil Rare": 1
      }
    },
    {
      "card_name": "Skill Successor",
      "set_number": "BP01-EN102",
      "rarities": [
        "Starfoil Rare"
      ],
      "count": {
        "Starfoil Rare": 1
      }
    },
    {
      "card_name": "Pixie Ring",
      "set_number": "BP01-EN103",
      "rarities": [
        "Starfoil Rare"
      ],
      "count": {
        "Starfoil Rare": 1
      }
    },
    {
      "card_name": "Changing Destiny",
      "set_number": "BP01-EN104",
      "rarities": [
        "Starfoil Rare"
      ],
      "count": {
        "Starfoil Rare": 1
      }
    },
    {
      "card_name": "Fiendish Chain",
      "set_number": "BP01-EN105",
      "rarities": [
        "Starfoil Rare"
      ],
      "count": {
        "Starfoil Rare": 1
      }
    },
    {
      "card_name": "Inverse Universe",
      "set_number": "BP01-EN106",
      "rarities": [
        "Starfoil Rare"
      ],
      "count": {
        "Starfoil Rare": 1
      }
    },
    {
      "card_name": "Miracle's Wake",
      "set_number": "BP01-EN107",
      "rarities": [
        "Starfoil Rare"
      ],
      "count": {
        "Starfoil Rare": 1
      }
    },
    {
      "card_name": "Power Frame",
      "set_number": "BP01-EN108",
      "rarities": [
        "Starfoil Rare"
      ],
      "count": {
        "Starfoil Rare": 1
      }
    },
    {
      "card_name": "Damage Gate",
      "set_number": "BP01-EN109",
      "rarities": [
        "Starfoil Rare"
      ],
      "count": {
        "Starfoil Rare": 1
      }
    },
    {
      "card_name": "Liberty at Last!",
      "set_number": "BP01-EN110",
      "rarities": [
        "Starfoil Rare"
      ],
      "count": {
        "Starfoil Rare": 1
      }
    },
    {
      "card_name": "Luster Dragon",
      "set_number": "BP01-EN111",
      "rarities": [
        "Starfoil Rare"
      ],
      "count": {
        "Starfoil Rare": 1
      }
    },
    {
      "card_name": "Archfiend Soldier",
      "set_number": "BP01-EN112",
      "rarities": [
        "Starfoil Rare"
      ],
      "count": {
        "Starfoil Rare": 1
      }
    },
    {
      "card_name": "Mad Dog of Darkness",
      "set_number": "BP01-EN113",
      "rarities": [
        "Starfoil Rare"
      ],
      "count": {
        "Starfoil Rare": 1
      }
    },
    {
      "card_name": "Charcoal Inpachi",
      "set_number": "BP01-EN114",
      "rarities": [
        "Starfoil Rare"
      ],
      "count": {
        "Starfoil Rare": 1
      }
    },
    {
      "card_name": "Insect Knight",
      "set_number": "BP01-EN115",
      "rarities": [
        "Starfoil Rare"
      ],
      "count": {
        "Starfoil Rare": 1
      }
    },
    {
      "card_name": "Gene-Warped Warwolf",
      "set_number": "BP01-EN116",
      "rarities": [
        "Starfoil Rare"
      ],
      "count": {
        "Starfoil Rare": 1
      }
    },
    {
      "card_name": "Buster Blader",
      "set_number": "BP01-EN117",
      "rarities": [
        "Starfoil Rare"
      ],
      "count": {
        "Starfoil Rare": 1
      }
    },
    {
      "card_name": "Goblin Attack Force",
      "set_number": "BP01-EN118",
      "rarities": [
        "Starfoil Rare"
      ],
      "count": {
        "Starfoil Rare": 1
      }
    },
    {
      "card_name": "Bazoo the Soul-Eater",
      "set_number": "BP01-EN119",
      "rarities": [
        "Starfoil Rare"
      ],
      "count": {
        "Starfoil Rare": 1
      }
    },
    {
      "card_name": "Zombyra the Dark",
      "set_number": "BP01-EN120",
      "rarities": [
        "Starfoil Rare"
      ],
      "count": {
        "Starfoil Rare": 1
      }
    },
    {
      "card_name": "Slate Warrior",
      "set_number": "BP01-EN121",
      "rarities": [
        "Starfoil Rare"
      ],
      "count": {
        "Starfoil Rare": 1
      }
    },
    {
      "card_name": "Dark Ruler Ha Des",
      "set_number": "BP01-EN122",
      "rarities": [
        "Starfoil Rare"
      ],
      "count": {
        "Starfoil Rare": 1
      }
    },
    {
      "card_name": "Freed the Matchless General",
      "set_number": "BP01-EN123",
      "rarities": [
        "Starfoil Rare"
      ],
      "count": {
        "Starfoil Rare": 1
      }
    },
    {
      "card_name": "Airknight Parshath",
      "set_number": "BP01-EN124",
      "rarities": [
        "Starfoil Rare"
      ],
      "count": {
        "Starfoil Rare": 1
      }
    },
    {
      "card_name": "Asura Priest",
      "set_number": "BP01-EN125",
      "rarities": [
        "Starfoil Rare"
      ],
      "count": {
        "Starfoil Rare": 1
      }
    },
    {
      "card_name": "Exarion Universe",
      "set_number": "BP01-EN126",
      "rarities": [
        "Starfoil Rare"
      ],
      "count": {
        "Starfoil Rare": 1
      }
    },
    {
      "card_name": "Vampire Lord",
      "set_number": "BP01-EN127",
      "rarities": [
        "Starfoil Rare"
      ],
      "count": {
        "Starfoil Rare": 1
      }
    },
    {
      "card_name": "Toon Gemini Elf",
      "set_number": "BP01-EN128",
      "rarities": [
        "Starfoil Rare"
      ],
      "count": {
        "Starfoil Rare": 1
      }
    },
    {
      "card_name": "King Tiger Wanghu",
      "set_number": "BP01-EN129",
      "rarities": [
        "Starfoil Rare"
      ],
      "count": {
        "Starfoil Rare": 1
      }
    },
    {
      "card_name": "Guardian Sphinx",
      "set_number": "BP01-EN130",
      "rarities": [
        "Starfoil Rare"
      ],
      "count": {
        "Starfoil Rare": 1
      }
    },
    {
      "card_name": "Skilled White Magician",
      "set_number": "BP01-EN131",
      "rarities": [
        "Starfoil Rare"
      ],
      "count": {
        "Starfoil Rare": 1
      }
    },
    {
      "card_name": "Zaborg the Thunder Monarch",
      "set_number": "BP01-EN132",
      "rarities": [
        "Starfoil Rare"
      ],
      "count": {
        "Starfoil Rare": 1
      }
    },
    {
      "card_name": "D.D. Assailant",
      "set_number": "BP01-EN133",
      "rarities": [
        "Starfoil Rare"
      ],
      "count": {
        "Starfoil Rare": 1
      }
    },
    {
      "card_name": "Theban Nightmare",
      "set_number": "BP01-EN134",
      "rarities": [
        "Starfoil Rare"
      ],
      "count": {
        "Starfoil Rare": 1
      }
    },
    {
      "card_name": "The Tricky",
      "set_number": "BP01-EN135",
      "rarities": [
        "Starfoil Rare"
      ],
      "count": {
        "Starfoil Rare": 1
      }
    },
    {
      "card_name": "Raging Flame Sprite",
      "set_number": "BP01-EN136",
      "rarities": [
        "Starfoil Rare"
      ],
      "count": {
        "Starfoil Rare": 1
      }
    },
    {
      "card_name": "Chiron the Mage",
      "set_number": "BP01-EN137",
      "rarities": [
        "Starfoil Rare"
      ],
      "count": {
        "Starfoil Rare": 1
      }
    },
    {
      "card_name": "Cyber Dragon",
      "set_number": "BP01-EN138",
      "rarities": [
        "Starfoil Rare"
      ],
      "count": {
        "Starfoil Rare": 1
      }
    },
    {
      "card_name": "Cybernetic Magician",
      "set_number": "BP01-EN139",
      "rarities": [
        "Starfoil Rare"
      ],
      "count": {
        "Starfoil Rare": 1
      }
    },
    {
      "card_name": "Goblin Elite Attack Force",
      "set_number": "BP01-EN140",
      "rarities": [
        "Starfoil Rare"
      ],
      "count": {
        "Starfoil Rare": 1
      }
    },
    {
      "card_name": "Doomcaliber Knight",
      "set_number": "BP01-EN141",
      "rarities": [
        "Starfoil Rare"
      ],
      "count": {
        "Starfoil Rare": 1
      }
    },
    {
      "card_name": "Chainsaw Insect",
      "set_number": "BP01-EN142",
      "rarities": [
        "Starfoil Rare"
      ],
      "count": {
        "Starfoil Rare": 1
      }
    },
    {
      "card_name": "Card Trooper",
      "set_number": "BP01-EN143",
      "rarities": [
        "Starfoil Rare"
      ],
      "count": {
        "Starfoil Rare": 1
      }
    },
    {
      "card_name": "Voltic Kong",
      "set_number": "BP01-EN144",
      "rarities": [
        "Starfoil Rare"
      ],
      "count": {
        "Starfoil Rare": 1
      }
    },
    {
      "card_name": "Botanical Lion",
      "set_number": "BP01-EN145",
      "rarities": [
        "Starfoil Rare"
      ],
      "count": {
        "Starfoil Rare": 1
      }
    },
    {
      "card_name": "Ancient Gear Knight",
      "set_number": "BP01-EN146",
      "rarities": [
        "Starfoil Rare"
      ],
      "count": {
        "Starfoil Rare": 1
      }
    },
    {
      "card_name": "Blizzard Dragon",
      "set_number": "BP01-EN147",
      "rarities": [
        "Starfoil Rare"
      ],
      "count": {
        "Starfoil Rare": 1
      }
    },
    {
      "card_name": "Beast King Barbaros",
      "set_number": "BP01-EN148",
      "rarities": [
        "Starfoil Rare"
      ],
      "count": {
        "Starfoil Rare": 1
      }
    },
    {
      "card_name": "The Calculator",
      "set_number": "BP01-EN149",
      "rarities": [
        "Starfoil Rare"
      ],
      "count": {
        "Starfoil Rare": 1
      }
    },
    {
      "card_name": "Gaap the Divine Soldier",
      "set_number": "BP01-EN150",
      "rarities": [
        "Starfoil Rare"
      ],
      "count": {
        "Starfoil Rare": 1
      }
    },
    {
      "card_name": "Arcana Force XIV - Temperance",
      "set_number": "BP01-EN151",
      "rarities": [
        "Starfoil Rare"
      ],
      "count": {
        "Starfoil Rare": 1
      }
    },
    {
      "card_name": "Dark Valkyria",
      "set_number": "BP01-EN152",
      "rarities": [
        "Starfoil Rare"
      ],
      "count": {
        "Starfoil Rare": 1
      }
    },
    {
      "card_name": "Alector, Sovereign of Birds",
      "set_number": "BP01-EN153",
      "rarities": [
        "Starfoil Rare"
      ],
      "count": {
        "Starfoil Rare": 1
      }
    },
    {
      "card_name": "Twin-Barrel Dragon",
      "set_number": "BP01-EN154",
      "rarities": [
        "Starfoil Rare"
      ],
      "count": {
        "Starfoil Rare": 1
      }
    },
    {
      "card_name": "Abyssal Kingshark",
      "set_number": "BP01-EN155",
      "rarities": [
        "Starfoil Rare"
      ],
      "count": {
        "Starfoil Rare": 1
      }
    },
    {
      "card_name": "Jurrac Protops",
      "set_number": "BP01-EN156",
      "rarities": [
        "Starfoil Rare"
      ],
      "count": {
        "Starfoil Rare": 1
      }
    },
    {
      "card_name": "Hedge Guard",
      "set_number": "BP01-EN157",
      "rarities": [
        "Starfoil Rare"
      ],
      "count": {
        "Starfoil Rare": 1
      }
    },
    {
      "card_name": "Fabled Ashenveil",
      "set_number": "BP01-EN158",
      "rarities": [
        "Starfoil Rare"
      ],
      "count": {
        "Starfoil Rare": 1
      }
    },
    {
      "card_name": "Backup Warrior",
      "set_number": "BP01-EN159",
      "rarities": [
        "Starfoil Rare"
      ],
      "count": {
        "Starfoil Rare": 1
      }
    },
    {
      "card_name": "Ambitious Gofer",
      "set_number": "BP01-EN160",
      "rarities": [
        "Starfoil Rare"
      ],
      "count": {
        "Starfoil Rare": 1
      }
    },
    {
      "card_name": "Power Giant",
      "set_number": "BP01-EN161",
      "rarities": [
        "Starfoil Rare"
      ],
      "count": {
        "Starfoil Rare": 1
      }
    },
    {
      "card_name": "Card Guard",
      "set_number": "BP01-EN162",
      "rarities": [
        "Starfoil Rare"
      ],
      "count": {
        "Starfoil Rare": 1
      }
    },
    {
      "card_name": "Yaksha",
      "set_number": "BP01-EN163",
      "rarities": [
        "Starfoil Rare"
      ],
      "count": {
        "Starfoil Rare": 1
      }
    },
    {
      "card_name": "Gogogo Golem",
      "set_number": "BP01-EN164",
      "rarities": [
        "Starfoil Rare"
      ],
      "count": {
        "Starfoil Rare": 1
      }
    },
    {
      "card_name": "Big Jaws",
      "set_number": "BP01-EN165",
      "rarities": [
        "Starfoil Rare"
      ],
      "count": {
        "Starfoil Rare": 1
      }
    },
    {
      "card_name": "Wind-Up Soldier",
      "set_number": "BP01-EN166",
      "rarities": [
        "Starfoil Rare"
      ],
      "count": {
        "Starfoil Rare": 1
      }
    },
    {
      "card_name": "Wind-Up Dog",
      "set_number": "BP01-EN167",
      "rarities": [
        "Starfoil Rare"
      ],
      "count": {
        "Starfoil Rare": 1
      }
    },
    {
      "card_name": "Milla the Temporal Magician",
      "set_number": "BP01-EN168",
      "rarities": [
        "Starfoil Rare"
      ],
      "count": {
        "Starfoil Rare": 1
      }
    },
    {
      "card_name": "Ape Fighter",
      "set_number": "BP01-EN169",
      "rarities": [
        "Starfoil Rare"
      ],
      "count": {
        "Starfoil Rare": 1
      }
    },
    {
      "card_name": "Wind-Up Warrior",
      "set_number": "BP01-EN170",
      "rarities": [
        "Starfoil Rare"
      ],
      "count": {
        "Starfoil Rare": 1
      }
    },
    {
      "card_name": "Giant Soldier of Stone",
      "set_number": "BP01-EN171",
      "rarities": [
        "Starfoil Rare"
      ],
      "count": {
        "Starfoil Rare": 1
      }
    },
    {
      "card_name": "Mask of Darkness",
      "set_number": "BP01-EN172",
      "rarities": [
        "Starfoil Rare"
      ],
      "count": {
        "Starfoil Rare": 1
      }
    },
    {
      "card_name": "Morphing Jar",
      "set_number": "BP01-EN173",
      "rarities": [
        "Starfoil Rare"
      ],
      "count": {
        "Starfoil Rare": 1
      }
    },
    {
      "card_name": "Muka Muka",
      "set_number": "BP01-EN174",
      "rarities": [
        "Starfoil Rare"
      ],
      "count": {
        "Starfoil Rare": 1
      }
    },
    {
      "card_name": "Blast Sphere",
      "set_number": "BP01-EN175",
      "rarities": [
        "Starfoil Rare"
      ],
      "count": {
        "Starfoil Rare": 1
      }
    },
    {
      "card_name": "Big Shield Gardna",
      "set_number": "BP01-EN176",
      "rarities": [
        "Starfoil Rare"
      ],
      "count": {
        "Starfoil Rare": 1
      }
    },
    {
      "card_name": "Gilasaurus",
      "set_number": "BP01-EN177",
      "rarities": [
        "Starfoil Rare"
      ],
      "count": {
        "Starfoil Rare": 1
      }
    },
    {
      "card_name": "Possessed Dark Soul",
      "set_number": "BP01-EN178",
      "rarities": [
        "Starfoil Rare"
      ],
      "count": {
        "Starfoil Rare": 1
      }
    },
    {
      "card_name": "Twin-Headed Behemoth",
      "set_number": "BP01-EN179",
      "rarities": [
        "Starfoil Rare"
      ],
      "count": {
        "Starfoil Rare": 1
      }
    },
    {
      "card_name": "Makyura the Destructor",
      "set_number": "BP01-EN180",
      "rarities": [
        "Starfoil Rare"
      ],
      "count": {
        "Starfoil Rare": 1
      }
    },
    {
      "card_name": "Helping Robo for Combat",
      "set_number": "BP01-EN181",
      "rarities": [
        "Starfoil Rare"
      ],
      "count": {
        "Starfoil Rare": 1
      }
    },
    {
      "card_name": "Zolga",
      "set_number": "BP01-EN182",
      "rarities": [
        "Starfoil Rare"
      ],
      "count": {
        "Starfoil Rare": 1
      }
    },
    {
      "card_name": "Chaos Necromancer",
      "set_number": "BP01-EN183",
      "rarities": [
        "Starfoil Rare"
      ],
      "count": {
        "Starfoil Rare": 1
      }
    },
    {
      "card_name": "Stealth Bird",
      "set_number": "BP01-EN184",
      "rarities": [
        "Starfoil Rare"
      ],
      "count": {
        "Starfoil Rare": 1
      }
    },
    {
      "card_name": "Hyper Hammerhead",
      "set_number": "BP01-EN185",
      "rarities": [
        "Starfoil Rare"
      ],
      "count": {
        "Starfoil Rare": 1
      }
    },
    {
      "card_name": "Grave Protector",
      "set_number": "BP01-EN186",
      "rarities": [
        "Starfoil Rare"
      ],
      "count": {
        "Starfoil Rare": 1
      }
    },
    {
      "card_name": "Night Assailant",
      "set_number": "BP01-EN187",
      "rarities": [
        "Starfoil Rare"
      ],
      "count": {
        "Starfoil Rare": 1
      }
    },
    {
      "card_name": "Pitch-Black Warwolf",
      "set_number": "BP01-EN188",
      "rarities": [
        "Starfoil Rare"
      ],
      "count": {
        "Starfoil Rare": 1
      }
    },
    {
      "card_name": "Dekoichi the Battlechanted Locomotive",
      "set_number": "BP01-EN189",
      "rarities": [
        "Starfoil Rare"
      ],
      "count": {
        "Starfoil Rare": 1
      }
    },
    {
      "card_name": "Gyroid",
      "set_number": "BP01-EN190",
      "rarities": [
        "Starfoil Rare"
      ],
      "count": {
        "Starfoil Rare": 1
      }
    },
    {
      "card_name": "Drillroid",
      "set_number": "BP01-EN191",
      "rarities": [
        "Starfoil Rare"
      ],
      "count": {
        "Starfoil Rare": 1
      }
    },
    {
      "card_name": "Gravitic Orb",
      "set_number": "BP01-EN192",
      "rarities": [
        "Starfoil Rare"
      ],
      "count": {
        "Starfoil Rare": 1
      }
    },
    {
      "card_name": "Cloudian - Poison Cloud",
      "set_number": "BP01-EN193",
      "rarities": [
        "Starfoil Rare"
      ],
      "count": {
        "Starfoil Rare": 1
      }
    },
    {
      "card_name": "Des Mosquito",
      "set_number": "BP01-EN194",
      "rarities": [
        "Starfoil Rare"
      ],
      "count": {
        "Starfoil Rare": 1
      }
    },
    {
      "card_name": "Mad Reloader",
      "set_number": "BP01-EN195",
      "rarities": [
        "Starfoil Rare"
      ],
      "count": {
        "Starfoil Rare": 1
      }
    },
    {
      "card_name": "Phantom of Chaos",
      "set_number": "BP01-EN196",
      "rarities": [
        "Starfoil Rare"
      ],
      "count": {
        "Starfoil Rare": 1
      }
    },
    {
      "card_name": "Cyber Valley",
      "set_number": "BP01-EN197",
      "rarities": [
        "Starfoil Rare"
      ],
      "count": {
        "Starfoil Rare": 1
      }
    },
    {
      "card_name": "Blue Thunder T-45",
      "set_number": "BP01-EN198",
      "rarities": [
        "Starfoil Rare"
      ],
      "count": {
        "Starfoil Rare": 1
      }
    },
    {
      "card_name": "Vortex Trooper",
      "set_number": "BP01-EN199",
      "rarities": [
        "Starfoil Rare"
      ],
      "count": {
        "Starfoil Rare": 1
      }
    },
    {
      "card_name": "DUCKER Mobile Cannon",
      "set_number": "BP01-EN200",
      "rarities": [
        "Starfoil Rare"
      ],
      "count": {
        "Starfoil Rare": 1
      }
    },
    {
      "card_name": "Worm Barses",
      "set_number": "BP01-EN201",
      "rarities": [
        "Starfoil Rare"
      ],
      "count": {
        "Starfoil Rare": 1
      }
    },
    {
      "card_name": "Shield Warrior",
      "set_number": "BP01-EN202",
      "rarities": [
        "Starfoil Rare"
      ],
      "count": {
        "Starfoil Rare": 1
      }
    },
    {
      "card_name": "Dark Resonator",
      "set_number": "BP01-EN203",
      "rarities": [
        "Starfoil Rare"
      ],
      "count": {
        "Starfoil Rare": 1
      }
    },
    {
      "card_name": "Noisy Gnat",
      "set_number": "BP01-EN204",
      "rarities": [
        "Starfoil Rare"
      ],
      "count": {
        "Starfoil Rare": 1
      }
    },
    {
      "card_name": "Fabled Raven",
      "set_number": "BP01-EN205",
      "rarities": [
        "Starfoil Rare"
      ],
      "count": {
        "Starfoil Rare": 1
      }
    },
    {
      "card_name": "Fortress Warrior",
      "set_number": "BP01-EN206",
      "rarities": [
        "Starfoil Rare"
      ],
      "count": {
        "Starfoil Rare": 1
      }
    },
    {
      "card_name": "Twin-Sword Marauder",
      "set_number": "BP01-EN207",
      "rarities": [
        "Starfoil Rare"
      ],
      "count": {
        "Starfoil Rare": 1
      }
    },
    {
      "card_name": "Level Warrior",
      "set_number": "BP01-EN208",
      "rarities": [
        "Starfoil Rare"
      ],
      "count": {
        "Starfoil Rare": 1
      }
    },
    {
      "card_name": "Level Eater",
      "set_number": "BP01-EN209",
      "rarities": [
        "Starfoil Rare"
      ],
      "count": {
        "Starfoil Rare": 1
      }
    },
    {
      "card_name": "Naturia Strawberry",
      "set_number": "BP01-EN210",
      "rarities": [
        "Starfoil Rare"
      ],
      "count": {
        "Starfoil Rare": 1
      }
    },
    {
      "card_name": "Battle Fader",
      "set_number": "BP01-EN211",
      "rarities": [
        "Starfoil Rare"
      ],
      "count": {
        "Starfoil Rare": 1
      }
    },
    {
      "card_name": "Amazoness Sage",
      "set_number": "BP01-EN212",
      "rarities": [
        "Starfoil Rare"
      ],
      "count": {
        "Starfoil Rare": 1
      }
    },
    {
      "card_name": "Amazoness Trainee",
      "set_number": "BP01-EN213",
      "rarities": [
        "Starfoil Rare"
      ],
      "count": {
        "Starfoil Rare": 1
      }
    },
    {
      "card_name": "Hardened Armed Dragon",
      "set_number": "BP01-EN214",
      "rarities": [
        "Starfoil Rare"
      ],
      "count": {
        "Starfoil Rare": 1
      }
    },
    {
      "card_name": "Blackwing - Zephyros the Elite",
      "set_number": "BP01-EN215",
      "rarities": [
        "Starfoil Rare"
      ],
      "count": {
        "Starfoil Rare": 1
      }
    },
    {
      "card_name": "Tanngrisnir of the Nordic Beasts",
      "set_number": "BP01-EN216",
      "rarities": [
        "Starfoil Rare"
      ],
      "count": {
        "Starfoil Rare": 1
      }
    },
    {
      "card_name": "Shine Knight",
      "set_number": "BP01-EN217",
      "rarities": [
        "Starfoil Rare"
      ],
      "count": {
        "Starfoil Rare": 1
      }
    },
    {
      "card_name": "Gagaga Magician",
      "set_number": "BP01-EN218",
      "rarities": [
        "Starfoil Rare"
      ],
      "count": {
        "Starfoil Rare": 1
      }
    },
    {
      "card_name": "Goblindbergh",
      "set_number": "BP01-EN219",
      "rarities": [
        "Starfoil Rare"
      ],
      "count": {
        "Starfoil Rare": 1
      }
    },
    {
      "card_name": "Psi-Blocker",
      "set_number": "BP01-EN220",
      "rarities": [
        "Starfoil Rare"
      ],
      "count": {
        "Starfoil Rare": 1
      }
    }
  ]
}