{
  "name": "Battle Pack Tournament Prize Cards",
  "type": "Tournament Promo Cards",
  "date": "2012-05-29",
  "distribution": "tournament_promo_cards",
  "prefix": "BATT",
  "sub_sets": [],
  "load": false,
  "cards": [
    {
      "card_name": "Blue-Eyes Ultimate Dragon",
      "set_number": "BATT-EN001",
      "rarities": [
        "Starfoil Rare"
      ],
      "count": {
        "Starfoil Rare": 1
      }
    },
    {
      "card_name": "Apprentice Magician",
      "set_number": "BATT-EN002",
      "rarities": [
        "Starfoil Rare"
      ],
      "count": {
        "Starfoil Rare": 1
      }
    },
    {
      "card_name": "Strike Ninja",
      "set_number": "BATT-EN003",
      "rarities": [
        "Starfoil Rare"
      ],
      "count": {
        "Starfoil Rare": 1
      }
    },
    {
      "card_name": "Icarus Attack",
      "set_number": "BATT-EN004",
      "rarities": [
        "Starfoil Rare"
      ],
      "count": {
        "Starfoil Rare": 1
      }
    },
    {
      "card_name": "Electric Virus",
      "set_number": "BATT-EN005",
      "rarities": [
        "Starfoil Rare"
      ],
      "count": {
        "Starfoil Rare": 1
      }
    },
    {
      "card_name": "Ancient City - Rainbow Ruins",
      "set_number": "BATT-EN006",
      "rarities": [
        "Starfoil Rare"
      ],
      "count": {
        "Starfoil Rare": 1
      }
    },
    {
      "card_name": "Superancient Deepsea King Coelacanth",
      "set_number": "BATT-EN007",
      "rarities": [
        "Starfoil Rare"
      ],
      "count": {
        "Starfoil Rare": 1
      }
    },
    {
      "card_name": "Gladiator Beast Gyzarus",
      "set_number": "BATT-EN008",
      "rarities": [
        "Starfoil Rare"
      ],
      "count": {
        "Starfoil Rare": 1
      }
    },
    {
      "card_name": "Blackwing Armor Master",
      "set_number": "BATT-EN009",
      "rarities": [
        "Starfoil Rare"
      ],
      "count": {
        "Starfoil Rare": 1
      }
    },
    {
      "card_name": "Gravekeeper's Descendant",
      "set_number": "BATT-EN010",
      "rarities": [
        "Starfoil Rare"
      ],
      "count": {
        "Starfoil Rare": 1
      }
    },
    {
      "card_name": "Gleipnir, the Fetters of Fenrir",
      "set_number": "BATT-EN011",
      "rarities": [
        "Starfoil Rare"
      ],
      "count": {
        "Starfoil Rare": 1
      }
    },
    {
      "card_name": "Cyber Harpie Lady",
      "set_number": "BATT-EN012",
      "rarities": [
        "Starfoil Rare"
      ],
      "count": {
        "Starfoil Rare": 1
      }
    },
    {
      "card_name": "Spirit Reaper",
      "set_number": "BATT-EN013",
      "rarities": [
        "Starfoil Rare"
      ],
      "count": {
        "Starfoil Rare": 1
      }
    },
    {
      "card_name": "Mystical Shine Ball",
      "set_number": "BATT-EN014",
      "rarities": [
        "Starfoil Rare"
      ],
      "count": {
        "Starfoil Rare": 1
      }
    },
    {
      "card_name": "Chimeratech Fortress Dragon",
      "set_number": "BATT-EN015",
      "rarities": [
        "Starfoil Rare"
      ],
      "count": {
        "Starfoil Rare": 1
      }
    },
    {
      "card_name": "Grandmaster of the Six Samurai",
      "set_number": "BATT-EN016",
      "rarities": [
        "Starfoil Rare"
      ],
      "count": {
        "Starfoil Rare": 1
      }
    },
    {
      "card_name": "Judgment Dragon",
      "set_number": "BATT-EN017",
      "rarities": [
        "Starfoil Rare"
      ],
      "count": {
        "Starfoil Rare": 1
      }
    },
    {
      "card_name": "Colossal Fighter",
      "set_number": "BATT-EN018",
      "rarities": [
        "Starfoil Rare"
      ],
      "count": {
        "Starfoil Rare": 1
      }
    },
    {
      "card_name": "Jurrac Guaiba",
      "set_number": "BATT-EN019",
      "rarities": [
        "Starfoil Rare"
      ],
      "count": {
        "Starfoil Rare": 1
      }
    },
    {
      "card_name": "T.G. Rush Rhino",
      "set_number": "BATT-EN020",
      "rarities": [
        "Starfoil Rare"
      ],
      "count": {
        "Starfoil Rare": 1
      }
    }
  ]
}