{
  "name": "Champion Pack: Game Six",
  "type": "Booster Pack",
  "date": "2008-05-12",
  "distribution": "booster_pack",
  "prefix": "CP06",
  "sub_sets": [],
  "load": true,
  "cards": [
    {
      "card_name": "Rigorous Reaver",
      "set_number": "CP06-EN001",
      "rarities": [
        "Ultra Rare"
      ],
      "count": {
        "Ultra Rare": 1
      }
    },
    {
      "card_name": "Destiny HERO - Fear Monger",
      "set_number": "CP06-EN002",
      "rarities": [
        "Super Rare"
      ],
      "count": {
        "Super Rare": 1
      }
    },
    {
      "card_name": "Old Vindictive Magician",
      "set_number": "CP06-EN003",
      "rarities": [
        "Super Rare"
      ],
      "count": {
        "Super Rare": 1
      }
    },
    {
      "card_name": "Phoenix Wing Wind Blast",
      "set_number": "CP06-EN004",
      "rarities": [
        "Super Rare"
      ],
      "count": {
        "Super Rare": 1
      }
    },
    {
      "card_name": "Blaze Accelerator",
      "set_number": "CP06-EN005",
      "rarities": [
        "Super Rare"
      ],
      "count": {
        "Super Rare": 1
      }
    },
    {
      "card_name": "Call of Darkness",
      "set_number": "CP06-EN006",
      "rarities": [
        "Rare"
      ],
      "count": {
        "Rare": 1
      }
    },
    {
      "card_name": "Blade Knight",
      "set_number": "CP06-EN007",
      "rarities": [
        "Rare"
      ],
      "count": {
        "Rare": 1
      }
    },
    {
      "card_name": "Super-Electromagnetic Voltech Dragon",
      "set_number": "CP06-EN008",
      "rarities": [
        "Rare"
      ],
      "count": {
        "Rare": 1
      }
    },
    {
      "card_name": "Elemental HERO Stratos",
      "set_number": "CP06-EN009",
      "rarities": [
        "Rare"
      ],
      "count": {
        "Rare": 1
      }
    },
    {
      "card_name": "Helios Duo Megistus",
      "set_number": "CP06-EN010",
      "rarities": [
        "Rare"
      ],
      "count": {
        "Rare": 1
      }
    },
    {
      "card_name": "Mage Power",
      "set_number": "CP06-EN011",
      "rarities": [
        "Rare"
      ],
      "count": {
        "Rare": 1
      }
    },
    {
      "card_name": "Sentinel of the Seas",
      "set_number": "CP06-EN012",
      "rarities": [
        "Common"
      ],
      "count": {
        "Common": 1
      }
    },
    {
      "card_name": "Batteryman AA",
      "set_number": "CP06-EN013",
      "rarities": [
        "Common"
      ],
      "count": {
        "Common": 1
      }
    },
    {
      "card_name": "Theban Nightmare",
      "set_number": "CP06-EN014",
      "rarities": [
        "Common"
      ],
      "count": {
        "Common": 1
      }
    },
    {
      "card_name": "Majestic Mech - Ohka",
      "set_number": "CP06-EN015",
      "rarities": [
        "Common"
      ],
      "count": {
        "Common": 1
      }
    },
    {
      "card_name": "Soul of Purity and Light",
      "set_number": "CP06-EN016",
      "rarities": [
        "Common"
      ],
      "count": {
        "Common": 1
      }
    },
    {
      "card_name": "Amplifier",
      "set_number": "CP06-EN017",
      "rarities": [
        "Common"
      ],
      "count": {
        "Common": 1
      }
    },
    {
      "card_name": "Cold Wave",
      "set_number": "CP06-EN018",
      "rarities": [
        "Common"
      ],
      "count": {
        "Common": 1
      }
    },
    {
      "card_name": "Magical Hats",
      "set_number": "CP06-EN019",
      "rarities": [
        "Common"
      ],
      "count": {
        "Common": 1
      }
    },
    {
      "card_name": "Dimension Wall",
      "set_number": "CP06-EN020",
      "rarities": [
        "Common"
      ],
      "count": {
        "Common": 1
      }
    }
  ]
}