{
  "name": "Champion Pack: Game Two",
  "type": "Booster Pack",
  "date": "2007-02-06",
  "distribution": "booster_pack",
  "prefix": "CP02",
  "sub_sets": [],
  "load": true,
  "cards": [
    {
      "card_name": "Magical Stone Excavation",
      "set_number": "CP02-EN001",
      "rarities": [
        "Ultra Rare"
      ],
      "count": {
        "Ultra Rare": 1
      }
    },
    {
      "card_name": "Nimble Momonga",
      "set_number": "CP02-EN002",
      "rarities": [
        "Super Rare"
      ],
      "count": {
        "Super Rare": 1
      }
    },
    {
      "card_name": "Magician of Faith",
      "set_number": "CP02-EN003",
      "rarities": [
        "Super Rare"
      ],
      "count": {
        "Super Rare": 1
      }
    },
    {
      "card_name": "Pyramid Turtle",
      "set_number": "CP02-EN004",
      "rarities": [
        "Super Rare"
      ],
      "count": {
        "Super Rare": 1
      }
    },
    {
      "card_name": "Smashing Ground",
      "set_number": "CP02-EN005",
      "rarities": [
        "Super Rare"
      ],
      "count": {
        "Super Rare": 1
      }
    },
    {
      "card_name": "Kuriboh",
      "set_number": "CP02-EN006",
      "rarities": [
        "Rare"
      ],
      "count": {
        "Rare": 1
      }
    },
    {
      "card_name": "Abyss Soldier",
      "set_number": "CP02-EN007",
      "rarities": [
        "Rare"
      ],
      "count": {
        "Rare": 1
      }
    },
    {
      "card_name": "Ring of Destruction",
      "set_number": "CP02-EN008",
      "rarities": [
        "Rare"
      ],
      "count": {
        "Rare": 1
      }
    },
    {
      "card_name": "Morphing Jar",
      "set_number": "CP02-EN009",
      "rarities": [
        "Rare"
      ],
      "count": {
        "Rare": 1
      }
    },
    {
      "card_name": "Dark Master - Zorc",
      "set_number": "CP02-EN010",
      "rarities": [
        "Rare"
      ],
      "count": {
        "Rare": 1
      }
    },
    {
      "card_name": "Magical Dimension",
      "set_number": "CP02-EN011",
      "rarities": [
        "Rare"
      ],
      "count": {
        "Rare": 1
      }
    },
    {
      "card_name": "Happy Lover",
      "set_number": "CP02-EN012",
      "rarities": [
        "Common"
      ],
      "count": {
        "Common": 1
      }
    },
    {
      "card_name": "Rush Recklessly",
      "set_number": "CP02-EN013",
      "rarities": [
        "Common"
      ],
      "count": {
        "Common": 1
      }
    },
    {
      "card_name": "Ceasefire",
      "set_number": "CP02-EN014",
      "rarities": [
        "Common"
      ],
      "count": {
        "Common": 1
      }
    },
    {
      "card_name": "Thunder Dragon",
      "set_number": "CP02-EN015",
      "rarities": [
        "Common"
      ],
      "count": {
        "Common": 1
      }
    },
    {
      "card_name": "Twin-Headed Behemoth",
      "set_number": "CP02-EN016",
      "rarities": [
        "Common"
      ],
      "count": {
        "Common": 1
      }
    },
    {
      "card_name": "Book of Taiyou",
      "set_number": "CP02-EN017",
      "rarities": [
        "Common"
      ],
      "count": {
        "Common": 1
      }
    },
    {
      "card_name": "Terraforming",
      "set_number": "CP02-EN018",
      "rarities": [
        "Common"
      ],
      "count": {
        "Common": 1
      }
    },
    {
      "card_name": "Big Bang Shot",
      "set_number": "CP02-EN019",
      "rarities": [
        "Common"
      ],
      "count": {
        "Common": 1
      }
    },
    {
      "card_name": "Stray Lambs",
      "set_number": "CP02-EN020",
      "rarities": [
        "Common"
      ],
      "count": {
        "Common": 1
      }
    }
  ]
}