{
  "name": "Circuit Break",
  "type": "Booster Pack",
  "date": "2017-07-08",
  "distribution": "booster_pack",
  "prefix": "CIBR",
  "sub_sets": [],
  "load": true,
  "cards": [
    {
      "card_name": "Defect Compiler",
      "set_number": "CIBR-EN001",
      "rarities": [
        "Common"
      ],
      "count": {
        "Common": 1
      }
    },
    {
      "card_name": "Capacitor Stalker",
      "set_number": "CIBR-EN002",
      "rarities": [
        "Common"
      ],
      "count": {
        "Common": 1
      }
    },
    {
      "card_name": "Link Infra-Flier",
      "set_number": "CIBR-EN003",
      "rarities": [
        "Common"
      ],
      "count": {
        "Common": 1
      }
    },
    {
      "card_name": "Trickstar Narkissus",
      "set_number": "CIBR-EN004",
      "rarities": [
        "Rare"
      ],
      "count": {
        "Rare": 1
      }
    },
    {
      "card_name": "Dark Angel",
      "set_number": "CIBR-EN005",
      "rarities": [
        "Common"
      ],
      "count": {
        "Common": 1
      }
    },
    {
      "card_name": "Gouki Headbatt",
      "set_number": "CIBR-EN006",
      "rarities": [
        "Common"
      ],
      "count": {
        "Common": 1
      }
    },
    {
      "card_name": "Gateway Dragon",
      "set_number": "CIBR-EN007",
      "rarities": [
        "Super Rare"
      ],
      "count": {
        "Super Rare": 1
      }
    },
    {
      "card_name": "Sniffer Dragon",
      "set_number": "CIBR-EN008",
      "rarities": [
        "Common"
      ],
      "count": {
        "Common": 1
      }
    },
    {
      "card_name": "Anesvullet Dragon",
      "set_number": "CIBR-EN009",
      "rarities": [
        "Common"
      ],
      "count": {
        "Common": 1
      }
    },
    {
      "card_name": "Autorokket Dragon",
      "set_number": "CIBR-EN010",
      "rarities": [
        "Super Rare"
      ],
      "count": {
        "Super Rare": 1
      }
    },
    {
      "card_name": "Magnarokket Dragon",
      "set_number": "CIBR-EN011",
      "rarities": [
        "Ultra Rare"
      ],
      "count": {
        "Ultra Rare": 1
      }
    },
    {
      "card_name": "Altergeist Marionetter",
      "set_number": "CIBR-EN012",
      "rarities": [
        "Ultra Rare"
      ],
      "count": {
        "Ultra Rare": 1
      }
    },
    {
      "card_name": "Altergeist Silquitous",
      "set_number": "CIBR-EN013",
      "rarities": [
        "Super Rare"
      ],
      "count": {
        "Super Rare": 1
      }
    },
    {
      "card_name": "Altergeist Meluseek",
      "set_number": "CIBR-EN014",
      "rarities": [
        "Ultra Rare"
      ],
      "count": {
        "Ultra Rare": 1
      }
    },
    {
      "card_name": "Altergeist Kunquery",
      "set_number": "CIBR-EN015",
      "rarities": [
        "Common"
      ],
      "count": {
        "Common": 1
      }
    },
    {
      "card_name": "Krawler Spine",
      "set_number": "CIBR-EN016",
      "rarities": [
        "Common"
      ],
      "count": {
        "Common": 1
      }
    },
    {
      "card_name": "Krawler Axon",
      "set_number": "CIBR-EN017",
      "rarities": [
        "Common"
      ],
      "count": {
        "Common": 1
      }
    },
    {
      "card_name": "Krawler Glial",
      "set_number": "CIBR-EN018",
      "rarities": [
        "Common"
      ],
      "count": {
        "Common": 1
      }
    },
    {
      "card_name": "Krawler Receptor",
      "set_number": "CIBR-EN019",
      "rarities": [
        "Common"
      ],
      "count": {
        "Common": 1
      }
    },
    {
      "card_name": "Krawler Ranvier",
      "set_number": "CIBR-EN020",
      "rarities": [
        "Common"
      ],
      "count": {
        "Common": 1
      }
    },
    {
      "card_name": "Krawler Dendrite",
      "set_number": "CIBR-EN021",
      "rarities": [
        "Common"
      ],
      "count": {
        "Common": 1
      }
    },
    {
      "card_name": "World Legacy - \"World Armor\"",
      "set_number": "CIBR-EN022",
      "rarities": [
        "Rare"
      ],
      "count": {
        "Rare": 1
      }
    },
    {
      "card_name": "Metaphys Ragnarok",
      "set_number": "CIBR-EN023",
      "rarities": [
        "Super Rare"
      ],
      "count": {
        "Super Rare": 1
      }
    },
    {
      "card_name": "Metaphys Daedalus",
      "set_number": "CIBR-EN024",
      "rarities": [
        "Rare"
      ],
      "count": {
        "Rare": 1
      }
    },
    {
      "card_name": "Metaphys Nephthys",
      "set_number": "CIBR-EN025",
      "rarities": [
        "Super Rare"
      ],
      "count": {
        "Super Rare": 1
      }
    },
    {
      "card_name": "Metaphys Tyrant Dragon",
      "set_number": "CIBR-EN026",
      "rarities": [
        "Rare"
      ],
      "count": {
        "Rare": 1
      }
    },
    {
      "card_name": "Metaphys Executor",
      "set_number": "CIBR-EN027",
      "rarities": [
        "Super Rare"
      ],
      "count": {
        "Super Rare": 1
      }
    },
    {
      "card_name": "Mermail Abyssnerei",
      "set_number": "CIBR-EN028",
      "rarities": [
        "Common"
      ],
      "count": {
        "Common": 1
      }
    },
    {
      "card_name": "Fire King Avatar Arvata",
      "set_number": "CIBR-EN029",
      "rarities": [
        "Rare"
      ],
      "count": {
        "Rare": 1
      }
    },
    {
      "card_name": "Mecha Phantom Beast Raiten",
      "set_number": "CIBR-EN030",
      "rarities": [
        "Common"
      ],
      "count": {
        "Common": 1
      }
    },
    {
      "card_name": "The Accumulator",
      "set_number": "CIBR-EN031",
      "rarities": [
        "Common"
      ],
      "count": {
        "Common": 1
      }
    },
    {
      "card_name": "Soldier Dragons",
      "set_number": "CIBR-EN032",
      "rarities": [
        "Common"
      ],
      "count": {
        "Common": 1
      }
    },
    {
      "card_name": "Duck Dummy",
      "set_number": "CIBR-EN033",
      "rarities": [
        "Common"
      ],
      "count": {
        "Common": 1
      }
    },
    {
      "card_name": "Leng Ling",
      "set_number": "CIBR-EN034",
      "rarities": [
        "Common"
      ],
      "count": {
        "Common": 1
      }
    },
    {
      "card_name": "Self-Destruct Ant",
      "set_number": "CIBR-EN035",
      "rarities": [
        "Common"
      ],
      "count": {
        "Common": 1
      }
    },
    {
      "card_name": "Amano-Iwato",
      "set_number": "CIBR-EN036",
      "rarities": [
        "Common"
      ],
      "count": {
        "Common": 1
      }
    },
    {
      "card_name": "Fantastic Striborg",
      "set_number": "CIBR-EN037",
      "rarities": [
        "Rare"
      ],
      "count": {
        "Rare": 1
      }
    },
    {
      "card_name": "Destrudo the Lost Dragon's Frisson",
      "set_number": "CIBR-EN038",
      "rarities": [
        "Rare"
      ],
      "count": {
        "Rare": 1
      }
    },
    {
      "card_name": "Elemental Grace Doriado",
      "set_number": "CIBR-EN039",
      "rarities": [
        "Rare"
      ],
      "count": {
        "Rare": 1
      }
    },
    {
      "card_name": "Nimble Beaver",
      "set_number": "CIBR-EN040",
      "rarities": [
        "Normal Rare"
      ],
      "count": {
        "Normal Rare": 1
      }
    },
    {
      "card_name": "Muscle Medic",
      "set_number": "CIBR-EN041",
      "rarities": [
        "Normal Rare"
      ],
      "count": {
        "Normal Rare": 1
      }
    },
    {
      "card_name": "Borreload Dragon",
      "set_number": "CIBR-EN042",
      "rarities": [
        "Secret Rare"
      ],
      "count": {
        "Secret Rare": 1
      }
    },
    {
      "card_name": "Link Bumper",
      "set_number": "CIBR-EN043",
      "rarities": [
        "Super Rare"
      ],
      "count": {
        "Super Rare": 1
      }
    },
    {
      "card_name": "Trickstar Black Catbat",
      "set_number": "CIBR-EN044",
      "rarities": [
        "Ultra Rare"
      ],
      "count": {
        "Ultra Rare": 1
      }
    },
    {
      "card_name": "Gouki Thunder Ogre",
      "set_number": "CIBR-EN045",
      "rarities": [
        "Ultra Rare"
      ],
      "count": {
        "Ultra Rare": 1
      }
    },
    {
      "card_name": "Twin Triangle Dragon",
      "set_number": "CIBR-EN046",
      "rarities": [
        "Rare"
      ],
      "count": {
        "Rare": 1
      }
    },
    {
      "card_name": "Altergeist Primebanshee",
      "set_number": "CIBR-EN047",
      "rarities": [
        "Ultra Rare"
      ],
      "count": {
        "Ultra Rare": 1
      }
    },
    {
      "card_name": "X-Krawler Synaphysis",
      "set_number": "CIBR-EN048",
      "rarities": [
        "Common"
      ],
      "count": {
        "Common": 1
      }
    },
    {
      "card_name": "X-Krawler Neurogos",
      "set_number": "CIBR-EN049",
      "rarities": [
        "Common"
      ],
      "count": {
        "Common": 1
      }
    },
    {
      "card_name": "X-Krawler Qualiark",
      "set_number": "CIBR-EN050",
      "rarities": [
        "Super Rare"
      ],
      "count": {
        "Super Rare": 1
      }
    },
    {
      "card_name": "Akashic Magician",
      "set_number": "CIBR-EN051",
      "rarities": [
        "Secret Rare"
      ],
      "count": {
        "Secret Rare": 1
      }
    },
    {
      "card_name": "Mistar Boy",
      "set_number": "CIBR-EN052",
      "rarities": [
        "Super Rare"
      ],
      "count": {
        "Super Rare": 1
      }
    },
    {
      "card_name": "Security Block",
      "set_number": "CIBR-EN053",
      "rarities": [
        "Rare"
      ],
      "count": {
        "Rare": 1
      }
    },
    {
      "card_name": "Dragonoid Generator",
      "set_number": "CIBR-EN054",
      "rarities": [
        "Rare"
      ],
      "count": {
        "Rare": 1
      }
    },
    {
      "card_name": "Squib Draw",
      "set_number": "CIBR-EN055",
      "rarities": [
        "Secret Rare"
      ],
      "count": {
        "Secret Rare": 1
      }
    },
    {
      "card_name": "Quick Launch",
      "set_number": "CIBR-EN056",
      "rarities": [
        "Secret Rare"
      ],
      "count": {
        "Secret Rare": 1
      }
    },
    {
      "card_name": "World Legacy in Shadow",
      "set_number": "CIBR-EN057",
      "rarities": [
        "Common"
      ],
      "count": {
        "Common": 1
      }
    },
    {
      "card_name": "World Legacy Clash",
      "set_number": "CIBR-EN058",
      "rarities": [
        "Common"
      ],
      "count": {
        "Common": 1
      }
    },
    {
      "card_name": "Metaphys Factor",
      "set_number": "CIBR-EN059",
      "rarities": [
        "Common"
      ],
      "count": {
        "Common": 1
      }
    },
    {
      "card_name": "Asymmetaphys",
      "set_number": "CIBR-EN060",
      "rarities": [
        "Ultra Rare"
      ],
      "count": {
        "Ultra Rare": 1
      }
    },
    {
      "card_name": "One-Time Passcode",
      "set_number": "CIBR-EN061",
      "rarities": [
        "Rare"
      ],
      "count": {
        "Rare": 1
      }
    },
    {
      "card_name": "Arrivalrivals",
      "set_number": "CIBR-EN062",
      "rarities": [
        "Ultra Rare"
      ],
      "count": {
        "Ultra Rare": 1
      }
    },
    {
      "card_name": "Overdone Burial",
      "set_number": "CIBR-EN063",
      "rarities": [
        "Secret Rare"
      ],
      "count": {
        "Secret Rare": 1
      }
    },
    {
      "card_name": "Temple of the Mind's Eye",
      "set_number": "CIBR-EN064",
      "rarities": [
        "Common"
      ],
      "count": {
        "Common": 1
      }
    },
    {
      "card_name": "Backup Squad",
      "set_number": "CIBR-EN065",
      "rarities": [
        "Rare"
      ],
      "count": {
        "Rare": 1
      }
    },
    {
      "card_name": "Burning Bamboo Sword",
      "set_number": "CIBR-EN066",
      "rarities": [
        "Normal Rare"
      ],
      "count": {
        "Normal Rare": 1
      }
    },
    {
      "card_name": "Cyberse Beacon",
      "set_number": "CIBR-EN067",
      "rarities": [
        "Common"
      ],
      "count": {
        "Common": 1
      }
    },
    {
      "card_name": "Link Restart",
      "set_number": "CIBR-EN068",
      "rarities": [
        "Common"
      ],
      "count": {
        "Common": 1
      }
    },
    {
      "card_name": "Remote Rebirth",
      "set_number": "CIBR-EN069",
      "rarities": [
        "Common"
      ],
      "count": {
        "Common": 1
      }
    },
    {
      "card_name": "Altergeist Camouflage",
      "set_number": "CIBR-EN070",
      "rarities": [
        "Rare"
      ],
      "count": {
        "Rare": 1
      }
    },
    {
      "card_name": "Altergeist Protocol",
      "set_number": "CIBR-EN071",
      "rarities": [
        "Super Rare"
      ],
      "count": {
        "Super Rare": 1
      }
    },
    {
      "card_name": "Personal Spoofing",
      "set_number": "CIBR-EN072",
      "rarities": [
        "Rare"
      ],
      "count": {
        "Rare": 1
      }
    },
    {
      "card_name": "World Legacy Pawns",
      "set_number": "CIBR-EN073",
      "rarities": [
        "Common"
      ],
      "count": {
        "Common": 1
      }
    },
    {
      "card_name": "World Legacy Trap Globe",
      "set_number": "CIBR-EN074",
      "rarities": [
        "Super Rare"
      ],
      "count": {
        "Super Rare": 1
      }
    },
    {
      "card_name": "Metaphys Dimension",
      "set_number": "CIBR-EN075",
      "rarities": [
        "Rare"
      ],
      "count": {
        "Rare": 1
      }
    },
    {
      "card_name": "Metaverse",
      "set_number": "CIBR-EN076",
      "rarities": [
        "Rare"
      ],
      "count": {
        "Rare": 1
      }
    },
    {
      "card_name": "Evenly Matched",
      "set_number": "CIBR-EN077",
      "rarities": [
        "Secret Rare"
      ],
      "count": {
        "Secret Rare": 1
      }
    },
    {
      "card_name": "Fuse Line",
      "set_number": "CIBR-EN078",
      "rarities": [
        "Secret Rare"
      ],
      "count": {
        "Secret Rare": 1
      }
    },
    {
      "card_name": "Broken Line",
      "set_number": "CIBR-EN079",
      "rarities": [
        "Ultra Rare"
      ],
      "count": {
        "Ultra Rare": 1
      }
    },
    {
      "card_name": "Ojama Duo",
      "set_number": "CIBR-EN080",
      "rarities": [
        "Normal Rare"
      ],
      "count": {
        "Normal Rare": 1
      }
    },
    {
      "card_name": "Samurai Destroyer",
      "set_number": "CIBR-EN081",
      "rarities": [
        "Rare"
      ],
      "count": {
        "Rare": 1
      }
    }, 
    {
      "card_name": "Vendread Chimera",
      "set_number": "CIBR-EN082",
      "rarities": [
        "Secret Rare"
      ],
      "count": {
        "Secret Rare": 1
      }
    }, 
    {
      "card_name": "Vendread Striges",
      "set_number": "CIBR-EN083",
      "rarities": [
        "Common"
      ],
      "count": {
        "Common": 1
      }
    }, 
    {
      "card_name": "Vendread Nights",
      "set_number": "CIBR-EN084",
      "rarities": [
        "Super Rare"
      ],
      "count": {
        "Super Rare": 1
      }
    }, 
    {
      "card_name": "Vendread Reunion",
      "set_number": "CIBR-EN085",
      "rarities": [
        "Rare"
      ],
      "count": {
        "Rare": 1
      }
    }, 
    {
      "card_name": "F.A. Whip Crosser",
      "set_number": "CIBR-EN086",
      "rarities": [
        "Common"
      ],
      "count": {
        "Common": 1
      }
    },
    {
      "card_name": "F.A. Turbo Charger",
      "set_number": "CIBR-EN087",
      "rarities": [
        "Common"
      ],
      "count": {
        "Common": 1
      }
    }, 
    {
      "card_name": "F.A. Off-Road Grand Prix",
      "set_number": "CIBR-EN087",
      "rarities": [
        "Common"
      ],
      "count": {
        "Common": 1
      }
    }, 
    {
      "card_name": "Lunalight Crimson Fox",
      "set_number": "CIBR-EN090",
      "rarities": [
        "Common"
      ],
      "count": {
        "Common": 1
      }
    }, 
    {
      "card_name": "Lunalight Kaleido Chick",
      "set_number": "CIBR-EN091",
      "rarities": [
        "Common"
      ],
      "count": {
        "Common": 1
      }
    }, 
    {
      "card_name": "Lyrilusc - Recital Starling",
      "set_number": "CIBR-EN092",
      "rarities": [
        "Common"
      ],
      "count": {
        "Common": 1
      }
    }, 
    {
      "card_name": "Amazoness Spy",
      "set_number": "CIBR-EN093",
      "rarities": [
        "Common"
      ],
      "count": {
        "Common": 1
      }
    }, 
    {
      "card_name": "Amazoness Pet Liger",
      "set_number": "CIBR-EN094",
      "rarities": [
        "Common"
      ],
      "count": {
        "Common": 1
      }
    }, 
    {
      "card_name": "Amazoness Empress",
      "set_number": "CIBR-EN095",
      "rarities": [
        "Common"
      ],
      "count": {
        "Common": 1
      }
    }, 
    {
      "card_name": "Quiet Life",
      "set_number": "CIBR-EN096",
      "rarities": [
        "Super Rare"
      ],
      "count": {
        "Super Rare": 1
      }
    }, 
    {
      "card_name": "Number 41: Bagooska the Terribly Tired Tapir",
      "set_number": "CIBR-EN097",
      "rarities": [
        "Super Rare"
      ],
      "count": {
        "Super Rare": 1
      }
    }, 
    {
      "card_name": "Subterror Behemoth Fiendess",
      "set_number": "CIBR-EN098",
      "rarities": [
        "Super Rare"
      ],
      "count": {
        "Super Rare": 1
      }
    }, 
    {
      "card_name": "SPYRAL Double Helix",
      "set_number": "CIBR-EN099",
      "rarities": [
        "Ultra Rare"
      ],
      "count": {
        "Ultra Rare": 1
      }
    } 
  ]
}
