{
  "name": "Circuit Break: Special Edition",
  "type": "Special Edition Promo Cards",
  "date": "2017-12-07",
  "distribution": "special_edition_promo_cards",
  "prefix": "CIBR",
  "sub_sets": [],
  "load": true,
  "cards": [
    {
      "card_name": "Stardust Chronicle Spark Dragon",
      "set_number": "CIBR-ENSE?",
      "rarities": [
        "Super Rare"
      ],
      "count": {
        "Super Rare": 1
      }
    },
    {
      "card_name": "The Winged Dragon of Ra - Sphere Mode",
      "set_number": "CIBR-ENSE?",
      "rarities": [
        "Super Rare"
      ],
      "count": {
        "Super Rare": 1
      }
    }
  ]
}
