{
  "name": "Code of the Duelist",
  "type": "Booster Pack",
  "date": "2017-04-15",
  "distribution": "booster_pack",
  "prefix": "COTD",
  "sub_sets": [],
  "load": true,
  "cards": [
    {
      "card_name": "Cyberse Wizard",
      "set_number": "COTD-EN001",
      "rarities": [
        "Super Rare"
      ],
      "count": {
        "Super Rare": 1
      }
    },
    {
      "card_name": "Backup Secretary",
      "set_number": "COTD-EN002",
      "rarities": [
        "Common"
      ],
      "count": {
        "Common": 1
      }
    },
    {
      "card_name": "Stack Reviver",
      "set_number": "COTD-EN003",
      "rarities": [
        "Common"
      ],
      "count": {
        "Common": 1
      }
    },
    {
      "card_name": "Launcher Commander",
      "set_number": "COTD-EN004",
      "rarities": [
        "Common"
      ],
      "count": {
        "Common": 1
      }
    },
    {
      "card_name": "Salvagent Driver",
      "set_number": "COTD-EN005",
      "rarities": [
        "Ultra Rare"
      ],
      "count": {
        "Ultra Rare": 1
      }
    },
    {
      "card_name": "Trickstar Lilybell",
      "set_number": "COTD-EN006",
      "rarities": [
        "Rare"
      ],
      "count": {
        "Rare": 1
      }
    },
    {
      "card_name": "Trickstar Lycoris",
      "set_number": "COTD-EN007",
      "rarities": [
        "Super Rare"
      ],
      "count": {
        "Super Rare": 1
      }
    },
    {
      "card_name": "Trickstar Candina",
      "set_number": "COTD-EN008",
      "rarities": [
        "Ultra Rare"
      ],
      "count": {
        "Ultra Rare": 1
      }
    },
    {
      "card_name": "Gouki Twistcobra",
      "set_number": "COTD-EN009",
      "rarities": [
        "Super Rare"
      ],
      "count": {
        "Super Rare": 1
      }
    },
    {
      "card_name": "Gouki Suprex",
      "set_number": "COTD-EN010",
      "rarities": [
        "Rare"
      ],
      "count": {
        "Rare": 1
      }
    },
    {
      "card_name": "Gouki Riscorpio",
      "set_number": "COTD-EN011",
      "rarities": [
        "Rare"
      ],
      "count": {
        "Rare": 1
      }
    },
    {
      "card_name": "Hack Worm",
      "set_number": "COTD-EN012",
      "rarities": [
        "Common"
      ],
      "count": {
        "Common": 1
      }
    },
    {
      "card_name": "Jack Wyvern",
      "set_number": "COTD-EN013",
      "rarities": [
        "Common"
      ],
      "count": {
        "Common": 1
      }
    },
    {
      "card_name": "Cracking Dragon",
      "set_number": "COTD-EN014",
      "rarities": [
        "Super Rare"
      ],
      "count": {
        "Super Rare": 1
      }
    },
    {
      "card_name": "Supreme King Dragon Odd-Eyes",
      "set_number": "COTD-EN015",
      "rarities": [
        "Rare"
      ],
      "count": {
        "Rare": 1
      }
    },
    {
      "card_name": "Predaplant Banksiogre",
      "set_number": "COTD-EN016",
      "rarities": [
        "Common"
      ],
      "count": {
        "Common": 1
      }
    },
    {
      "card_name": "D/D Vice Typhon",
      "set_number": "COTD-EN017",
      "rarities": [
        "Common"
      ],
      "count": {
        "Common": 1
      }
    },
    {
      "card_name": "Crowned by the World Chalice",
      "set_number": "COTD-EN018",
      "rarities": [
        "Common"
      ],
      "count": {
        "Common": 1
      }
    },
    {
      "card_name": "Chosen by the World Chalice",
      "set_number": "COTD-EN019",
      "rarities": [
        "Common"
      ],
      "count": {
        "Common": 1
      }
    },
    {
      "card_name": "Beckoned by the World Chalice",
      "set_number": "COTD-EN020",
      "rarities": [
        "Common"
      ],
      "count": {
        "Common": 1
      }
    },
    {
      "card_name": "World Chalice Guardragon",
      "set_number": "COTD-EN021",
      "rarities": [
        "Ultra Rare"
      ],
      "count": {
        "Ultra Rare": 1
      }
    },
    {
      "card_name": "Lee the World Chalice Fairy",
      "set_number": "COTD-EN022",
      "rarities": [
        "Ultra Rare"
      ],
      "count": {
        "Ultra Rare": 1
      }
    },
    {
      "card_name": "World Legacy - \"World Chalice\"",
      "set_number": "COTD-EN023",
      "rarities": [
        "Rare"
      ],
      "count": {
        "Rare": 1
      }
    },
    {
      "card_name": "Jain, Twilightsworn General",
      "set_number": "COTD-EN024",
      "rarities": [
        "Common"
      ],
      "count": {
        "Common": 1
      }
    },
    {
      "card_name": "Lyla, Twilightsworn Enchantress",
      "set_number": "COTD-EN025",
      "rarities": [
        "Super Rare"
      ],
      "count": {
        "Super Rare": 1
      }
    },
    {
      "card_name": "Lumina, Twilightsworn Shaman",
      "set_number": "COTD-EN026",
      "rarities": [
        "Secret Rare"
      ],
      "count": {
        "Secret Rare": 1
      }
    },
    {
      "card_name": "Ryko, Twilightsworn Fighter",
      "set_number": "COTD-EN027",
      "rarities": [
        "Rare"
      ],
      "count": {
        "Rare": 1
      }
    },
    {
      "card_name": "Punishment Dragon",
      "set_number": "COTD-EN028",
      "rarities": [
        "Ultra Rare"
      ],
      "count": {
        "Ultra Rare": 1
      }
    },
    {
      "card_name": "Rescue Ferret",
      "set_number": "COTD-EN029",
      "rarities": [
        "Secret Rare"
      ],
      "count": {
        "Secret Rare": 1
      }
    },
    {
      "card_name": "Traptrix Mantis",
      "set_number": "COTD-EN030",
      "rarities": [
        "Super Rare"
      ],
      "count": {
        "Super Rare": 1
      }
    },
    {
      "card_name": "Motivating Captain",
      "set_number": "COTD-EN031",
      "rarities": [
        "Rare"
      ],
      "count": {
        "Rare": 1
      }
    },
    {
      "card_name": "Treasure Panda",
      "set_number": "COTD-EN032",
      "rarities": [
        "Common"
      ],
      "count": {
        "Common": 1
      }
    },
    {
      "card_name": "Zombina",
      "set_number": "COTD-EN033",
      "rarities": [
        "Common"
      ],
      "count": {
        "Common": 1
      }
    },
    {
      "card_name": "Re: EX",
      "set_number": "COTD-EN034",
      "rarities": [
        "Rare"
      ],
      "count": {
        "Rare": 1
      }
    },
    {
      "card_name": "Orbital Hydralander",
      "set_number": "COTD-EN035",
      "rarities": [
        "Common"
      ],
      "count": {
        "Common": 1
      }
    },
    {
      "card_name": "The Ascended of Thunder",
      "set_number": "COTD-EN036",
      "rarities": [
        "Normal Rare"
      ],
      "count": {
        "Normal Rare": 1
      }
    },
    {
      "card_name": "Parry Knights",
      "set_number": "COTD-EN037",
      "rarities": [
        "Normal Rare"
      ],
      "count": {
        "Normal Rare": 1
      }
    },
    {
      "card_name": "Supreme King Dragon Starving Venom",
      "set_number": "COTD-EN038",
      "rarities": [
        "Rare"
      ],
      "count": {
        "Rare": 1
      }
    },
    {
      "card_name": "Supreme King Dragon Clear Wing",
      "set_number": "COTD-EN039",
      "rarities": [
        "Rare"
      ],
      "count": {
        "Rare": 1
      }
    },
    {
      "card_name": "D/D/D Gust High King Alexander",
      "set_number": "COTD-EN040",
      "rarities": [
        "Rare"
      ],
      "count": {
        "Rare": 1
      }
    },
    {
      "card_name": "Supreme King Dragon Dark Rebellion",
      "set_number": "COTD-EN041",
      "rarities": [
        "Rare"
      ],
      "count": {
        "Rare": 1
      }
    },
    {
      "card_name": "D/D/D Wave High King Caesar",
      "set_number": "COTD-EN042",
      "rarities": [
        "Super Rare"
      ],
      "count": {
        "Super Rare": 1
      }
    },
    {
      "card_name": "Firewall Dragon",
      "set_number": "COTD-EN043",
      "rarities": [
        "Secret Rare"
      ],
      "count": {
        "Secret Rare": 1
      }
    },
    {
      "card_name": "Trickstar Holly Angel",
      "set_number": "COTD-EN044",
      "rarities": [
        "Ultra Rare"
      ],
      "count": {
        "Ultra Rare": 1
      }
    },
    {
      "card_name": "Gouki The Great Ogre",
      "set_number": "COTD-EN045",
      "rarities": [
        "Super Rare"
      ],
      "count": {
        "Super Rare": 1
      }
    },
    {
      "card_name": "Topologic Bomber Dragon",
      "set_number": "COTD-EN046",
      "rarities": [
        "Secret Rare"
      ],
      "count": {
        "Secret Rare": 1
      }
    },
    {
      "card_name": "Imduk the World Chalice Dragon",
      "set_number": "COTD-EN047",
      "rarities": [
        "Rare"
      ],
      "count": {
        "Rare": 1
      }
    },
    {
      "card_name": "Ib the World Chalice Priestess",
      "set_number": "COTD-EN048",
      "rarities": [
        "Super Rare"
      ],
      "count": {
        "Super Rare": 1
      }
    },
    {
      "card_name": "Auram the World Chalice Blademaster",
      "set_number": "COTD-EN049",
      "rarities": [
        "Super Rare"
      ],
      "count": {
        "Super Rare": 1
      }
    },
    {
      "card_name": "Ningirsu the World Chalice Warrior",
      "set_number": "COTD-EN050",
      "rarities": [
        "Secret Rare"
      ],
      "count": {
        "Secret Rare": 1
      }
    },
    {
      "card_name": "Gaia Saber, the Lightning Shadow",
      "set_number": "COTD-EN051",
      "rarities": [
        "Secret Rare"
      ],
      "count": {
        "Secret Rare": 1
      }
    },
    {
      "card_name": "Missus Radiant",
      "set_number": "COTD-EN052",
      "rarities": [
        "Super Rare"
      ],
      "count": {
        "Super Rare": 1
      }
    },
    {
      "card_name": "Trickstar Light Stage",
      "set_number": "COTD-EN053",
      "rarities": [
        "Ultra Rare"
      ],
      "count": {
        "Ultra Rare": 1
      }
    },
    {
      "card_name": "Gouki Re-Match",
      "set_number": "COTD-EN054",
      "rarities": [
        "Super Rare"
      ],
      "count": {
        "Super Rare": 1
      }
    },
    {
      "card_name": "Air Cracking Storm",
      "set_number": "COTD-EN055",
      "rarities": [
        "Common"
      ],
      "count": {
        "Common": 1
      }
    },
    {
      "card_name": "Smile Universe",
      "set_number": "COTD-EN056",
      "rarities": [
        "Common"
      ],
      "count": {
        "Common": 1
      }
    },
    {
      "card_name": "World Legacy Discovery",
      "set_number": "COTD-EN057",
      "rarities": [
        "Rare"
      ],
      "count": {
        "Rare": 1
      }
    },
    {
      "card_name": "World Legacy's Heart",
      "set_number": "COTD-EN058",
      "rarities": [
        "Common"
      ],
      "count": {
        "Common": 1
      }
    },
    {
      "card_name": "March of the Dark Brigade",
      "set_number": "COTD-EN059",
      "rarities": [
        "Ultra Rare"
      ],
      "count": {
        "Ultra Rare": 1
      }
    },
    {
      "card_name": "Twilight Twin Dragons",
      "set_number": "COTD-EN060",
      "rarities": [
        "Common"
      ],
      "count": {
        "Common": 1
      }
    },
    {
      "card_name": "Emerging Emergency Rescute Rescue",
      "set_number": "COTD-EN061",
      "rarities": [
        "Common"
      ],
      "count": {
        "Common": 1
      }
    },
    {
      "card_name": "Spellbook of Knowledge",
      "set_number": "COTD-EN062",
      "rarities": [
        "Ultra Rare"
      ],
      "count": {
        "Ultra Rare": 1
      }
    },
    {
      "card_name": "Gravity Lash",
      "set_number": "COTD-EN063",
      "rarities": [
        "Common"
      ],
      "count": {
        "Common": 1
      }
    },
    {
      "card_name": "Boogie Trap",
      "set_number": "COTD-EN064",
      "rarities": [
        "Common"
      ],
      "count": {
        "Common": 1
      }
    },
    {
      "card_name": "Castle Link",
      "set_number": "COTD-EN065",
      "rarities": [
        "Ultra Rare"
      ],
      "count": {
        "Ultra Rare": 1
      }
    },
    {
      "card_name": "Defense Zone",
      "set_number": "COTD-EN066",
      "rarities": [
        "Normal Rare"
      ],
      "count": {
        "Normal Rare": 1
      }
    },
    {
      "card_name": "Three Strikes Barrier",
      "set_number": "COTD-EN067",
      "rarities": [
        "Common"
      ],
      "count": {
        "Common": 1
      }
    },
    {
      "card_name": "Trickstar Reincarnation",
      "set_number": "COTD-EN068",
      "rarities": [
        "Secret Rare"
      ],
      "count": {
        "Secret Rare": 1
      }
    },
    {
      "card_name": "Pulse Mines",
      "set_number": "COTD-EN069",
      "rarities": [
        "Common"
      ],
      "count": {
        "Common": 1
      }
    },
    {
      "card_name": "Supreme Rage",
      "set_number": "COTD-EN070",
      "rarities": [
        "Common"
      ],
      "count": {
        "Common": 1
      }
    },
    {
      "card_name": "World Legacy Landmark",
      "set_number": "COTD-EN071",
      "rarities": [
        "Common"
      ],
      "count": {
        "Common": 1
      }
    },
    {
      "card_name": "Twilight Eraser",
      "set_number": "COTD-EN072",
      "rarities": [
        "Rare"
      ],
      "count": {
        "Rare": 1
      }
    },
    {
      "card_name": "Twilight Cloth",
      "set_number": "COTD-EN073",
      "rarities": [
        "Common"
      ],
      "count": {
        "Common": 1
      }
    },
    {
      "card_name": "Dark World Brainwashing",
      "set_number": "COTD-EN074",
      "rarities": [
        "Common"
      ],
      "count": {
        "Common": 1
      }
    },
    {
      "card_name": "Break Off Trap Hole",
      "set_number": "COTD-EN075",
      "rarities": [
        "Super Rare"
      ],
      "count": {
        "Super Rare": 1
      }
    },
    {
      "card_name": "Heavy Storm Duster",
      "set_number": "COTD-EN076",
      "rarities": [
        "Super Rare"
      ],
      "count": {
        "Super Rare": 1
      }
    },
    {
      "card_name": "Back to the Front",
      "set_number": "COTD-EN077",
      "rarities": [
        "Rare"
      ],
      "count": {
        "Rare": 1
      }
    },
    {
      "card_name": "Recall",
      "set_number": "COTD-EN078",
      "rarities": [
        "Rare"
      ],
      "count": {
        "Rare": 1
      }
    },
    {
      "card_name": "Blind Obliteration",
      "set_number": "COTD-EN079",
      "rarities": [
        "Rare"
      ],
      "count": {
        "Rare": 1
      }
    },
    {
      "card_name": "Transmission Gear",
      "set_number": "COTD-EN080",
      "rarities": [
        "Normal Rare"
      ],
      "count": {
        "Normal Rare": 1
      }
    },
    {
      "card_name": "Samurai Skull",
      "set_number": "COTD-EN081",
      "rarities": [
        "Common"
      ],
      "count": {
        "Common": 1
      }
    },
    {
      "card_name": "Revendread Slayer",
      "set_number": "COTD-EN082",
      "rarities": [
        "Rare"
      ],
      "count": {
        "Rare": 1
      }
    },
    {
      "card_name": "Vendread Revenants",
      "set_number": "COTD-EN083",
      "rarities": [
        "Common"
      ],
      "count": {
        "Common": 1
      }
    },
    {
      "card_name": "Revendread Origin",
      "set_number": "COTD-EN084",
      "rarities": [
        "Common"
      ],
      "count": {
        "Common": 1
      }
    },
    {
      "card_name": "Vendread Reorigin",
      "set_number": "COTD-EN085",
      "rarities": [
        "Secret Rare"
      ],
      "count": {
        "Secret Rare": 1
      }
    },
    {
      "card_name": "F.A. Sonic Meister",
      "set_number": "COTD-EN086",
      "rarities": [
        "Common"
      ],
      "count": {
        "Common": 1
      }
    },
    {
      "card_name": "F.A. Hang On Mach",
      "set_number": "COTD-EN087",
      "rarities": [
        "Common"
      ],
      "count": {
        "Common": 1
      }
    },
    {
      "card_name": "F.A. Circuit Grand Prix",
      "set_number": "COTD-EN088",
      "rarities": [
        "Common"
      ],
      "count": {
        "Common": 1
      }
    },
    {
      "card_name": "F.A. Downforce",
      "set_number": "COTD-EN089",
      "rarities": [
        "Common"
      ],
      "count": {
        "Common": 1
      }
    },
    {
      "card_name": "Junk Breaker",
      "set_number": "COTD-EN090",
      "rarities": [
        "Common"
      ],
      "count": {
        "Common": 1
      }
    },
    {
      "card_name": "Infernity Patriarch",
      "set_number": "COTD-EN091",
      "rarities": [
        "Common"
      ],
      "count": {
        "Common": 1
      }
    },
    {
      "card_name": "Gogogo Aristera & Dexia",
      "set_number": "COTD-EN092",
      "rarities": [
        "Common"
      ],
      "count": {
        "Common": 1
      }
    },
    {
      "card_name": "Wicked Acolyte Chilam Sabak",
      "set_number": "COTD-EN093",
      "rarities": [
        "Common"
      ],
      "count": {
        "Common": 1
      }
    },
    {
      "card_name": "Galaxy Worm",
      "set_number": "COTD-EN094",
      "rarities": [
        "Common"
      ],
      "count": {
        "Common": 1
      }
    },
    {
      "card_name": "Performapal Trumpanda",
      "set_number": "COTD-EN095",
      "rarities": [
        "Common"
      ],
      "count": {
        "Common": 1
      }
    },
    {
      "card_name": "Destiny HERO - Dangerous",
      "set_number": "COTD-EN096",
      "rarities": [
        "Common"
      ],
      "count": {
        "Common": 1
      }
    },
    {
      "card_name": "Abyss Actor - Trendy Understudy",
      "set_number": "COTD-EN097",
      "rarities": [
        "Common"
      ],
      "count": {
        "Common": 1
      }
    },
    {
      "card_name": "Speedroid Passinglider",
      "set_number": "COTD-EN098",
      "rarities": [
        "Common"
      ],
      "count": {
        "Common": 1
      }
    },
    {
      "card_name": "Ancient Gear Golem - Ultimate Pound",
      "set_number": "COTD-EN099",
      "rarities": [
        "Common"
      ],
      "count": {
        "Common": 1
      }
    }
  ]
}
