{
  "name": "Collectible Tins 2012 Wave 2.5",
  "type": "Special Edition Promo Cards",
  "date": "2013-01-17",
  "distribution": "special_edition_promo_cards",
  "prefix": "CT09",
  "sub_sets": [],
  "load": false,
  "cards": [
    {
      "card_name": "Prophecy Destroyer",
      "set_number": "CT09-EN019",
      "rarities": [
        "Secret Rare"
      ],
      "count": {
        "Secret Rare": 1
      }
    },
    {
      "card_name": "Endless Decay",
      "set_number": "CT09-EN020",
      "rarities": [
        "Super Rare"
      ],
      "count": {
        "Super Rare": 1
      }
    },
    {
      "card_name": "Steelswarm Roach",
      "set_number": "CT09-EN021",
      "rarities": [
        "Super Rare"
      ],
      "count": {
        "Super Rare": 1
      }
    },
    {
      "card_name": "Photon Strike Bounzer",
      "set_number": "CT09-EN022",
      "rarities": [
        "Super Rare"
      ],
      "count": {
        "Super Rare": 1
      }
    },
    {
      "card_name": "Infernity Barrier",
      "set_number": "CT09-EN023",
      "rarities": [
        "Super Rare"
      ],
      "count": {
        "Super Rare": 1
      }
    }
  ]
}