{
  "name": "Collectible Tins 2010 Wave 1",
  "type": "Special Edition Promo Cards",
  "date": "2010-08-26",
  "distribution": "special_edition_promo_cards",
  "prefix": "CT07",
  "sub_sets": [],
  "load": false,
  "cards": [
    {
      "card_name": "Majestic Red Dragon",
      "set_number": "CT07-EN001",
      "rarities": [
        "Secret Rare"
      ],
      "count": {
        "Secret Rare": 1
      }
    },
    {
      "card_name": "Black-Winged Dragon",
      "set_number": "CT07-EN002",
      "rarities": [
        "Secret Rare"
      ],
      "count": {
        "Secret Rare": 1
      }
    },
    {
      "card_name": "Dragon Knight Draco-Equiste",
      "set_number": "CT07-EN003",
      "rarities": [
        "Secret Rare"
      ],
      "count": {
        "Secret Rare": 1
      }
    },
    {
      "card_name": "Elemental HERO Stratos",
      "set_number": "CT07-EN006",
      "rarities": [
        "Super Rare"
      ],
      "count": {
        "Super Rare": 1
      }
    },
    {
      "card_name": "Van'Dalgyon the Dark Dragon Lord",
      "set_number": "CT07-EN007",
      "rarities": [
        "Super Rare"
      ],
      "count": {
        "Super Rare": 1
      }
    },
    {
      "card_name": "Cyber Dinosaur",
      "set_number": "CT07-EN008",
      "rarities": [
        "Super Rare"
      ],
      "count": {
        "Super Rare": 1
      }
    },
    {
      "card_name": "Battle Fader",
      "set_number": "CT07-EN009",
      "rarities": [
        "Super Rare"
      ],
      "count": {
        "Super Rare": 1
      }
    },
    {
      "card_name": "Green Baboon, Defender of the Forest",
      "set_number": "CT07-EN010",
      "rarities": [
        "Super Rare"
      ],
      "count": {
        "Super Rare": 1
      }
    },
    {
      "card_name": "The Wicked Eraser",
      "set_number": "CT07-EN011",
      "rarities": [
        "Super Rare"
      ],
      "count": {
        "Super Rare": 1
      }
    },
    {
      "card_name": "Blackwing - Vayu the Emblem of Honor",
      "set_number": "CT07-EN012",
      "rarities": [
        "Super Rare"
      ],
      "count": {
        "Super Rare": 1
      }
    },
    {
      "card_name": "Chimeratech Fortress Dragon",
      "set_number": "CT07-EN013",
      "rarities": [
        "Super Rare"
      ],
      "count": {
        "Super Rare": 1
      }
    },
    {
      "card_name": "Archfiend of Gilfer",
      "set_number": "CT07-EN014",
      "rarities": [
        "Super Rare"
      ],
      "count": {
        "Super Rare": 1
      }
    },
    {
      "card_name": "The Wicked Dreadroot",
      "set_number": "CT07-EN015",
      "rarities": [
        "Super Rare"
      ],
      "count": {
        "Super Rare": 1
      }
    },
    {
      "card_name": "Dark Armed Dragon",
      "set_number": "CT07-EN016",
      "rarities": [
        "Super Rare"
      ],
      "count": {
        "Super Rare": 1
      }
    },
    {
      "card_name": "Dragonic Knight",
      "set_number": "CT07-EN017",
      "rarities": [
        "Super Rare"
      ],
      "count": {
        "Super Rare": 1
      }
    }
  ]
}