{
  "name": "Crimson Crisis: Special Edition",
  "type": "Special Edition Promo Cards",
  "date": "2009-04-07",
  "distribution": "special_edition_promo_cards",
  "prefix": "CRMS",
  "sub_sets": [],
  "load": true,
  "cards": [
    {
      "card_name": "Necroface",
      "set_number": "CRMS-ENSE1",
      "rarities": [
        "Super Rare"
      ],
      "count": {
        "Super Rare": 1
      }
    },
    {
      "card_name": "Goblin Zombie",
      "set_number": "CRMS-ENSE2",
      "rarities": [
        "Super Rare"
      ],
      "count": {
        "Super Rare": 1
      }
    }
  ]
}
