{
  "name": "Crossroads of Chaos: Special Edition",
  "type": "Special Edition Promo Cards",
  "date": "2008-12-09",
  "distribution": "special_edition_promo_cards",
  "prefix": "CSOC",
  "sub_sets": [],
  "load": true,
  "cards": [
    {
      "card_name": "Harvest Angel of Wisdom",
      "set_number": "CSOC-ENSE1",
      "rarities": [
        "Super Rare"
      ],
      "count": {
        "Super Rare": 1
      }
    },
    {
      "card_name": "Il Blud",
      "set_number": "CSOC-ENSE2",
      "rarities": [
        "Super Rare"
      ],
      "count": {
        "Super Rare": 1
      }
    }
  ]
}
