{
  "name": "Dark Legends",
  "type": "Booster Pack",
  "date": "2008-11-21",
  "distribution": "booster_pack",
  "prefix": "DLG1",
  "sub_sets": [],
  "load": true,
  "cards": [
    {
      "card_name": "Blue-Eyes Ultimate Dragon",
      "set_number": "DLG1-EN001",
      "rarities": [
        "Super Rare"
      ],
      "count": {
        "Super Rare": 1
      }
    },
    {
      "card_name": "Blue-Eyes White Dragon",
      "set_number": "DLG1-EN002",
      "rarities": [
        "Super Rare"
      ],
      "count": {
        "Super Rare": 1
      }
    },
    {
      "card_name": "Flame Swordsman",
      "set_number": "DLG1-EN003",
      "rarities": [
        "Common"
      ],
      "count": {
        "Common": 1
      }
    },
    {
      "card_name": "Dark Magician",
      "set_number": "DLG1-EN004",
      "rarities": [
        "Rare"
      ],
      "count": {
        "Rare": 1
      }
    },
    {
      "card_name": "Gaia The Fierce Knight",
      "set_number": "DLG1-EN005",
      "rarities": [
        "Common"
      ],
      "count": {
        "Common": 1
      }
    },
    {
      "card_name": "Raigeki",
      "set_number": "DLG1-EN006",
      "rarities": [
        "Super Rare"
      ],
      "count": {
        "Super Rare": 1
      }
    },
    {
      "card_name": "Fissure",
      "set_number": "DLG1-EN007",
      "rarities": [
        "Rare"
      ],
      "count": {
        "Rare": 1
      }
    },
    {
      "card_name": "Trap Hole",
      "set_number": "DLG1-EN008",
      "rarities": [
        "Common"
      ],
      "count": {
        "Common": 1
      }
    },
    {
      "card_name": "Polymerization",
      "set_number": "DLG1-EN009",
      "rarities": [
        "Common"
      ],
      "count": {
        "Common": 1
      }
    },
    {
      "card_name": "Curse of Dragon",
      "set_number": "DLG1-EN010",
      "rarities": [
        "Common"
      ],
      "count": {
        "Common": 1
      }
    },
    {
      "card_name": "Giant Soldier of Stone",
      "set_number": "DLG1-EN011",
      "rarities": [
        "Common"
      ],
      "count": {
        "Common": 1
      }
    },
    {
      "card_name": "Swords of Revealing Light",
      "set_number": "DLG1-EN013",
      "rarities": [
        "Rare"
      ],
      "count": {
        "Rare": 1
      }
    },
    {
      "card_name": "Armed Ninja",
      "set_number": "DLG1-EN014",
      "rarities": [
        "Common"
      ],
      "count": {
        "Common": 1
      }
    },
    {
      "card_name": "Man-Eater Bug",
      "set_number": "DLG1-EN015",
      "rarities": [
        "Common"
      ],
      "count": {
        "Common": 1
      }
    },
    {
      "card_name": "Hane-Hane",
      "set_number": "DLG1-EN016",
      "rarities": [
        "Common"
      ],
      "count": {
        "Common": 1
      }
    },
    {
      "card_name": "Monster Reborn",
      "set_number": "DLG1-EN017",
      "rarities": [
        "Super Rare"
      ],
      "count": {
        "Super Rare": 1
      }
    },
    {
      "card_name": "Right Leg of the Forbidden One",
      "set_number": "DLG1-EN018",
      "rarities": [
        "Common"
      ],
      "count": {
        "Common": 1
      }
    },
    {
      "card_name": "Left Leg of the Forbidden One",
      "set_number": "DLG1-EN019",
      "rarities": [
        "Common"
      ],
      "count": {
        "Common": 1
      }
    },
    {
      "card_name": "Right Arm of the Forbidden One",
      "set_number": "DLG1-EN020",
      "rarities": [
        "Common"
      ],
      "count": {
        "Common": 1
      }
    },
    {
      "card_name": "Left Arm of the Forbidden One",
      "set_number": "DLG1-EN021",
      "rarities": [
        "Common"
      ],
      "count": {
        "Common": 1
      }
    },
    {
      "card_name": "Exodia the Forbidden One",
      "set_number": "DLG1-EN022",
      "rarities": [
        "Ultra Rare"
      ],
      "count": {
        "Ultra Rare": 1
      }
    },
    {
      "card_name": "Gaia the Dragon Champion",
      "set_number": "DLG1-EN023",
      "rarities": [
        "Common"
      ],
      "count": {
        "Common": 1
      }
    },
    {
      "card_name": "Gate Guardian",
      "set_number": "DLG1-EN024",
      "rarities": [
        "Rare"
      ],
      "count": {
        "Rare": 1
      }
    },
    {
      "card_name": "Summoned Skull",
      "set_number": "DLG1-EN025",
      "rarities": [
        "Common"
      ],
      "count": {
        "Common": 1
      }
    },
    {
      "card_name": "Harpie Lady",
      "set_number": "DLG1-EN026",
      "rarities": [
        "Common"
      ],
      "count": {
        "Common": 1
      }
    },
    {
      "card_name": "Harpie Lady Sisters",
      "set_number": "DLG1-EN027",
      "rarities": [
        "Common"
      ],
      "count": {
        "Common": 1
      }
    },
    {
      "card_name": "Mask of Darkness",
      "set_number": "DLG1-EN028",
      "rarities": [
        "Common"
      ],
      "count": {
        "Common": 1
      }
    },
    {
      "card_name": "B. Skull Dragon",
      "set_number": "DLG1-EN029",
      "rarities": [
        "Rare"
      ],
      "count": {
        "Rare": 1
      }
    },
    {
      "card_name": "Elegant Egotist",
      "set_number": "DLG1-EN030",
      "rarities": [
        "Common"
      ],
      "count": {
        "Common": 1
      }
    },
    {
      "card_name": "Sanga of the Thunder",
      "set_number": "DLG1-EN031",
      "rarities": [
        "Rare"
      ],
      "count": {
        "Rare": 1
      }
    },
    {
      "card_name": "Kazejin",
      "set_number": "DLG1-EN032",
      "rarities": [
        "Rare"
      ],
      "count": {
        "Rare": 1
      }
    },
    {
      "card_name": "Suijin",
      "set_number": "DLG1-EN033",
      "rarities": [
        "Rare"
      ],
      "count": {
        "Rare": 1
      }
    },
    {
      "card_name": "Magician of Faith",
      "set_number": "DLG1-EN034",
      "rarities": [
        "Rare"
      ],
      "count": {
        "Rare": 1
      }
    },
    {
      "card_name": "Baby Dragon",
      "set_number": "DLG1-EN035",
      "rarities": [
        "Common"
      ],
      "count": {
        "Common": 1
      }
    },
    {
      "card_name": "Time Wizard",
      "set_number": "DLG1-EN036",
      "rarities": [
        "Rare"
      ],
      "count": {
        "Rare": 1
      }
    },
    {
      "card_name": "Sangan",
      "set_number": "DLG1-EN037",
      "rarities": [
        "Super Rare"
      ],
      "count": {
        "Super Rare": 1
      }
    },
    {
      "card_name": "Kuriboh",
      "set_number": "DLG1-EN038",
      "rarities": [
        "Common"
      ],
      "count": {
        "Common": 1
      }
    },
    {
      "card_name": "Catapult Turtle",
      "set_number": "DLG1-EN039",
      "rarities": [
        "Rare"
      ],
      "count": {
        "Rare": 1
      }
    },
    {
      "card_name": "Jirai Gumo",
      "set_number": "DLG1-EN040",
      "rarities": [
        "Common"
      ],
      "count": {
        "Common": 1
      }
    },
    {
      "card_name": "Thunder Dragon",
      "set_number": "DLG1-EN041",
      "rarities": [
        "Common"
      ],
      "count": {
        "Common": 1
      }
    },
    {
      "card_name": "Cannon Soldier",
      "set_number": "DLG1-EN042",
      "rarities": [
        "Common"
      ],
      "count": {
        "Common": 1
      }
    },
    {
      "card_name": "Twin-Headed Thunder Dragon",
      "set_number": "DLG1-EN043",
      "rarities": [
        "Common"
      ],
      "count": {
        "Common": 1
      }
    },
    {
      "card_name": "Gazelle the King of Mythical Beasts",
      "set_number": "DLG1-EN044",
      "rarities": [
        "Common"
      ],
      "count": {
        "Common": 1
      }
    },
    {
      "card_name": "Barrel Dragon",
      "set_number": "DLG1-EN045",
      "rarities": [
        "Rare"
      ],
      "count": {
        "Rare": 1
      }
    },
    {
      "card_name": "Solemn Judgment",
      "set_number": "DLG1-EN046",
      "rarities": [
        "Super Rare"
      ],
      "count": {
        "Super Rare": 1
      }
    },
    {
      "card_name": "Magic Jammer",
      "set_number": "DLG1-EN047",
      "rarities": [
        "Common"
      ],
      "count": {
        "Common": 1
      }
    },
    {
      "card_name": "Seven Tools of the Bandit",
      "set_number": "DLG1-EN048",
      "rarities": [
        "Common"
      ],
      "count": {
        "Common": 1
      }
    },
    {
      "card_name": "Heavy Storm",
      "set_number": "DLG1-EN049",
      "rarities": [
        "Rare"
      ],
      "count": {
        "Rare": 1
      }
    },
    {
      "card_name": "Thousand Dragon",
      "set_number": "DLG1-EN050",
      "rarities": [
        "Common"
      ],
      "count": {
        "Common": 1
      }
    },
    {
      "card_name": "Blue-Eyes Toon Dragon",
      "set_number": "DLG1-EN051",
      "rarities": [
        "Common"
      ],
      "count": {
        "Common": 1
      }
    },
    {
      "card_name": "Axe of Despair",
      "set_number": "DLG1-EN052",
      "rarities": [
        "Common"
      ],
      "count": {
        "Common": 1
      }
    },
    {
      "card_name": "Black Pendant",
      "set_number": "DLG1-EN053",
      "rarities": [
        "Common"
      ],
      "count": {
        "Common": 1
      }
    },
    {
      "card_name": "Maha Vailo",
      "set_number": "DLG1-EN054",
      "rarities": [
        "Common"
      ],
      "count": {
        "Common": 1
      }
    },
    {
      "card_name": "Relinquished",
      "set_number": "DLG1-EN055",
      "rarities": [
        "Super Rare"
      ],
      "count": {
        "Super Rare": 1
      }
    },
    {
      "card_name": "Gravekeeper's Servant",
      "set_number": "DLG1-EN056",
      "rarities": [
        "Common"
      ],
      "count": {
        "Common": 1
      }
    },
    {
      "card_name": "Upstart Goblin",
      "set_number": "DLG1-EN057",
      "rarities": [
        "Common"
      ],
      "count": {
        "Common": 1
      }
    },
    {
      "card_name": "Mystical Space Typhoon",
      "set_number": "DLG1-EN058",
      "rarities": [
        "Common"
      ],
      "count": {
        "Common": 1
      }
    },
    {
      "card_name": "Giant Trunade",
      "set_number": "DLG1-EN059",
      "rarities": [
        "Common"
      ],
      "count": {
        "Common": 1
      }
    },
    {
      "card_name": "Painful Choice",
      "set_number": "DLG1-EN060",
      "rarities": [
        "Common"
      ],
      "count": {
        "Common": 1
      }
    },
    {
      "card_name": "Black Illusion Ritual",
      "set_number": "DLG1-EN061",
      "rarities": [
        "Common"
      ],
      "count": {
        "Common": 1
      }
    },
    {
      "card_name": "Megamorph",
      "set_number": "DLG1-EN062",
      "rarities": [
        "Rare"
      ],
      "count": {
        "Rare": 1
      }
    },
    {
      "card_name": "Manga Ryu-Ran",
      "set_number": "DLG1-EN063",
      "rarities": [
        "Common"
      ],
      "count": {
        "Common": 1
      }
    },
    {
      "card_name": "Toon Mermaid",
      "set_number": "DLG1-EN064",
      "rarities": [
        "Common"
      ],
      "count": {
        "Common": 1
      }
    },
    {
      "card_name": "Toon Summoned Skull",
      "set_number": "DLG1-EN065",
      "rarities": [
        "Common"
      ],
      "count": {
        "Common": 1
      }
    },
    {
      "card_name": "Hyozanryu",
      "set_number": "DLG1-EN066",
      "rarities": [
        "Common"
      ],
      "count": {
        "Common": 1
      }
    },
    {
      "card_name": "Toon World",
      "set_number": "DLG1-EN067",
      "rarities": [
        "Common"
      ],
      "count": {
        "Common": 1
      }
    },
    {
      "card_name": "Giant Rat",
      "set_number": "DLG1-EN068",
      "rarities": [
        "Common"
      ],
      "count": {
        "Common": 1
      }
    },
    {
      "card_name": "Senju of the Thousand Hands",
      "set_number": "DLG1-EN069",
      "rarities": [
        "Common"
      ],
      "count": {
        "Common": 1
      }
    },
    {
      "card_name": "UFO Turtle",
      "set_number": "DLG1-EN070",
      "rarities": [
        "Common"
      ],
      "count": {
        "Common": 1
      }
    },
    {
      "card_name": "Giant Germ",
      "set_number": "DLG1-EN071",
      "rarities": [
        "Common"
      ],
      "count": {
        "Common": 1
      }
    },
    {
      "card_name": "Nimble Momonga",
      "set_number": "DLG1-EN072",
      "rarities": [
        "Common"
      ],
      "count": {
        "Common": 1
      }
    },
    {
      "card_name": "Shining Angel",
      "set_number": "DLG1-EN073",
      "rarities": [
        "Common"
      ],
      "count": {
        "Common": 1
      }
    },
    {
      "card_name": "Mother Grizzly",
      "set_number": "DLG1-EN074",
      "rarities": [
        "Common"
      ],
      "count": {
        "Common": 1
      }
    },
    {
      "card_name": "Flying Kamakiri #1",
      "set_number": "DLG1-EN075",
      "rarities": [
        "Common"
      ],
      "count": {
        "Common": 1
      }
    },
    {
      "card_name": "Sonic Bird",
      "set_number": "DLG1-EN076",
      "rarities": [
        "Common"
      ],
      "count": {
        "Common": 1
      }
    },
    {
      "card_name": "Mystic Tomato",
      "set_number": "DLG1-EN077",
      "rarities": [
        "Common"
      ],
      "count": {
        "Common": 1
      }
    },
    {
      "card_name": "Gaia Power",
      "set_number": "DLG1-EN078",
      "rarities": [
        "Common"
      ],
      "count": {
        "Common": 1
      }
    },
    {
      "card_name": "Umiiruka",
      "set_number": "DLG1-EN079",
      "rarities": [
        "Common"
      ],
      "count": {
        "Common": 1
      }
    },
    {
      "card_name": "Molten Destruction",
      "set_number": "DLG1-EN080",
      "rarities": [
        "Common"
      ],
      "count": {
        "Common": 1
      }
    },
    {
      "card_name": "Rising Air Current",
      "set_number": "DLG1-EN081",
      "rarities": [
        "Common"
      ],
      "count": {
        "Common": 1
      }
    },
    {
      "card_name": "Luminous Spark",
      "set_number": "DLG1-EN082",
      "rarities": [
        "Common"
      ],
      "count": {
        "Common": 1
      }
    },
    {
      "card_name": "Messenger of Peace",
      "set_number": "DLG1-EN083",
      "rarities": [
        "Rare"
      ],
      "count": {
        "Rare": 1
      }
    },
    {
      "card_name": "Wall of Illusion",
      "set_number": "DLG1-EN084",
      "rarities": [
        "Rare"
      ],
      "count": {
        "Rare": 1
      }
    },
    {
      "card_name": "Card Destruction",
      "set_number": "DLG1-EN085",
      "rarities": [
        "Rare"
      ],
      "count": {
        "Rare": 1
      }
    },
    {
      "card_name": "La Jinn the Mystical Genie of the Lamp",
      "set_number": "DLG1-EN086",
      "rarities": [
        "Common"
      ],
      "count": {
        "Common": 1
      }
    },
    {
      "card_name": "Lord of D.",
      "set_number": "DLG1-EN087",
      "rarities": [
        "Common"
      ],
      "count": {
        "Common": 1
      }
    },
    {
      "card_name": "The Flute of Summoning Dragon",
      "set_number": "DLG1-EN088",
      "rarities": [
        "Rare"
      ],
      "count": {
        "Rare": 1
      }
    },
    {
      "card_name": "Graceful Charity",
      "set_number": "DLG1-EN089",
      "rarities": [
        "Super Rare"
      ],
      "count": {
        "Super Rare": 1
      }
    },
    {
      "card_name": "Penguin Soldier",
      "set_number": "DLG1-EN090",
      "rarities": [
        "Rare"
      ],
      "count": {
        "Rare": 1
      }
    },
    {
      "card_name": "Scapegoat",
      "set_number": "DLG1-EN091",
      "rarities": [
        "Super Rare"
      ],
      "count": {
        "Super Rare": 1
      }
    },
    {
      "card_name": "Blast Sphere",
      "set_number": "DLG1-EN092",
      "rarities": [
        "Ultra Rare"
      ],
      "count": {
        "Ultra Rare": 1
      }
    },
    {
      "card_name": "Copycat",
      "set_number": "DLG1-EN093",
      "rarities": [
        "Rare"
      ],
      "count": {
        "Rare": 1
      }
    },
    {
      "card_name": "Relieve Monster",
      "set_number": "DLG1-EN094",
      "rarities": [
        "Ultra Rare"
      ],
      "count": {
        "Ultra Rare": 1
      }
    },
    {
      "card_name": "Cloning",
      "set_number": "DLG1-EN095",
      "rarities": [
        "Super Rare"
      ],
      "count": {
        "Super Rare": 1
      }
    },
    {
      "card_name": "Kaibaman",
      "set_number": "DLG1-EN096",
      "rarities": [
        "Rare"
      ],
      "count": {
        "Rare": 1
      }
    },
    {
      "card_name": "Cyber Harpie Lady",
      "set_number": "DLG1-EN097",
      "rarities": [
        "Super Rare"
      ],
      "count": {
        "Super Rare": 1
      }
    },
    {
      "card_name": "Amazoness Chain Master",
      "set_number": "DLG1-EN098",
      "rarities": [
        "Rare"
      ],
      "count": {
        "Rare": 1
      }
    },
    {
      "card_name": "Embodiment of Apophis",
      "set_number": "DLG1-EN099",
      "rarities": [
        "Super Rare"
      ],
      "count": {
        "Super Rare": 1
      }
    },
    {
      "card_name": "Exchange of the Spirit",
      "set_number": "DLG1-EN100",
      "rarities": [
        "Ultra Rare"
      ],
      "count": {
        "Ultra Rare": 1
      }
    },
    {
      "card_name": "Blizzard Dragon",
      "set_number": "DLG1-EN101",
      "rarities": [
        "Rare"
      ],
      "count": {
        "Rare": 1
      }
    },
    {
      "card_name": "Metal Shooter",
      "set_number": "DLG1-EN102",
      "rarities": [
        "Rare"
      ],
      "count": {
        "Rare": 1
      }
    },
    {
      "card_name": "Des Mosquito",
      "set_number": "DLG1-EN103",
      "rarities": [
        "Rare"
      ],
      "count": {
        "Rare": 1
      }
    },
    {
      "card_name": "Green Baboon, Defender of the Forest",
      "set_number": "DLG1-EN104",
      "rarities": [
        "Ultra Rare"
      ],
      "count": {
        "Ultra Rare": 1
      }
    },
    {
      "card_name": "Ancient Lamp",
      "set_number": "DLG1-EN105",
      "rarities": [
        "Super Rare"
      ],
      "count": {
        "Super Rare": 1
      }
    },
    {
      "card_name": "Dark Bribe",
      "set_number": "DLG1-EN106",
      "rarities": [
        "Ultra Rare"
      ],
      "count": {
        "Ultra Rare": 1
      }
    },
    {
      "card_name": "Card Trooper",
      "set_number": "DLG1-EN107",
      "rarities": [
        "Ultra Rare"
      ],
      "count": {
        "Ultra Rare": 1
      }
    },
    {
      "card_name": "Destiny HERO - Malicious",
      "set_number": "DLG1-EN108",
      "rarities": [
        "Super Rare"
      ],
      "count": {
        "Super Rare": 1
      }
    },
    {
      "card_name": "Destiny Draw",
      "set_number": "DLG1-EN109",
      "rarities": [
        "Super Rare"
      ],
      "count": {
        "Super Rare": 1
      }
    },
    {
      "card_name": "Meltiel, Sage of the Sky",
      "set_number": "DLG1-EN110",
      "rarities": [
        "Ultra Rare"
      ],
      "count": {
        "Ultra Rare": 1
      }
    },
    {
      "card_name": "Nova Summoner",
      "set_number": "DLG1-EN111",
      "rarities": [
        "Ultra Rare"
      ],
      "count": {
        "Ultra Rare": 1
      }
    },
    {
      "card_name": "Gellenduo",
      "set_number": "DLG1-EN112",
      "rarities": [
        "Ultra Rare"
      ],
      "count": {
        "Ultra Rare": 1
      }
    }
  ]
}