{
  "name": "Demo Deck 2016",
  "type": "Booster Pack",
  "date": "2016-01-14",
  "distribution": "booster_pack",
  "prefix": "DEM3",
  "sub_sets": [],
  "load": true,
  "cards": [
    {
      "card_name": "Mystical Elf",
      "set_number": "DEM3-EN001",
      "rarities": [
        "Common"
      ],
      "count": {
        "Common": 1
      }
    },
    {
      "card_name": "Dragon Horn Hunter",
      "set_number": "DEM3-EN002",
      "rarities": [
        "Common"
      ],
      "count": {
        "Common": 1
      }
    },
    {
      "card_name": "Flash Knight",
      "set_number": "DEM3-EN003",
      "rarities": [
        "Common"
      ],
      "count": {
        "Common": 1
      }
    },
    {
      "card_name": "Foucault's Cannon",
      "set_number": "DEM3-EN004",
      "rarities": [
        "Common"
      ],
      "count": {
        "Common": 1
      }
    },
    {
      "card_name": "Lancephorhynchus",
      "set_number": "DEM3-EN005",
      "rarities": [
        "Common"
      ],
      "count": {
        "Common": 1
      }
    },
    {
      "card_name": "Dragoons of Draconia",
      "set_number": "DEM3-EN006",
      "rarities": [
        "Common"
      ],
      "count": {
        "Common": 1
      }
    },
    {
      "card_name": "Old Vindictive Magician",
      "set_number": "DEM3-EN007",
      "rarities": [
        "Common"
      ],
      "count": {
        "Common": 1
      }
    },
    {
      "card_name": "Aether, the Empowering Dragon",
      "set_number": "DEM3-EN008",
      "rarities": [
        "Common"
      ],
      "count": {
        "Common": 1
      }
    },
    {
      "card_name": "Blue Dragon Summoner",
      "set_number": "DEM3-EN009",
      "rarities": [
        "Common"
      ],
      "count": {
        "Common": 1
      }
    },
    {
      "card_name": "Battleguard King",
      "set_number": "DEM3-EN010",
      "rarities": [
        "Common"
      ],
      "count": {
        "Common": 1
      }
    },
    {
      "card_name": "Doomstar Magician",
      "set_number": "DEM3-EN011",
      "rarities": [
        "Common"
      ],
      "count": {
        "Common": 1
      }
    },
    {
      "card_name": "Dark Hole",
      "set_number": "DEM3-EN012",
      "rarities": [
        "Common"
      ],
      "count": {
        "Common": 1
      }
    },
    {
      "card_name": "Riryoku",
      "set_number": "DEM3-EN013",
      "rarities": [
        "Common"
      ],
      "count": {
        "Common": 1
      }
    },
    {
      "card_name": "Nightmare's Steelcage",
      "set_number": "DEM3-EN014",
      "rarities": [
        "Common"
      ],
      "count": {
        "Common": 1
      }
    },
    {
      "card_name": "Wonder Wand",
      "set_number": "DEM3-EN015",
      "rarities": [
        "Common"
      ],
      "count": {
        "Common": 1
      }
    },
    {
      "card_name": "Bashing Shield",
      "set_number": "DEM3-EN016",
      "rarities": [
        "Common"
      ],
      "count": {
        "Common": 1
      }
    },
    {
      "card_name": "Mirror Force",
      "set_number": "DEM3-EN017",
      "rarities": [
        "Common"
      ],
      "count": {
        "Common": 1
      }
    },
    {
      "card_name": "Reckless Greed",
      "set_number": "DEM3-EN018",
      "rarities": [
        "Common"
      ],
      "count": {
        "Common": 1
      }
    },
    {
      "card_name": "Defense Draw",
      "set_number": "DEM3-EN019",
      "rarities": [
        "Common"
      ],
      "count": {
        "Common": 1
      }
    },
    {
      "card_name": "Inspiration",
      "set_number": "DEM3-EN020",
      "rarities": [
        "Common"
      ],
      "count": {
        "Common": 1
      }
    }
  ]
}