{
  "name": "Dragons of Legend: Unleashed",
  "type": "Booster Pack",
  "date": "2016-08-18",
  "distribution": "booster_pack",
  "prefix": "DRL3",
  "sub_sets": [],
  "load": true,
  "cards": [
    {
      "card_name": "Odd-Eyes Mirage Dragon",
      "set_number": "DRL3-EN001",
      "rarities": [
        "Secret Rare"
      ],
      "count": {
        "Secret Rare": 1
      }
    },
    {
      "card_name": "Performapal Uni",
      "set_number": "DRL3-EN002",
      "rarities": [
        "Ultra Rare"
      ],
      "count": {
        "Ultra Rare": 1
      }
    },
    {
      "card_name": "Performapal Corn",
      "set_number": "DRL3-EN003",
      "rarities": [
        "Ultra Rare"
      ],
      "count": {
        "Ultra Rare": 1
      }
    },
    {
      "card_name": "Raidraptor - Napalm Dragonius",
      "set_number": "DRL3-EN004",
      "rarities": [
        "Ultra Rare"
      ],
      "count": {
        "Ultra Rare": 1
      }
    },
    {
      "card_name": "Raidraptor - Blade Burner Falcon",
      "set_number": "DRL3-EN005",
      "rarities": [
        "Ultra Rare"
      ],
      "count": {
        "Ultra Rare": 1
      }
    },
    {
      "card_name": "The Tripper Mercury",
      "set_number": "DRL3-EN006",
      "rarities": [
        "Secret Rare"
      ],
      "count": {
        "Secret Rare": 1
      }
    },
    {
      "card_name": "The Blazing Mars",
      "set_number": "DRL3-EN007",
      "rarities": [
        "Secret Rare"
      ],
      "count": {
        "Secret Rare": 1
      }
    },
    {
      "card_name": "The Grand Jupiter",
      "set_number": "DRL3-EN008",
      "rarities": [
        "Secret Rare"
      ],
      "count": {
        "Secret Rare": 1
      }
    },
    {
      "card_name": "The Despair Uranus",
      "set_number": "DRL3-EN009",
      "rarities": [
        "Secret Rare"
      ],
      "count": {
        "Secret Rare": 1
      }
    },
    {
      "card_name": "The Suppression Pluto",
      "set_number": "DRL3-EN010",
      "rarities": [
        "Secret Rare"
      ],
      "count": {
        "Secret Rare": 1
      }
    },
    {
      "card_name": "Cyber Petit Angel",
      "set_number": "DRL3-EN011",
      "rarities": [
        "Ultra Rare"
      ],
      "count": {
        "Ultra Rare": 1
      }
    },
    {
      "card_name": "Cyber Angel Benten",
      "set_number": "DRL3-EN012",
      "rarities": [
        "Secret Rare"
      ],
      "count": {
        "Secret Rare": 1
      }
    },
    {
      "card_name": "Cyber Angel Idaten",
      "set_number": "DRL3-EN013",
      "rarities": [
        "Secret Rare"
      ],
      "count": {
        "Secret Rare": 1
      }
    },
    {
      "card_name": "Cyber Angel Dakini",
      "set_number": "DRL3-EN014",
      "rarities": [
        "Secret Rare"
      ],
      "count": {
        "Secret Rare": 1
      }
    },
    {
      "card_name": "Machine Angel Ritual",
      "set_number": "DRL3-EN015",
      "rarities": [
        "Ultra Rare"
      ],
      "count": {
        "Ultra Rare": 1
      }
    },
    {
      "card_name": "Ritual Sanctuary",
      "set_number": "DRL3-EN016",
      "rarities": [
        "Secret Rare"
      ],
      "count": {
        "Secret Rare": 1
      }
    },
    {
      "card_name": "Red Nova",
      "set_number": "DRL3-EN017",
      "rarities": [
        "Secret Rare"
      ],
      "count": {
        "Secret Rare": 1
      }
    },
    {
      "card_name": "Zushin the Sleeping Giant",
      "set_number": "DRL3-EN018",
      "rarities": [
        "Ultra Rare"
      ],
      "count": {
        "Ultra Rare": 1
      }
    },
    {
      "card_name": "Hand-Holding Genie",
      "set_number": "DRL3-EN019",
      "rarities": [
        "Ultra Rare"
      ],
      "count": {
        "Ultra Rare": 1
      }
    },
    {
      "card_name": "Scrum Force",
      "set_number": "DRL3-EN020",
      "rarities": [
        "Ultra Rare"
      ],
      "count": {
        "Ultra Rare": 1
      }
    },
    {
      "card_name": "Number 100: Numeron Dragon",
      "set_number": "DRL3-EN021",
      "rarities": [
        "Secret Rare"
      ],
      "count": {
        "Secret Rare": 1
      }
    },
    {
      "card_name": "Number 24: Dragulas the Vampiric Dragon",
      "set_number": "DRL3-EN022",
      "rarities": [
        "Secret Rare"
      ],
      "count": {
        "Secret Rare": 1
      }
    },
    {
      "card_name": "Number 45: Crumble Logos the Prophet of Demolition",
      "set_number": "DRL3-EN023",
      "rarities": [
        "Secret Rare"
      ],
      "count": {
        "Secret Rare": 1
      }
    },
    {
      "card_name": "Number 51: Finisher the Strong Arm",
      "set_number": "DRL3-EN024",
      "rarities": [
        "Secret Rare"
      ],
      "count": {
        "Secret Rare": 1
      }
    },
    {
      "card_name": "Number 59: Crooked Cook",
      "set_number": "DRL3-EN025",
      "rarities": [
        "Ultra Rare"
      ],
      "count": {
        "Ultra Rare": 1
      }
    },
    {
      "card_name": "Number 78: Number Archive",
      "set_number": "DRL3-EN026",
      "rarities": [
        "Ultra Rare"
      ],
      "count": {
        "Ultra Rare": 1
      }
    },
    {
      "card_name": "Number 98: Antitopian",
      "set_number": "DRL3-EN027",
      "rarities": [
        "Secret Rare"
      ],
      "count": {
        "Secret Rare": 1
      }
    },
    {
      "card_name": "Cipher Wing",
      "set_number": "DRL3-EN028",
      "rarities": [
        "Ultra Rare"
      ],
      "count": {
        "Ultra Rare": 1
      }
    },
    {
      "card_name": "Galaxy-Eyes Cipher Dragon",
      "set_number": "DRL3-EN029",
      "rarities": [
        "Secret Rare"
      ],
      "count": {
        "Secret Rare": 1
      }
    },
    {
      "card_name": "Galaxy Stealth Dragon",
      "set_number": "DRL3-EN030",
      "rarities": [
        "Secret Rare"
      ],
      "count": {
        "Secret Rare": 1
      }
    },
    {
      "card_name": "Flower Cardian Pine",
      "set_number": "DRL3-EN031",
      "rarities": [
        "Secret Rare"
      ],
      "count": {
        "Secret Rare": 1
      }
    },
    {
      "card_name": "Flower Cardian Zebra Grass",
      "set_number": "DRL3-EN032",
      "rarities": [
        "Ultra Rare"
      ],
      "count": {
        "Ultra Rare": 1
      }
    },
    {
      "card_name": "Flower Cardian Willow",
      "set_number": "DRL3-EN033",
      "rarities": [
        "Ultra Rare"
      ],
      "count": {
        "Ultra Rare": 1
      }
    },
    {
      "card_name": "Flower Cardian Paulownia",
      "set_number": "DRL3-EN034",
      "rarities": [
        "Ultra Rare"
      ],
      "count": {
        "Ultra Rare": 1
      }
    },
    {
      "card_name": "Flower Cardian Pine with Crane",
      "set_number": "DRL3-EN035",
      "rarities": [
        "Ultra Rare"
      ],
      "count": {
        "Ultra Rare": 1
      }
    },
    {
      "card_name": "Flower Cardian Zebra Grass with Moon",
      "set_number": "DRL3-EN036",
      "rarities": [
        "Ultra Rare"
      ],
      "count": {
        "Ultra Rare": 1
      }
    },
    {
      "card_name": "Flower Cardian Willow with Calligrapher",
      "set_number": "DRL3-EN037",
      "rarities": [
        "Ultra Rare"
      ],
      "count": {
        "Ultra Rare": 1
      }
    },
    {
      "card_name": "Flower Cardian Paulownia with Phoenix",
      "set_number": "DRL3-EN038",
      "rarities": [
        "Ultra Rare"
      ],
      "count": {
        "Ultra Rare": 1
      }
    },
    {
      "card_name": "Flower Cardian Lightshower",
      "set_number": "DRL3-EN039",
      "rarities": [
        "Secret Rare"
      ],
      "count": {
        "Secret Rare": 1
      }
    },
    {
      "card_name": "Flower Gathering",
      "set_number": "DRL3-EN040",
      "rarities": [
        "Ultra Rare"
      ],
      "count": {
        "Ultra Rare": 1
      }
    },
    {
      "card_name": "Legendary Knight Timaeus",
      "set_number": "DRL3-EN041",
      "rarities": [
        "Ultra Rare"
      ],
      "count": {
        "Ultra Rare": 1
      }
    },
    {
      "card_name": "Kuribandit",
      "set_number": "DRL3-EN042",
      "rarities": [
        "Ultra Rare"
      ],
      "count": {
        "Ultra Rare": 1
      }
    },
    {
      "card_name": "Amulet Dragon",
      "set_number": "DRL3-EN043",
      "rarities": [
        "Ultra Rare"
      ],
      "count": {
        "Ultra Rare": 1
      }
    },
    {
      "card_name": "Dark Magician Girl the Dragon Knight",
      "set_number": "DRL3-EN044",
      "rarities": [
        "Ultra Rare"
      ],
      "count": {
        "Ultra Rare": 1
      }
    },
    {
      "card_name": "The Eye of Timaeus",
      "set_number": "DRL3-EN045",
      "rarities": [
        "Ultra Rare"
      ],
      "count": {
        "Ultra Rare": 1
      }
    },
    {
      "card_name": "Legend of Heart",
      "set_number": "DRL3-EN046",
      "rarities": [
        "Ultra Rare"
      ],
      "count": {
        "Ultra Rare": 1
      }
    },
    {
      "card_name": "Berserker Soul",
      "set_number": "DRL3-EN047",
      "rarities": [
        "Ultra Rare"
      ],
      "count": {
        "Ultra Rare": 1
      }
    },
    {
      "card_name": "Relay Soul",
      "set_number": "DRL3-EN048",
      "rarities": [
        "Ultra Rare"
      ],
      "count": {
        "Ultra Rare": 1
      }
    },
    {
      "card_name": "Guardian Dreadscythe",
      "set_number": "DRL3-EN049",
      "rarities": [
        "Ultra Rare"
      ],
      "count": {
        "Ultra Rare": 1
      }
    },
    {
      "card_name": "Reaper Scythe - Dreadscythe",
      "set_number": "DRL3-EN050",
      "rarities": [
        "Ultra Rare"
      ],
      "count": {
        "Ultra Rare": 1
      }
    },
    {
      "card_name": "Soul Charge",
      "set_number": "DRL3-EN051",
      "rarities": [
        "Ultra Rare"
      ],
      "count": {
        "Ultra Rare": 1
      }
    },
    {
      "card_name": "Ra's Disciple",
      "set_number": "DRL3-EN052",
      "rarities": [
        "Ultra Rare"
      ],
      "count": {
        "Ultra Rare": 1
      }
    },
    {
      "card_name": "Mound of the Bound Creator",
      "set_number": "DRL3-EN053",
      "rarities": [
        "Ultra Rare"
      ],
      "count": {
        "Ultra Rare": 1
      }
    },
    {
      "card_name": "Wiretap",
      "set_number": "DRL3-EN054",
      "rarities": [
        "Ultra Rare"
      ],
      "count": {
        "Ultra Rare": 1
      }
    },
    {
      "card_name": "Timaeus the Knight of Destiny",
      "set_number": "DRL3-EN055",
      "rarities": [
        "Ultra Rare"
      ],
      "count": {
        "Ultra Rare": 1
      }
    },
    {
      "card_name": "Legendary Knight Critias",
      "set_number": "DRL3-EN056",
      "rarities": [
        "Ultra Rare"
      ],
      "count": {
        "Ultra Rare": 1
      }
    },
    {
      "card_name": "Doom Virus Dragon",
      "set_number": "DRL3-EN057",
      "rarities": [
        "Ultra Rare"
      ],
      "count": {
        "Ultra Rare": 1
      }
    },
    {
      "card_name": "Tyrant Burst Dragon",
      "set_number": "DRL3-EN058",
      "rarities": [
        "Ultra Rare"
      ],
      "count": {
        "Ultra Rare": 1
      }
    },
    {
      "card_name": "Mirror Force Dragon",
      "set_number": "DRL3-EN059",
      "rarities": [
        "Ultra Rare"
      ],
      "count": {
        "Ultra Rare": 1
      }
    },
    {
      "card_name": "The Fang of Critias",
      "set_number": "DRL3-EN060",
      "rarities": [
        "Ultra Rare"
      ],
      "count": {
        "Ultra Rare": 1
      }
    },
    {
      "card_name": "Tyrant Wing",
      "set_number": "DRL3-EN061",
      "rarities": [
        "Ultra Rare"
      ],
      "count": {
        "Ultra Rare": 1
      }
    },
    {
      "card_name": "Legendary Knight Hermos",
      "set_number": "DRL3-EN062",
      "rarities": [
        "Ultra Rare"
      ],
      "count": {
        "Ultra Rare": 1
      }
    },
    {
      "card_name": "Time Magic Hammer",
      "set_number": "DRL3-EN063",
      "rarities": [
        "Ultra Rare"
      ],
      "count": {
        "Ultra Rare": 1
      }
    },
    {
      "card_name": "Rocket Hermos Cannon",
      "set_number": "DRL3-EN064",
      "rarities": [
        "Ultra Rare"
      ],
      "count": {
        "Ultra Rare": 1
      }
    },
    {
      "card_name": "Goddess Bow",
      "set_number": "DRL3-EN065",
      "rarities": [
        "Ultra Rare"
      ],
      "count": {
        "Ultra Rare": 1
      }
    },
    {
      "card_name": "Red-Eyes Black Dragon Sword",
      "set_number": "DRL3-EN066",
      "rarities": [
        "Ultra Rare"
      ],
      "count": {
        "Ultra Rare": 1
      }
    },
    {
      "card_name": "The Claw of Hermos",
      "set_number": "DRL3-EN067",
      "rarities": [
        "Ultra Rare"
      ],
      "count": {
        "Ultra Rare": 1
      }
    },
    {
      "card_name": "Lord of the Red",
      "set_number": "DRL3-EN068",
      "rarities": [
        "Ultra Rare"
      ],
      "count": {
        "Ultra Rare": 1
      }
    },
    {
      "card_name": "Red-Eyes Transmigration",
      "set_number": "DRL3-EN069",
      "rarities": [
        "Ultra Rare"
      ],
      "count": {
        "Ultra Rare": 1
      }
    },
    {
      "card_name": "The Seal of Orichalcos",
      "set_number": "DRL3-EN070",
      "rarities": [
        "Ultra Rare"
      ],
      "count": {
        "Ultra Rare": 1
      }
    },
    {
      "card_name": "Snow Plow Hustle Rustle",
      "set_number": "DRL3-EN071",
      "rarities": [
        "Ultra Rare"
      ],
      "count": {
        "Ultra Rare": 1
      }
    },
    {
      "card_name": "Night Express Knight",
      "set_number": "DRL3-EN072",
      "rarities": [
        "Ultra Rare"
      ],
      "count": {
        "Ultra Rare": 1
      }
    },
    {
      "card_name": "Special Schedule",
      "set_number": "DRL3-EN073",
      "rarities": [
        "Ultra Rare"
      ],
      "count": {
        "Ultra Rare": 1
      }
    }
  ]
}