{
  "name": "Duelist League 13",
  "type": "Duelist League Promo Cards",
  "date": "2011-12-01",
  "distribution": "duelist_league_promo_cards",
  "prefix": "DL13",
  "sub_sets": [],
  "load": false,
  "cards": [
    {
      "card_name": "Armed Ninja",
      "set_number": "DL13-EN001",
      "rarities": [
        "Rare"
      ],
      "count": {
        "Rare": 1
      }
    },
    {
      "card_name": "Shining Angel",
      "set_number": "DL13-EN002",
      "rarities": [
        "Rare"
      ],
      "count": {
        "Rare": 1
      }
    },
    {
      "card_name": "Flying Kamakiri #1",
      "set_number": "DL13-EN003",
      "rarities": [
        "Rare"
      ],
      "count": {
        "Rare": 1
      }
    },
    {
      "card_name": "Crimson Ninja",
      "set_number": "DL13-EN004",
      "rarities": [
        "Rare"
      ],
      "count": {
        "Rare": 1
      }
    },
    {
      "card_name": "Strike Ninja",
      "set_number": "DL13-EN005",
      "rarities": [
        "Rare"
      ],
      "count": {
        "Rare": 1
      }
    },
    {
      "card_name": "Pinch Hopper",
      "set_number": "DL13-EN006",
      "rarities": [
        "Rare"
      ],
      "count": {
        "Rare": 1
      }
    },
    {
      "card_name": "Howling Insect",
      "set_number": "DL13-EN007",
      "rarities": [
        "Rare"
      ],
      "count": {
        "Rare": 1
      }
    },
    {
      "card_name": "Granmarg the Rock Monarch",
      "set_number": "DL13-EN008",
      "rarities": [
        "Rare"
      ],
      "count": {
        "Rare": 1
      }
    },
    {
      "card_name": "White Ninja",
      "set_number": "DL13-EN009",
      "rarities": [
        "Rare"
      ],
      "count": {
        "Rare": 1
      }
    },
    {
      "card_name": "Ultimate Tyranno",
      "set_number": "DL13-EN010",
      "rarities": [
        "Rare"
      ],
      "count": {
        "Rare": 1
      }
    },
    {
      "card_name": "Black Stego",
      "set_number": "DL13-EN011",
      "rarities": [
        "Rare"
      ],
      "count": {
        "Rare": 1
      }
    },
    {
      "card_name": "Babycerasaurus",
      "set_number": "DL13-EN012",
      "rarities": [
        "Rare"
      ],
      "count": {
        "Rare": 1
      }
    },
    {
      "card_name": "Gorz the Emissary of Darkness",
      "set_number": "DL13-EN013",
      "rarities": [
        "Rare"
      ],
      "count": {
        "Rare": 1
      }
    },
    {
      "card_name": "Insect Barrier",
      "set_number": "DL13-EN014",
      "rarities": [
        "Rare"
      ],
      "count": {
        "Rare": 1
      }
    },
    {
      "card_name": "Dark Factory of Mass Production",
      "set_number": "DL13-EN015",
      "rarities": [
        "Rare"
      ],
      "count": {
        "Rare": 1
      }
    },
    {
      "card_name": "Ancient Rules",
      "set_number": "DL13-EN016",
      "rarities": [
        "Rare"
      ],
      "count": {
        "Rare": 1
      }
    },
    {
      "card_name": "Zombie World",
      "set_number": "DL13-EN017",
      "rarities": [
        "Rare"
      ],
      "count": {
        "Rare": 1
      }
    },
    {
      "card_name": "Fossil Dig",
      "set_number": "DL13-EN018",
      "rarities": [
        "Rare"
      ],
      "count": {
        "Rare": 1
      }
    },
    {
      "card_name": "Ultimate Offering",
      "set_number": "DL13-EN019",
      "rarities": [
        "Rare"
      ],
      "count": {
        "Rare": 1
      }
    },
    {
      "card_name": "Magic Drain",
      "set_number": "DL13-EN020",
      "rarities": [
        "Rare"
      ],
      "count": {
        "Rare": 1
      }
    }
  ]
}