{
  "name": "Duelist League Series 1",
  "type": "Duelist League Promo Cards",
  "date": "2003-08-01",
  "distribution": "duelist_league_promo_cards",
  "prefix": "DL1",
  "sub_sets": [],
  "load": false,
  "cards": [
    {
      "card_name": "Thousand-Eyes Restrict",
      "set_number": "DL1-001",
      "rarities": [
        "Super Rare"
      ],
      "count": {
        "Super Rare": 1
      }
    },
    {
      "card_name": "Buster Blader",
      "set_number": "DL1-002",
      "rarities": [
        "Super Rare"
      ],
      "count": {
        "Super Rare": 1
      }
    }
  ]
}