{
  "name": "Duelist League 2",
  "type": "Duelist League Promo Cards",
  "date": "2010-12-01",
  "distribution": "duelist_league_promo_cards",
  "prefix": "DL11",
  "sub_sets": [],
  "load": false,
  "cards": [
    {
      "card_name": "Dark Magician",
      "set_number": "DL11-EN001",
      "rarities": [
        "Rare"
      ],
      "count": {
        "Rare": 1
      }
    },
    {
      "card_name": "Right Leg of the Forbidden One",
      "set_number": "DL11-EN002",
      "rarities": [
        "Rare"
      ],
      "count": {
        "Rare": 1
      }
    },
    {
      "card_name": "Left Leg of the Forbidden One",
      "set_number": "DL11-EN003",
      "rarities": [
        "Rare"
      ],
      "count": {
        "Rare": 1
      }
    },
    {
      "card_name": "Right Arm of the Forbidden One",
      "set_number": "DL11-EN004",
      "rarities": [
        "Rare"
      ],
      "count": {
        "Rare": 1
      }
    },
    {
      "card_name": "Left Arm of the Forbidden One",
      "set_number": "DL11-EN005",
      "rarities": [
        "Rare"
      ],
      "count": {
        "Rare": 1
      }
    },
    {
      "card_name": "Exodia the Forbidden One",
      "set_number": "DL11-EN006",
      "rarities": [
        "Rare"
      ],
      "count": {
        "Rare": 1
      }
    },
    {
      "card_name": "Morphing Jar",
      "set_number": "DL11-EN007",
      "rarities": [
        "Rare"
      ],
      "count": {
        "Rare": 1
      }
    },
    {
      "card_name": "Pyramid Turtle",
      "set_number": "DL11-EN008",
      "rarities": [
        "Rare"
      ],
      "count": {
        "Rare": 1
      }
    },
    {
      "card_name": "Gravekeeper's Spy",
      "set_number": "DL11-EN009",
      "rarities": [
        "Rare"
      ],
      "count": {
        "Rare": 1
      }
    },
    {
      "card_name": "Mobius the Frost Monarch",
      "set_number": "DL11-EN010",
      "rarities": [
        "Rare"
      ],
      "count": {
        "Rare": 1
      }
    },
    {
      "card_name": "Hanewata",
      "set_number": "DL11-EN011",
      "rarities": [
        "Rare"
      ],
      "count": {
        "Rare": 1
      }
    },
    {
      "card_name": "Inmato",
      "set_number": "DL11-EN012",
      "rarities": [
        "Rare"
      ],
      "count": {
        "Rare": 1
      }
    },
    {
      "card_name": "Blackwing - Kalut the Moon Shadow",
      "set_number": "DL11-EN013",
      "rarities": [
        "Rare"
      ],
      "count": {
        "Rare": 1
      }
    },
    {
      "card_name": "Thought Ruler Archfiend",
      "set_number": "DL11-EN014",
      "rarities": [
        "Rare"
      ],
      "count": {
        "Rare": 1
      }
    },
    {
      "card_name": "Nobleman of Extermination",
      "set_number": "DL11-EN015",
      "rarities": [
        "Rare"
      ],
      "count": {
        "Rare": 1
      }
    },
    {
      "card_name": "Fusion Gate",
      "set_number": "DL11-EN016",
      "rarities": [
        "Rare"
      ],
      "count": {
        "Rare": 1
      }
    },
    {
      "card_name": "Royal Tribute",
      "set_number": "DL11-EN017",
      "rarities": [
        "Rare"
      ],
      "count": {
        "Rare": 1
      }
    },
    {
      "card_name": "Fairy Box",
      "set_number": "DL11-EN018",
      "rarities": [
        "Rare"
      ],
      "count": {
        "Rare": 1
      }
    },
    {
      "card_name": "Rite of Spirit",
      "set_number": "DL11-EN019",
      "rarities": [
        "Rare"
      ],
      "count": {
        "Rare": 1
      }
    },
    {
      "card_name": "Icarus Attack",
      "set_number": "DL11-EN020",
      "rarities": [
        "Rare"
      ],
      "count": {
        "Rare": 1
      }
    }
  ]
}