{
  "name": "Duel Terminal 6a",
  "type": "Duel Terminal",
  "date": "2012-02-03",
  "distribution": "duel_terminal",
  "prefix": "DT06",
  "sub_sets": [],
  "load": false,
  "cards": [
    {
      "card_name": "Silent Swordsman LV7",
      "set_number": "DT06-EN001",
      "rarities": [
        "Duel Terminal Super Parallel Rare"
      ],
      "count": {
        "Duel Terminal Super Parallel Rare": 1
      }
    },
    {
      "card_name": "Arcana Force EX - The Light Ruler",
      "set_number": "DT06-EN002",
      "rarities": [
        "Duel Terminal Rare Parallel Rare"
      ],
      "count": {
        "Duel Terminal Rare Parallel Rare": 1
      }
    },
    {
      "card_name": "Elemental HERO Voltic",
      "set_number": "DT06-EN003",
      "rarities": [
        "Duel Terminal Normal Parallel Rare"
      ],
      "count": {
        "Duel Terminal Normal Parallel Rare": 1
      }
    },
    {
      "card_name": "Athena",
      "set_number": "DT06-EN004",
      "rarities": [
        "Duel Terminal Normal Parallel Rare"
      ],
      "count": {
        "Duel Terminal Normal Parallel Rare": 1
      }
    },
    {
      "card_name": "Mystic Tomato",
      "set_number": "DT06-EN005",
      "rarities": [
        "Duel Terminal Normal Parallel Rare"
      ],
      "count": {
        "Duel Terminal Normal Parallel Rare": 1
      }
    },
    {
      "card_name": "Freed the Brave Wanderer",
      "set_number": "DT06-EN006",
      "rarities": [
        "Duel Terminal Normal Parallel Rare"
      ],
      "count": {
        "Duel Terminal Normal Parallel Rare": 1
      }
    },
    {
      "card_name": "Guardian Angel Joan",
      "set_number": "DT06-EN007",
      "rarities": [
        "Duel Terminal Normal Parallel Rare"
      ],
      "count": {
        "Duel Terminal Normal Parallel Rare": 1
      }
    },
    {
      "card_name": "Manju of the Ten Thousand Hands",
      "set_number": "DT06-EN008",
      "rarities": [
        "Duel Terminal Normal Parallel Rare"
      ],
      "count": {
        "Duel Terminal Normal Parallel Rare": 1
      }
    },
    {
      "card_name": "Sacred Phoenix of Nephthys",
      "set_number": "DT06-EN009",
      "rarities": [
        "Duel Terminal Rare Parallel Rare"
      ],
      "count": {
        "Duel Terminal Rare Parallel Rare": 1
      }
    },
    {
      "card_name": "Hand of Nephthys",
      "set_number": "DT06-EN010",
      "rarities": [
        "Duel Terminal Normal Parallel Rare"
      ],
      "count": {
        "Duel Terminal Normal Parallel Rare": 1
      }
    },
    {
      "card_name": "Eria the Water Charmer",
      "set_number": "DT06-EN011",
      "rarities": [
        "Duel Terminal Normal Parallel Rare"
      ],
      "count": {
        "Duel Terminal Normal Parallel Rare": 1
      }
    },
    {
      "card_name": "Copycat",
      "set_number": "DT06-EN012",
      "rarities": [
        "Duel Terminal Normal Parallel Rare"
      ],
      "count": {
        "Duel Terminal Normal Parallel Rare": 1
      }
    },
    {
      "card_name": "Timeater",
      "set_number": "DT06-EN013",
      "rarities": [
        "Duel Terminal Normal Parallel Rare"
      ],
      "count": {
        "Duel Terminal Normal Parallel Rare": 1
      }
    },
    {
      "card_name": "Arcana Force 0 - The Fool",
      "set_number": "DT06-EN014",
      "rarities": [
        "Duel Terminal Normal Parallel Rare"
      ],
      "count": {
        "Duel Terminal Normal Parallel Rare": 1
      }
    },
    {
      "card_name": "Battle Fader",
      "set_number": "DT06-EN015",
      "rarities": [
        "Duel Terminal Normal Parallel Rare"
      ],
      "count": {
        "Duel Terminal Normal Parallel Rare": 1
      }
    },
    {
      "card_name": "Gem-Knight Crystal",
      "set_number": "DT06-EN016",
      "rarities": [
        "Duel Terminal Rare Parallel Rare"
      ],
      "count": {
        "Duel Terminal Rare Parallel Rare": 1
      }
    },
    {
      "card_name": "Laval Volcano Handmaiden",
      "set_number": "DT06-EN017",
      "rarities": [
        "Duel Terminal Normal Parallel Rare"
      ],
      "count": {
        "Duel Terminal Normal Parallel Rare": 1
      }
    },
    {
      "card_name": "Laval Cannon",
      "set_number": "DT06-EN018",
      "rarities": [
        "Duel Terminal Rare Parallel Rare"
      ],
      "count": {
        "Duel Terminal Rare Parallel Rare": 1
      }
    },
    {
      "card_name": "Vylon Sphere",
      "set_number": "DT06-EN019",
      "rarities": [
        "Duel Terminal Rare Parallel Rare"
      ],
      "count": {
        "Duel Terminal Rare Parallel Rare": 1
      }
    },
    {
      "card_name": "Vylon Tetra",
      "set_number": "DT06-EN020",
      "rarities": [
        "Duel Terminal Normal Parallel Rare"
      ],
      "count": {
        "Duel Terminal Normal Parallel Rare": 1
      }
    },
    {
      "card_name": "Vylon Stella",
      "set_number": "DT06-EN021",
      "rarities": [
        "Duel Terminal Normal Parallel Rare"
      ],
      "count": {
        "Duel Terminal Normal Parallel Rare": 1
      }
    },
    {
      "card_name": "Vylon Prism",
      "set_number": "DT06-EN022",
      "rarities": [
        "Duel Terminal Rare Parallel Rare"
      ],
      "count": {
        "Duel Terminal Rare Parallel Rare": 1
      }
    },
    {
      "card_name": "Vylon Hept",
      "set_number": "DT06-EN023",
      "rarities": [
        "Duel Terminal Rare Parallel Rare"
      ],
      "count": {
        "Duel Terminal Rare Parallel Rare": 1
      }
    },
    {
      "card_name": "Gishki Reliever",
      "set_number": "DT06-EN024",
      "rarities": [
        "Duel Terminal Normal Parallel Rare"
      ],
      "count": {
        "Duel Terminal Normal Parallel Rare": 1
      }
    },
    {
      "card_name": "Gishki Noellia",
      "set_number": "DT06-EN025",
      "rarities": [
        "Duel Terminal Rare Parallel Rare"
      ],
      "count": {
        "Duel Terminal Rare Parallel Rare": 1
      }
    },
    {
      "card_name": "Gusto Squirro",
      "set_number": "DT06-EN026",
      "rarities": [
        "Duel Terminal Rare Parallel Rare"
      ],
      "count": {
        "Duel Terminal Rare Parallel Rare": 1
      }
    },
    {
      "card_name": "Reeze, Whirlwind of Gusto",
      "set_number": "DT06-EN027",
      "rarities": [
        "Duel Terminal Normal Parallel Rare"
      ],
      "count": {
        "Duel Terminal Normal Parallel Rare": 1
      }
    },
    {
      "card_name": "Steelswarm Genome",
      "set_number": "DT06-EN028",
      "rarities": [
        "Duel Terminal Normal Parallel Rare"
      ],
      "count": {
        "Duel Terminal Normal Parallel Rare": 1
      }
    },
    {
      "card_name": "Steelswarm Sentinel",
      "set_number": "DT06-EN029",
      "rarities": [
        "Duel Terminal Normal Parallel Rare"
      ],
      "count": {
        "Duel Terminal Normal Parallel Rare": 1
      }
    },
    {
      "card_name": "Steelswarm Sting",
      "set_number": "DT06-EN030",
      "rarities": [
        "Duel Terminal Rare Parallel Rare"
      ],
      "count": {
        "Duel Terminal Rare Parallel Rare": 1
      }
    },
    {
      "card_name": "Steelswarm Longhorn",
      "set_number": "DT06-EN031",
      "rarities": [
        "Duel Terminal Super Parallel Rare"
      ],
      "count": {
        "Duel Terminal Super Parallel Rare": 1
      }
    },
    {
      "card_name": "Steelswarm Hercules",
      "set_number": "DT06-EN032",
      "rarities": [
        "Duel Terminal Ultra Parallel Rare"
      ],
      "count": {
        "Duel Terminal Ultra Parallel Rare": 1
      }
    },
    {
      "card_name": "Evigishki Tetrogre",
      "set_number": "DT06-EN033",
      "rarities": [
        "Duel Terminal Ultra Parallel Rare"
      ],
      "count": {
        "Duel Terminal Ultra Parallel Rare": 1
      }
    },
    {
      "card_name": "Elemental HERO Gaia",
      "set_number": "DT06-EN034",
      "rarities": [
        "Duel Terminal Normal Parallel Rare"
      ],
      "count": {
        "Duel Terminal Normal Parallel Rare": 1
      }
    },
    {
      "card_name": "Gem-Knight Citrine",
      "set_number": "DT06-EN035",
      "rarities": [
        "Duel Terminal Super Parallel Rare"
      ],
      "count": {
        "Duel Terminal Super Parallel Rare": 1
      }
    },
    {
      "card_name": "Gem-Knight Prismaura",
      "set_number": "DT06-EN036",
      "rarities": [
        "Duel Terminal Super Parallel Rare"
      ],
      "count": {
        "Duel Terminal Super Parallel Rare": 1
      }
    },
    {
      "card_name": "Laval Stennon",
      "set_number": "DT06-EN037",
      "rarities": [
        "Duel Terminal Super Parallel Rare"
      ],
      "count": {
        "Duel Terminal Super Parallel Rare": 1
      }
    },
    {
      "card_name": "Vylon Alpha",
      "set_number": "DT06-EN038",
      "rarities": [
        "Duel Terminal Ultra Parallel Rare"
      ],
      "count": {
        "Duel Terminal Ultra Parallel Rare": 1
      }
    },
    {
      "card_name": "Vylon Omega",
      "set_number": "DT06-EN039",
      "rarities": [
        "Duel Terminal Ultra Parallel Rare"
      ],
      "count": {
        "Duel Terminal Ultra Parallel Rare": 1
      }
    },
    {
      "card_name": "Daigusto Sphreez",
      "set_number": "DT06-EN040",
      "rarities": [
        "Duel Terminal Super Parallel Rare"
      ],
      "count": {
        "Duel Terminal Super Parallel Rare": 1
      }
    },
    {
      "card_name": "Future Fusion",
      "set_number": "DT06-EN041",
      "rarities": [
        "Duel Terminal Normal Parallel Rare"
      ],
      "count": {
        "Duel Terminal Normal Parallel Rare": 1
      }
    },
    {
      "card_name": "Advanced Ritual Art",
      "set_number": "DT06-EN042",
      "rarities": [
        "Duel Terminal Normal Parallel Rare"
      ],
      "count": {
        "Duel Terminal Normal Parallel Rare": 1
      }
    },
    {
      "card_name": "Vylon Component",
      "set_number": "DT06-EN043",
      "rarities": [
        "Duel Terminal Normal Parallel Rare"
      ],
      "count": {
        "Duel Terminal Normal Parallel Rare": 1
      }
    },
    {
      "card_name": "Vylon Element",
      "set_number": "DT06-EN044",
      "rarities": [
        "Duel Terminal Normal Parallel Rare"
      ],
      "count": {
        "Duel Terminal Normal Parallel Rare": 1
      }
    },
    {
      "card_name": "Forbidden Arts of the Gishki",
      "set_number": "DT06-EN045",
      "rarities": [
        "Duel Terminal Normal Parallel Rare"
      ],
      "count": {
        "Duel Terminal Normal Parallel Rare": 1
      }
    },
    {
      "card_name": "Wall of Revealing Light",
      "set_number": "DT06-EN046",
      "rarities": [
        "Duel Terminal Normal Parallel Rare"
      ],
      "count": {
        "Duel Terminal Normal Parallel Rare": 1
      }
    },
    {
      "card_name": "Drastic Drop Off",
      "set_number": "DT06-EN047",
      "rarities": [
        "Duel Terminal Normal Parallel Rare"
      ],
      "count": {
        "Duel Terminal Normal Parallel Rare": 1
      }
    },
    {
      "card_name": "Pyroxene Fusion",
      "set_number": "DT06-EN048",
      "rarities": [
        "Duel Terminal Normal Parallel Rare"
      ],
      "count": {
        "Duel Terminal Normal Parallel Rare": 1
      }
    },
    {
      "card_name": "Infestation Ripples",
      "set_number": "DT06-EN049",
      "rarities": [
        "Duel Terminal Normal Parallel Rare"
      ],
      "count": {
        "Duel Terminal Normal Parallel Rare": 1
      }
    },
    {
      "card_name": "Infestation Tool",
      "set_number": "DT06-EN050",
      "rarities": [
        "Duel Terminal Normal Parallel Rare"
      ],
      "count": {
        "Duel Terminal Normal Parallel Rare": 1
      }
    }
  ]
}