{
  "name": "Duelist Alliance",
  "type": "Booster Pack",
  "date": "2014-04-19",
  "distribution": "booster_pack",
  "prefix": "DUEA",
  "sub_sets": [],
  "load": true,
  "cards": [
    {
      "card_name": "Flash Knight",
      "set_number": "DUEA-EN001",
      "rarities": [
        "Rare"
      ],
      "count": {
        "Rare": 1
      }
    },
    {
      "card_name": "Foucault's Cannon",
      "set_number": "DUEA-EN002",
      "rarities": [
        "Super Rare"
      ],
      "count": {
        "Super Rare": 1
      }
    },
    {
      "card_name": "Metaphys Armed Dragon",
      "set_number": "DUEA-EN003",
      "rarities": [
        "Common"
      ],
      "count": {
        "Common": 1
      }
    },
    {
      "card_name": "Odd-Eyes Pendulum Dragon",
      "set_number": "DUEA-EN004",
      "rarities": [
        "Secret Rare",
        "Ultimate Rare"
      ],
      "count": {
        "Secret Rare": 1,
        "Ultimate Rare": 1
      }
    },
    {
      "card_name": "Performapal Skeeter Skimmer",
      "set_number": "DUEA-EN005",
      "rarities": [
        "Common"
      ],
      "count": {
        "Common": 1
      }
    },
    {
      "card_name": "Performapal Whip Snake",
      "set_number": "DUEA-EN006",
      "rarities": [
        "Rare"
      ],
      "count": {
        "Rare": 1
      }
    },
    {
      "card_name": "Performapal Sword Fish",
      "set_number": "DUEA-EN007",
      "rarities": [
        "Common"
      ],
      "count": {
        "Common": 1
      }
    },
    {
      "card_name": "Performapal Hip Hippo",
      "set_number": "DUEA-EN008",
      "rarities": [
        "Common"
      ],
      "count": {
        "Common": 1
      }
    },
    {
      "card_name": "Performapal Kaleidoscorp",
      "set_number": "DUEA-EN009",
      "rarities": [
        "Rare"
      ],
      "count": {
        "Rare": 1
      }
    },
    {
      "card_name": "Performapal Turn Toad",
      "set_number": "DUEA-EN010",
      "rarities": [
        "Rare"
      ],
      "count": {
        "Rare": 1
      }
    },
    {
      "card_name": "Superheavy Samurai Blue Brawler",
      "set_number": "DUEA-EN011",
      "rarities": [
        "Common"
      ],
      "count": {
        "Common": 1
      }
    },
    {
      "card_name": "Superheavy Samurai Swordsman",
      "set_number": "DUEA-EN012",
      "rarities": [
        "Common"
      ],
      "count": {
        "Common": 1
      }
    },
    {
      "card_name": "Superheavy Samurai Big Benkei",
      "set_number": "DUEA-EN013",
      "rarities": [
        "Rare"
      ],
      "count": {
        "Rare": 1
      }
    },
    {
      "card_name": "Aria the Melodious Diva",
      "set_number": "DUEA-EN014",
      "rarities": [
        "Common"
      ],
      "count": {
        "Common": 1
      }
    },
    {
      "card_name": "Sonata the Melodious Diva",
      "set_number": "DUEA-EN015",
      "rarities": [
        "Common"
      ],
      "count": {
        "Common": 1
      }
    },
    {
      "card_name": "Mozarta the Melodious Maestra",
      "set_number": "DUEA-EN016",
      "rarities": [
        "Rare"
      ],
      "count": {
        "Rare": 1
      }
    },
    {
      "card_name": "Battleguard King",
      "set_number": "DUEA-EN017",
      "rarities": [
        "Common"
      ],
      "count": {
        "Common": 1
      }
    },
    {
      "card_name": "Satellarknight Deneb",
      "set_number": "DUEA-EN018",
      "rarities": [
        "Ultra Rare"
      ],
      "count": {
        "Ultra Rare": 1
      }
    },
    {
      "card_name": "Satellarknight Altair",
      "set_number": "DUEA-EN019",
      "rarities": [
        "Rare"
      ],
      "count": {
        "Rare": 1
      }
    },
    {
      "card_name": "Satellarknight Vega",
      "set_number": "DUEA-EN020",
      "rarities": [
        "Common"
      ],
      "count": {
        "Common": 1
      }
    },
    {
      "card_name": "Satellarknight Alsahm",
      "set_number": "DUEA-EN021",
      "rarities": [
        "Super Rare"
      ],
      "count": {
        "Super Rare": 1
      }
    },
    {
      "card_name": "Satellarknight Unukalhai",
      "set_number": "DUEA-EN022",
      "rarities": [
        "Common"
      ],
      "count": {
        "Common": 1
      }
    },
    {
      "card_name": "Shaddoll Falco",
      "set_number": "DUEA-EN023",
      "rarities": [
        "Rare"
      ],
      "count": {
        "Rare": 1
      }
    },
    {
      "card_name": "Shaddoll Hedgehog",
      "set_number": "DUEA-EN024",
      "rarities": [
        "Common"
      ],
      "count": {
        "Common": 1
      }
    },
    {
      "card_name": "Shaddoll Squamata",
      "set_number": "DUEA-EN025",
      "rarities": [
        "Common"
      ],
      "count": {
        "Common": 1
      }
    },
    {
      "card_name": "Shaddoll Dragon",
      "set_number": "DUEA-EN026",
      "rarities": [
        "Rare"
      ],
      "count": {
        "Rare": 1
      }
    },
    {
      "card_name": "Shaddoll Beast",
      "set_number": "DUEA-EN027",
      "rarities": [
        "Rare"
      ],
      "count": {
        "Rare": 1
      }
    },
    {
      "card_name": "Suanni, Fire of the Yang Zing",
      "set_number": "DUEA-EN028",
      "rarities": [
        "Super Rare"
      ],
      "count": {
        "Super Rare": 1
      }
    },
    {
      "card_name": "Bi'an, Earth of the Yang Zing",
      "set_number": "DUEA-EN029",
      "rarities": [
        "Super Rare"
      ],
      "count": {
        "Super Rare": 1
      }
    },
    {
      "card_name": "Bixi, Water of the Yang Zing",
      "set_number": "DUEA-EN030",
      "rarities": [
        "Super Rare"
      ],
      "count": {
        "Super Rare": 1
      }
    },
    {
      "card_name": "Pulao, Wind of the Yang Zing",
      "set_number": "DUEA-EN031",
      "rarities": [
        "Super Rare"
      ],
      "count": {
        "Super Rare": 1
      }
    },
    {
      "card_name": "Chiwen, Light of the Yang Zing",
      "set_number": "DUEA-EN032",
      "rarities": [
        "Ultra Rare"
      ],
      "count": {
        "Ultra Rare": 1
      }
    },
    {
      "card_name": "Artifact Chakram",
      "set_number": "DUEA-EN033",
      "rarities": [
        "Common"
      ],
      "count": {
        "Common": 1
      }
    },
    {
      "card_name": "Artifact Lancea",
      "set_number": "DUEA-EN034",
      "rarities": [
        "Common"
      ],
      "count": {
        "Common": 1
      }
    },
    {
      "card_name": "Nefarious Archfiend Eater of Nefariousness",
      "set_number": "DUEA-EN035",
      "rarities": [
        "Common"
      ],
      "count": {
        "Common": 1
      }
    },
    {
      "card_name": "The Agent of Entropy - Uranus",
      "set_number": "DUEA-EN036",
      "rarities": [
        "Common"
      ],
      "count": {
        "Common": 1
      }
    },
    {
      "card_name": "Djinn Demolisher of Rituals",
      "set_number": "DUEA-EN037",
      "rarities": [
        "Common"
      ],
      "count": {
        "Common": 1
      }
    },
    {
      "card_name": "Batteryman 9-Volt",
      "set_number": "DUEA-EN038",
      "rarities": [
        "Common"
      ],
      "count": {
        "Common": 1
      }
    },
    {
      "card_name": "Resonance Insect",
      "set_number": "DUEA-EN039",
      "rarities": [
        "Common"
      ],
      "count": {
        "Common": 1
      }
    },
    {
      "card_name": "Breaker the Dark Magical Warrior",
      "set_number": "DUEA-EN040",
      "rarities": [
        "Rare"
      ],
      "count": {
        "Rare": 1
      }
    },
    {
      "card_name": "Raiza the Mega Monarch",
      "set_number": "DUEA-EN041",
      "rarities": [
        "Secret Rare"
      ],
      "count": {
        "Secret Rare": 1
      }
    },
    {
      "card_name": "Dogu",
      "set_number": "DUEA-EN042",
      "rarities": [
        "Rare"
      ],
      "count": {
        "Rare": 1
      }
    },
    {
      "card_name": "Hypnosister",
      "set_number": "DUEA-EN043",
      "rarities": [
        "Super Rare"
      ],
      "count": {
        "Super Rare": 1
      }
    },
    {
      "card_name": "Re-Cover",
      "set_number": "DUEA-EN044",
      "rarities": [
        "Common"
      ],
      "count": {
        "Common": 1
      }
    },
    {
      "card_name": "Deskbot 001",
      "set_number": "DUEA-EN045",
      "rarities": [
        "Common"
      ],
      "count": {
        "Common": 1
      }
    },
    {
      "card_name": "Spy-C-Spy",
      "set_number": "DUEA-EN046",
      "rarities": [
        "Normal Rare"
      ],
      "count": {
        "Normal Rare": 1
      }
    },
    {
      "card_name": "Wightprince",
      "set_number": "DUEA-EN047",
      "rarities": [
        "Normal Rare"
      ],
      "count": {
        "Normal Rare": 1
      }
    },
    {
      "card_name": "El Shaddoll Winda",
      "set_number": "DUEA-EN048",
      "rarities": [
        "Ultra Rare"
      ],
      "count": {
        "Ultra Rare": 1
      }
    },
    {
      "card_name": "El Shaddoll Construct",
      "set_number": "DUEA-EN049",
      "rarities": [
        "Ultimate Rare",
        "Ultra Rare"
      ],
      "count": {
        "Ultimate Rare": 1,
        "Ultra Rare": 1
      }
    },
    {
      "card_name": "Saffira, Queen of Dragons",
      "set_number": "DUEA-EN050",
      "rarities": [
        "Ultimate Rare",
        "Ultra Rare"
      ],
      "count": {
        "Ultimate Rare": 1,
        "Ultra Rare": 1
      }
    },
    {
      "card_name": "Baxia, Brightness of the Yang Zing",
      "set_number": "DUEA-EN051",
      "rarities": [
        "Secret Rare",
        "Ultimate Rare"
      ],
      "count": {
        "Secret Rare": 1,
        "Ultimate Rare": 1
      }
    },
    {
      "card_name": "Samsara, Dragon of Rebirth",
      "set_number": "DUEA-EN052",
      "rarities": [
        "Super Rare"
      ],
      "count": {
        "Super Rare": 1
      }
    },
    {
      "card_name": "Stellarknight Delteros",
      "set_number": "DUEA-EN053",
      "rarities": [
        "Secret Rare",
        "Ultimate Rare",
        "Ghost Rare"
      ],
      "count": {
        "Secret Rare": 1,
        "Ultimate Rare": 1,
        "Ghost Rare": 1
      }
    },
    {
      "card_name": "Castel, the Skyblaster Musketeer",
      "set_number": "DUEA-EN054",
      "rarities": [
        "Super Rare"
      ],
      "count": {
        "Super Rare": 1
      }
    },
    {
      "card_name": "Hippo Carnival",
      "set_number": "DUEA-EN055",
      "rarities": [
        "Common"
      ],
      "count": {
        "Common": 1
      }
    },
    {
      "card_name": "Feast of the Wild LV5",
      "set_number": "DUEA-EN056",
      "rarities": [
        "Common"
      ],
      "count": {
        "Common": 1
      }
    },
    {
      "card_name": "Stellarknight Alpha",
      "set_number": "DUEA-EN057",
      "rarities": [
        "Common"
      ],
      "count": {
        "Common": 1
      }
    },
    {
      "card_name": "Satellarknight Skybridge",
      "set_number": "DUEA-EN058",
      "rarities": [
        "Rare"
      ],
      "count": {
        "Rare": 1
      }
    },
    {
      "card_name": "Shaddoll Fusion",
      "set_number": "DUEA-EN059",
      "rarities": [
        "Common"
      ],
      "count": {
        "Common": 1
      }
    },
    {
      "card_name": "Curse of the Shadow Prison",
      "set_number": "DUEA-EN060",
      "rarities": [
        "Common"
      ],
      "count": {
        "Common": 1
      }
    },
    {
      "card_name": "Yang Zing Path",
      "set_number": "DUEA-EN061",
      "rarities": [
        "Secret Rare"
      ],
      "count": {
        "Secret Rare": 1
      }
    },
    {
      "card_name": "Yang Zing Prana",
      "set_number": "DUEA-EN062",
      "rarities": [
        "Common"
      ],
      "count": {
        "Common": 1
      }
    },
    {
      "card_name": "Hymn of Light",
      "set_number": "DUEA-EN063",
      "rarities": [
        "Common"
      ],
      "count": {
        "Common": 1
      }
    },
    {
      "card_name": "Dracocension",
      "set_number": "DUEA-EN064",
      "rarities": [
        "Common"
      ],
      "count": {
        "Common": 1
      }
    },
    {
      "card_name": "Magical Spring",
      "set_number": "DUEA-EN065",
      "rarities": [
        "Secret Rare"
      ],
      "count": {
        "Secret Rare": 1
      }
    },
    {
      "card_name": "The Monarchs Stormforth",
      "set_number": "DUEA-EN066",
      "rarities": [
        "Common"
      ],
      "count": {
        "Common": 1
      }
    },
    {
      "card_name": "Pop-Up",
      "set_number": "DUEA-EN067",
      "rarities": [
        "Normal Rare"
      ],
      "count": {
        "Normal Rare": 1
      }
    },
    {
      "card_name": "Battleguard Rage",
      "set_number": "DUEA-EN068",
      "rarities": [
        "Rare"
      ],
      "count": {
        "Rare": 1
      }
    },
    {
      "card_name": "Battleguard Howling",
      "set_number": "DUEA-EN069",
      "rarities": [
        "Common"
      ],
      "count": {
        "Common": 1
      }
    },
    {
      "card_name": "Stellarnova Wave",
      "set_number": "DUEA-EN070",
      "rarities": [
        "Common"
      ],
      "count": {
        "Common": 1
      }
    },
    {
      "card_name": "Stellarnova Alpha",
      "set_number": "DUEA-EN071",
      "rarities": [
        "Ultra Rare"
      ],
      "count": {
        "Ultra Rare": 1
      }
    },
    {
      "card_name": "Sinister Shadow Games",
      "set_number": "DUEA-EN072",
      "rarities": [
        "Ultra Rare"
      ],
      "count": {
        "Ultra Rare": 1
      }
    },
    {
      "card_name": "Shaddoll Core",
      "set_number": "DUEA-EN073",
      "rarities": [
        "Super Rare"
      ],
      "count": {
        "Super Rare": 1
      }
    },
    {
      "card_name": "Yang Zing Creation",
      "set_number": "DUEA-EN074",
      "rarities": [
        "Ultra Rare"
      ],
      "count": {
        "Ultra Rare": 1
      }
    },
    {
      "card_name": "Yang Zing Unleashed",
      "set_number": "DUEA-EN075",
      "rarities": [
        "Common"
      ],
      "count": {
        "Common": 1
      }
    },
    {
      "card_name": "Chain Dispel",
      "set_number": "DUEA-EN076",
      "rarities": [
        "Common"
      ],
      "count": {
        "Common": 1
      }
    },
    {
      "card_name": "Face-Off",
      "set_number": "DUEA-EN077",
      "rarities": [
        "Rare"
      ],
      "count": {
        "Rare": 1
      }
    },
    {
      "card_name": "Pendulum Back",
      "set_number": "DUEA-EN078",
      "rarities": [
        "Super Rare"
      ],
      "count": {
        "Super Rare": 1
      }
    },
    {
      "card_name": "Time-Space Trap Hole",
      "set_number": "DUEA-EN079",
      "rarities": [
        "Secret Rare"
      ],
      "count": {
        "Secret Rare": 1
      }
    },
    {
      "card_name": "That Six",
      "set_number": "DUEA-EN080",
      "rarities": [
        "Normal Rare"
      ],
      "count": {
        "Normal Rare": 1
      }
    },
    {
      "card_name": "Doomstar Magician",
      "set_number": "DUEA-EN081",
      "rarities": [
        "Ultra Rare"
      ],
      "count": {
        "Ultra Rare": 1
      }
    },
    {
      "card_name": "Scarm, Malebranche of the Burning Abyss",
      "set_number": "DUEA-EN082",
      "rarities": [
        "Rare"
      ],
      "count": {
        "Rare": 1
      }
    },
    {
      "card_name": "Graff, Malebranche of the Burning Abyss",
      "set_number": "DUEA-EN083",
      "rarities": [
        "Rare"
      ],
      "count": {
        "Rare": 1
      }
    },
    {
      "card_name": "Cir, Malebranche of the Burning Abyss",
      "set_number": "DUEA-EN084",
      "rarities": [
        "Rare"
      ],
      "count": {
        "Rare": 1
      }
    },
    {
      "card_name": "Dante, Traveler of the Burning Abyss",
      "set_number": "DUEA-EN085",
      "rarities": [
        "Secret Rare"
      ],
      "count": {
        "Secret Rare": 1
      }
    },
    {
      "card_name": "The Traveler and the Burning Abyss",
      "set_number": "DUEA-EN086",
      "rarities": [
        "Super Rare"
      ],
      "count": {
        "Super Rare": 1
      }
    },
    {
      "card_name": "U.A. Mighty Slugger",
      "set_number": "DUEA-EN087",
      "rarities": [
        "Rare"
      ],
      "count": {
        "Rare": 1
      }
    },
    {
      "card_name": "U.A. Perfect Ace",
      "set_number": "DUEA-EN088",
      "rarities": [
        "Rare"
      ],
      "count": {
        "Rare": 1
      }
    },
    {
      "card_name": "U.A. Stadium",
      "set_number": "DUEA-EN089",
      "rarities": [
        "Common"
      ],
      "count": {
        "Common": 1
      }
    },
    {
      "card_name": "Gaia, the Polar Knight",
      "set_number": "DUEA-EN090",
      "rarities": [
        "Common"
      ],
      "count": {
        "Common": 1
      }
    },
    {
      "card_name": "Gaia, the Mid-Knight Sun",
      "set_number": "DUEA-EN091",
      "rarities": [
        "Common"
      ],
      "count": {
        "Common": 1
      }
    },
    {
      "card_name": "Chaos Seed",
      "set_number": "DUEA-EN092",
      "rarities": [
        "Common"
      ],
      "count": {
        "Common": 1
      }
    },
    {
      "card_name": "Exchange of Night and Day",
      "set_number": "DUEA-EN093",
      "rarities": [
        "Common"
      ],
      "count": {
        "Common": 1
      }
    },
    {
      "card_name": "Number 58: Burner Visor",
      "set_number": "DUEA-EN094",
      "rarities": [
        "Common"
      ],
      "count": {
        "Common": 1
      }
    },
    {
      "card_name": "Felis, Lightsworn Archer",
      "set_number": "DUEA-EN095",
      "rarities": [
        "Ultra Rare"
      ],
      "count": {
        "Ultra Rare": 1
      }
    },
    {
      "card_name": "Fishborg Doctor",
      "set_number": "DUEA-EN096",
      "rarities": [
        "Common"
      ],
      "count": {
        "Common": 1
      }
    },
    {
      "card_name": "Panzer Dragon",
      "set_number": "DUEA-EN097",
      "rarities": [
        "Rare"
      ],
      "count": {
        "Rare": 1
      }
    },
    {
      "card_name": "Cloudcastle",
      "set_number": "DUEA-EN098",
      "rarities": [
        "Common"
      ],
      "count": {
        "Common": 1
      }
    },
    {
      "card_name": "Pilgrim Reaper",
      "set_number": "DUEA-EN099",
      "rarities": [
        "Common"
      ],
      "count": {
        "Common": 1
      }
    }
  ]
}
