{
  "name": "Duelist Pack: Rivals of the Pharaoh",
  "type": "Duelist Pack",
  "date": "2016-09-15",
  "distribution": "duelist_pack",
  "prefix": "DPRP",
  "sub_sets": [],
  "load": true,
  "cards": [
    {
      "card_name": "Silent Swordsman",
      "set_number": "DPRP-EN001",
      "rarities": [
        "Ultra Rare"
      ],
      "count": {
        "Ultra Rare": 1
      }
    },
    {
      "card_name": "Silent Magician",
      "set_number": "DPRP-EN002",
      "rarities": [
        "Ultra Rare"
      ],
      "count": {
        "Ultra Rare": 1
      }
    },
    {
      "card_name": "Silent Paladin",
      "set_number": "DPRP-EN003",
      "rarities": [
        "Ultra Rare"
      ],
      "count": {
        "Ultra Rare": 1
      }
    },
    {
      "card_name": "Silent Sword Slash",
      "set_number": "DPRP-EN004",
      "rarities": [
        "Super Rare"
      ],
      "count": {
        "Super Rare": 1
      }
    },
    {
      "card_name": "Silent Burning",
      "set_number": "DPRP-EN005",
      "rarities": [
        "Super Rare"
      ],
      "count": {
        "Super Rare": 1
      }
    },
    {
      "card_name": "Magnet Reverse",
      "set_number": "DPRP-EN006",
      "rarities": [
        "Super Rare"
      ],
      "count": {
        "Super Rare": 1
      }
    },
    {
      "card_name": "Magnet Force",
      "set_number": "DPRP-EN007",
      "rarities": [
        "Super Rare"
      ],
      "count": {
        "Super Rare": 1
      }
    },
    {
      "card_name": "Neutron Blast",
      "set_number": "DPRP-EN008",
      "rarities": [
        "Ultra Rare"
      ],
      "count": {
        "Ultra Rare": 1
      }
    },
    {
      "card_name": "Lullaby of Obedience",
      "set_number": "DPRP-EN009",
      "rarities": [
        "Ultra Rare"
      ],
      "count": {
        "Ultra Rare": 1
      }
    },
    {
      "card_name": "Tribute Burial",
      "set_number": "DPRP-EN010",
      "rarities": [
        "Super Rare"
      ],
      "count": {
        "Super Rare": 1
      }
    },
    {
      "card_name": "Dark Sanctuary",
      "set_number": "DPRP-EN011",
      "rarities": [
        "Ultra Rare"
      ],
      "count": {
        "Ultra Rare": 1
      }
    },
    {
      "card_name": "Dragon Master Knight",
      "set_number": "DPRP-EN012",
      "rarities": [
        "Rare"
      ],
      "count": {
        "Rare": 1
      }
    },
    {
      "card_name": "Dark Magician of Chaos",
      "set_number": "DPRP-EN013",
      "rarities": [
        "Rare"
      ],
      "count": {
        "Rare": 1
      }
    },
    {
      "card_name": "Dedication through Light and Darkness",
      "set_number": "DPRP-EN014",
      "rarities": [
        "Common"
      ],
      "count": {
        "Common": 1
      }
    },
    {
      "card_name": "Fiend's Sanctuary",
      "set_number": "DPRP-EN015",
      "rarities": [
        "Rare"
      ],
      "count": {
        "Rare": 1
      }
    },
    {
      "card_name": "Silent Swordsman LV3",
      "set_number": "DPRP-EN016",
      "rarities": [
        "Common"
      ],
      "count": {
        "Common": 1
      }
    },
    {
      "card_name": "Silent Swordsman LV5",
      "set_number": "DPRP-EN017",
      "rarities": [
        "Common"
      ],
      "count": {
        "Common": 1
      }
    },
    {
      "card_name": "Silent Swordsman LV7",
      "set_number": "DPRP-EN018",
      "rarities": [
        "Common"
      ],
      "count": {
        "Common": 1
      }
    },
    {
      "card_name": "Silent Magician LV4",
      "set_number": "DPRP-EN019",
      "rarities": [
        "Common"
      ],
      "count": {
        "Common": 1
      }
    },
    {
      "card_name": "Silent Magician LV8",
      "set_number": "DPRP-EN020",
      "rarities": [
        "Common"
      ],
      "count": {
        "Common": 1
      }
    },
    {
      "card_name": "Green Gadget",
      "set_number": "DPRP-EN021",
      "rarities": [
        "Common"
      ],
      "count": {
        "Common": 1
      }
    },
    {
      "card_name": "Red Gadget",
      "set_number": "DPRP-EN022",
      "rarities": [
        "Common"
      ],
      "count": {
        "Common": 1
      }
    },
    {
      "card_name": "Yellow Gadget",
      "set_number": "DPRP-EN023",
      "rarities": [
        "Common"
      ],
      "count": {
        "Common": 1
      }
    },
    {
      "card_name": "Stronghold the Moving Fortress",
      "set_number": "DPRP-EN024",
      "rarities": [
        "Common"
      ],
      "count": {
        "Common": 1
      }
    },
    {
      "card_name": "Blue-Eyes Ultimate Dragon",
      "set_number": "DPRP-EN025",
      "rarities": [
        "Rare"
      ],
      "count": {
        "Rare": 1
      }
    },
    {
      "card_name": "Blue-Eyes Shining Dragon",
      "set_number": "DPRP-EN026",
      "rarities": [
        "Common"
      ],
      "count": {
        "Common": 1
      }
    },
    {
      "card_name": "YZ-Tank Dragon",
      "set_number": "DPRP-EN027",
      "rarities": [
        "Rare"
      ],
      "count": {
        "Rare": 1
      }
    },
    {
      "card_name": "Dragon's Mirror",
      "set_number": "DPRP-EN028",
      "rarities": [
        "Rare"
      ],
      "count": {
        "Rare": 1
      }
    },
    {
      "card_name": "Dragon Shrine",
      "set_number": "DPRP-EN029",
      "rarities": [
        "Rare"
      ],
      "count": {
        "Rare": 1
      }
    },
    {
      "card_name": "Silver's Cry",
      "set_number": "DPRP-EN030",
      "rarities": [
        "Super Rare"
      ],
      "count": {
        "Super Rare": 1
      }
    },
    {
      "card_name": "Castle of Dragon Souls",
      "set_number": "DPRP-EN031",
      "rarities": [
        "Rare"
      ],
      "count": {
        "Rare": 1
      }
    },
    {
      "card_name": "Helpoemer",
      "set_number": "DPRP-EN032",
      "rarities": [
        "Common"
      ],
      "count": {
        "Common": 1
      }
    },
    {
      "card_name": "Metal Reflect Slime",
      "set_number": "DPRP-EN033",
      "rarities": [
        "Rare"
      ],
      "count": {
        "Rare": 1
      }
    },
    {
      "card_name": "Blast Held by a Tribute",
      "set_number": "DPRP-EN034",
      "rarities": [
        "Common"
      ],
      "count": {
        "Common": 1
      }
    },
    {
      "card_name": "Exchange of the Spirit",
      "set_number": "DPRP-EN035",
      "rarities": [
        "Common"
      ],
      "count": {
        "Common": 1
      }
    },
    {
      "card_name": "Mystical Beast of Serket",
      "set_number": "DPRP-EN036",
      "rarities": [
        "Common"
      ],
      "count": {
        "Common": 1
      }
    },
    {
      "card_name": "Temple of the Kings",
      "set_number": "DPRP-EN037",
      "rarities": [
        "Common"
      ],
      "count": {
        "Common": 1
      }
    },
    {
      "card_name": "Sangan",
      "set_number": "DPRP-EN038",
      "rarities": [
        "Common"
      ],
      "count": {
        "Common": 1
      }
    },
    {
      "card_name": "Necroface",
      "set_number": "DPRP-EN039",
      "rarities": [
        "Common"
      ],
      "count": {
        "Common": 1
      }
    },
    {
      "card_name": "Dark Necrofear",
      "set_number": "DPRP-EN040",
      "rarities": [
        "Common"
      ],
      "count": {
        "Common": 1
      }
    },
    {
      "card_name": "Destiny Board",
      "set_number": "DPRP-EN041",
      "rarities": [
        "Common"
      ],
      "count": {
        "Common": 1
      }
    },
    {
      "card_name": "Spirit Message \"I\"",
      "set_number": "DPRP-EN042",
      "rarities": [
        "Common"
      ],
      "count": {
        "Common": 1
      }
    },
    {
      "card_name": "Spirit Message \"N\"",
      "set_number": "DPRP-EN043",
      "rarities": [
        "Common"
      ],
      "count": {
        "Common": 1
      }
    },
    {
      "card_name": "Spirit Message \"A\"",
      "set_number": "DPRP-EN044",
      "rarities": [
        "Common"
      ],
      "count": {
        "Common": 1
      }
    },
    {
      "card_name": "Spirit Message \"L\"",
      "set_number": "DPRP-EN045",
      "rarities": [
        "Common"
      ],
      "count": {
        "Common": 1
      }
    },
    {
      "card_name": "Thousand-Eyes Restrict",
      "set_number": "DPRP-EN046",
      "rarities": [
        "Rare"
      ],
      "count": {
        "Rare": 1
      }
    }
  ]
}