{
  "name": "Duelist League 3",
  "type": "Duelist League Promo Cards",
  "date": "2011-06-01",
  "distribution": "duelist_league_promo_cards",
  "prefix": "DL12",
  "sub_sets": [],
  "load": false,
  "cards": [
    {
      "card_name": "Elemental HERO Neos",
      "set_number": "DL12-EN001",
      "rarities": [
        "Rare"
      ],
      "count": {
        "Rare": 1
      }
    },
    {
      "card_name": "UFO Turtle",
      "set_number": "DL12-EN002",
      "rarities": [
        "Rare"
      ],
      "count": {
        "Rare": 1
      }
    },
    {
      "card_name": "Giant Germ",
      "set_number": "DL12-EN003",
      "rarities": [
        "Rare"
      ],
      "count": {
        "Rare": 1
      }
    },
    {
      "card_name": "Mother Grizzly",
      "set_number": "DL12-EN004",
      "rarities": [
        "Rare"
      ],
      "count": {
        "Rare": 1
      }
    },
    {
      "card_name": "Jinzo",
      "set_number": "DL12-EN005",
      "rarities": [
        "Rare"
      ],
      "count": {
        "Rare": 1
      }
    },
    {
      "card_name": "Iron Blacksmith Kotetsu",
      "set_number": "DL12-EN006",
      "rarities": [
        "Rare"
      ],
      "count": {
        "Rare": 1
      }
    },
    {
      "card_name": "Thestalos the Firestorm Monarch",
      "set_number": "DL12-EN007",
      "rarities": [
        "Rare"
      ],
      "count": {
        "Rare": 1
      }
    },
    {
      "card_name": "Winged Kuriboh",
      "set_number": "DL12-EN008",
      "rarities": [
        "Rare"
      ],
      "count": {
        "Rare": 1
      }
    },
    {
      "card_name": "Enishi, Shien's Chancellor",
      "set_number": "DL12-EN009",
      "rarities": [
        "Rare"
      ],
      "count": {
        "Rare": 1
      }
    },
    {
      "card_name": "Junk Synchron",
      "set_number": "DL12-EN010",
      "rarities": [
        "Rare"
      ],
      "count": {
        "Rare": 1
      }
    },
    {
      "card_name": "Super Vehicroid - Stealth Union",
      "set_number": "DL12-EN011",
      "rarities": [
        "Rare"
      ],
      "count": {
        "Rare": 1
      }
    },
    {
      "card_name": "Junk Warrior",
      "set_number": "DL12-EN012",
      "rarities": [
        "Rare"
      ],
      "count": {
        "Rare": 1
      }
    },
    {
      "card_name": "Messenger of Peace",
      "set_number": "DL12-EN013",
      "rarities": [
        "Rare"
      ],
      "count": {
        "Rare": 1
      }
    },
    {
      "card_name": "Salvage",
      "set_number": "DL12-EN014",
      "rarities": [
        "Rare"
      ],
      "count": {
        "Rare": 1
      }
    },
    {
      "card_name": "Magical Mallet",
      "set_number": "DL12-EN015",
      "rarities": [
        "Rare"
      ],
      "count": {
        "Rare": 1
      }
    },
    {
      "card_name": "Dangerous Machine Type-6",
      "set_number": "DL12-EN016",
      "rarities": [
        "Rare"
      ],
      "count": {
        "Rare": 1
      }
    },
    {
      "card_name": "Super Solar Nutrient",
      "set_number": "DL12-EN017",
      "rarities": [
        "Rare"
      ],
      "count": {
        "Rare": 1
      }
    },
    {
      "card_name": "Call of the Haunted",
      "set_number": "DL12-EN018",
      "rarities": [
        "Rare"
      ],
      "count": {
        "Rare": 1
      }
    },
    {
      "card_name": "Magic Cylinder",
      "set_number": "DL12-EN019",
      "rarities": [
        "Rare"
      ],
      "count": {
        "Rare": 1
      }
    },
    {
      "card_name": "Light of Judgment",
      "set_number": "DL12-EN020",
      "rarities": [
        "Rare"
      ],
      "count": {
        "Rare": 1
      }
    }
  ]
}