{
  "name": "Duelist League 15",
  "type": "Duelist League Promo Cards",
  "date": "2012-12-15",
  "distribution": "duelist_league_promo_cards",
  "prefix": "DL15",
  "sub_sets": [],
  "load": false,
  "cards": [
    {
      "card_name": "Skilled Dark Magician",
      "set_number": "DL15-EN001",
      "rarities": [
        "Rare"
      ],
      "count": {
        "Rare": 1
      }
    },
    {
      "card_name": "Enraged Battle Ox",
      "set_number": "DL15-EN002",
      "rarities": [
        "Rare"
      ],
      "count": {
        "Rare": 1
      }
    },
    {
      "card_name": "Ultimate Baseball Kid",
      "set_number": "DL15-EN003",
      "rarities": [
        "Rare"
      ],
      "count": {
        "Rare": 1
      }
    },
    {
      "card_name": "Gaia Soul the Combustible Collective",
      "set_number": "DL15-EN004",
      "rarities": [
        "Rare"
      ],
      "count": {
        "Rare": 1
      }
    },
    {
      "card_name": "Frost and Flame Dragon",
      "set_number": "DL15-EN005",
      "rarities": [
        "Rare"
      ],
      "count": {
        "Rare": 1
      }
    },
    {
      "card_name": "Caius the Shadow Monarch",
      "set_number": "DL15-EN006",
      "rarities": [
        "Rare"
      ],
      "count": {
        "Rare": 1
      }
    },
    {
      "card_name": "Super-Nimble Mega Hamster",
      "set_number": "DL15-EN007",
      "rarities": [
        "Rare"
      ],
      "count": {
        "Rare": 1
      }
    },
    {
      "card_name": "Zubaba Knight",
      "set_number": "DL15-EN008",
      "rarities": [
        "Rare"
      ],
      "count": {
        "Rare": 1
      }
    },
    {
      "card_name": "Gagaga Magician",
      "set_number": "DL15-EN009",
      "rarities": [
        "Rare"
      ],
      "count": {
        "Rare": 1
      }
    },
    {
      "card_name": "Gogogo Golem",
      "set_number": "DL15-EN010",
      "rarities": [
        "Rare"
      ],
      "count": {
        "Rare": 1
      }
    },
    {
      "card_name": "Kurivolt",
      "set_number": "DL15-EN011",
      "rarities": [
        "Rare"
      ],
      "count": {
        "Rare": 1
      }
    },
    {
      "card_name": "Number 17: Leviathan Dragon",
      "set_number": "DL15-EN012",
      "rarities": [
        "Rare"
      ],
      "count": {
        "Rare": 1
      }
    },
    {
      "card_name": "Salamandra",
      "set_number": "DL15-EN013",
      "rarities": [
        "Rare"
      ],
      "count": {
        "Rare": 1
      }
    },
    {
      "card_name": "Fires of Doomsday",
      "set_number": "DL15-EN014",
      "rarities": [
        "Rare"
      ],
      "count": {
        "Rare": 1
      }
    },
    {
      "card_name": "Black Whirlwind",
      "set_number": "DL15-EN015",
      "rarities": [
        "Rare"
      ],
      "count": {
        "Rare": 1
      }
    },
    {
      "card_name": "Solidarity",
      "set_number": "DL15-EN016",
      "rarities": [
        "Rare"
      ],
      "count": {
        "Rare": 1
      }
    },
    {
      "card_name": "Wonder Wand",
      "set_number": "DL15-EN017",
      "rarities": [
        "Rare"
      ],
      "count": {
        "Rare": 1
      }
    },
    {
      "card_name": "Mirror Force",
      "set_number": "DL15-EN018",
      "rarities": [
        "Rare"
      ],
      "count": {
        "Rare": 1
      }
    },
    {
      "card_name": "Disturbance Strategy",
      "set_number": "DL15-EN019",
      "rarities": [
        "Rare"
      ],
      "count": {
        "Rare": 1
      }
    },
    {
      "card_name": "Horn of the Phantom Beast",
      "set_number": "DL15-EN020",
      "rarities": [
        "Rare"
      ],
      "count": {
        "Rare": 1
      }
    }
  ]
}