{
  "name": "Duel Terminal 5b",
  "type": "Duel Terminal",
  "date": "2011-09-29",
  "distribution": "duel_terminal",
  "prefix": "DT05",
  "sub_sets": [],
  "load": false,
  "cards": [
    {
      "card_name": "Senju of the Thousand Hands",
      "set_number": "DT05-EN051",
      "rarities": [
        "Duel Terminal Normal Parallel Rare"
      ],
      "count": {
        "Duel Terminal Normal Parallel Rare": 1
      }
    },
    {
      "card_name": "Sonic Bird",
      "set_number": "DT05-EN052",
      "rarities": [
        "Duel Terminal Normal Parallel Rare"
      ],
      "count": {
        "Duel Terminal Normal Parallel Rare": 1
      }
    },
    {
      "card_name": "Kelbek",
      "set_number": "DT05-EN053",
      "rarities": [
        "Duel Terminal Normal Parallel Rare"
      ],
      "count": {
        "Duel Terminal Normal Parallel Rare": 1
      }
    },
    {
      "card_name": "Puppet Master",
      "set_number": "DT05-EN054",
      "rarities": [
        "Duel Terminal Normal Parallel Rare"
      ],
      "count": {
        "Duel Terminal Normal Parallel Rare": 1
      }
    },
    {
      "card_name": "The Tricky",
      "set_number": "DT05-EN055",
      "rarities": [
        "Duel Terminal Normal Parallel Rare"
      ],
      "count": {
        "Duel Terminal Normal Parallel Rare": 1
      }
    },
    {
      "card_name": "Silent Swordsman LV5",
      "set_number": "DT05-EN056",
      "rarities": [
        "Duel Terminal Super Parallel Rare"
      ],
      "count": {
        "Duel Terminal Super Parallel Rare": 1
      }
    },
    {
      "card_name": "Wynn the Wind Charmer",
      "set_number": "DT05-EN057",
      "rarities": [
        "Duel Terminal Normal Parallel Rare"
      ],
      "count": {
        "Duel Terminal Normal Parallel Rare": 1
      }
    },
    {
      "card_name": "Armed Dragon LV10",
      "set_number": "DT05-EN058",
      "rarities": [
        "Duel Terminal Rare Parallel Rare"
      ],
      "count": {
        "Duel Terminal Rare Parallel Rare": 1
      }
    },
    {
      "card_name": "Volcanic Rocket",
      "set_number": "DT05-EN059",
      "rarities": [
        "Duel Terminal Normal Parallel Rare"
      ],
      "count": {
        "Duel Terminal Normal Parallel Rare": 1
      }
    },
    {
      "card_name": "Volcanic Counter",
      "set_number": "DT05-EN060",
      "rarities": [
        "Duel Terminal Normal Parallel Rare"
      ],
      "count": {
        "Duel Terminal Normal Parallel Rare": 1
      }
    },
    {
      "card_name": "Emperor Sem",
      "set_number": "DT05-EN061",
      "rarities": [
        "Duel Terminal Normal Parallel Rare"
      ],
      "count": {
        "Duel Terminal Normal Parallel Rare": 1
      }
    },
    {
      "card_name": "Krebons",
      "set_number": "DT05-EN062",
      "rarities": [
        "Duel Terminal Normal Parallel Rare"
      ],
      "count": {
        "Duel Terminal Normal Parallel Rare": 1
      }
    },
    {
      "card_name": "Black Salvo",
      "set_number": "DT05-EN063",
      "rarities": [
        "Duel Terminal Normal Parallel Rare"
      ],
      "count": {
        "Duel Terminal Normal Parallel Rare": 1
      }
    },
    {
      "card_name": "Gishki Abyss",
      "set_number": "DT05-EN064",
      "rarities": [
        "Duel Terminal Normal Parallel Rare"
      ],
      "count": {
        "Duel Terminal Normal Parallel Rare": 1
      }
    },
    {
      "card_name": "Gishki Vanity",
      "set_number": "DT05-EN065",
      "rarities": [
        "Duel Terminal Normal Parallel Rare"
      ],
      "count": {
        "Duel Terminal Normal Parallel Rare": 1
      }
    },
    {
      "card_name": "Gishki Marker",
      "set_number": "DT05-EN066",
      "rarities": [
        "Duel Terminal Rare Parallel Rare"
      ],
      "count": {
        "Duel Terminal Rare Parallel Rare": 1
      }
    },
    {
      "card_name": "Gishki Chain",
      "set_number": "DT05-EN067",
      "rarities": [
        "Duel Terminal Super Parallel Rare"
      ],
      "count": {
        "Duel Terminal Super Parallel Rare": 1
      }
    },
    {
      "card_name": "Gishki Ariel",
      "set_number": "DT05-EN068",
      "rarities": [
        "Duel Terminal Normal Parallel Rare"
      ],
      "count": {
        "Duel Terminal Normal Parallel Rare": 1
      }
    },
    {
      "card_name": "Gishki Shadow",
      "set_number": "DT05-EN069",
      "rarities": [
        "Duel Terminal Normal Parallel Rare"
      ],
      "count": {
        "Duel Terminal Normal Parallel Rare": 1
      }
    },
    {
      "card_name": "Gusto Gulldo",
      "set_number": "DT05-EN070",
      "rarities": [
        "Duel Terminal Normal Parallel Rare"
      ],
      "count": {
        "Duel Terminal Normal Parallel Rare": 1
      }
    },
    {
      "card_name": "Gusto Egul",
      "set_number": "DT05-EN071",
      "rarities": [
        "Duel Terminal Normal Parallel Rare"
      ],
      "count": {
        "Duel Terminal Normal Parallel Rare": 1
      }
    },
    {
      "card_name": "Gusto Thunbolt",
      "set_number": "DT05-EN072",
      "rarities": [
        "Duel Terminal Normal Parallel Rare"
      ],
      "count": {
        "Duel Terminal Normal Parallel Rare": 1
      }
    },
    {
      "card_name": "Winda, Priestess of Gusto",
      "set_number": "DT05-EN073",
      "rarities": [
        "Duel Terminal Normal Parallel Rare"
      ],
      "count": {
        "Duel Terminal Normal Parallel Rare": 1
      }
    },
    {
      "card_name": "Caam, Serenity of Gusto",
      "set_number": "DT05-EN074",
      "rarities": [
        "Duel Terminal Super Parallel Rare"
      ],
      "count": {
        "Duel Terminal Super Parallel Rare": 1
      }
    },
    {
      "card_name": "Windaar, Sage of Gusto",
      "set_number": "DT05-EN075",
      "rarities": [
        "Duel Terminal Rare Parallel Rare"
      ],
      "count": {
        "Duel Terminal Rare Parallel Rare": 1
      }
    },
    {
      "card_name": "Steelswarm Cell",
      "set_number": "DT05-EN076",
      "rarities": [
        "Duel Terminal Normal Parallel Rare"
      ],
      "count": {
        "Duel Terminal Normal Parallel Rare": 1
      }
    },
    {
      "card_name": "Steelswarm Scout",
      "set_number": "DT05-EN077",
      "rarities": [
        "Duel Terminal Rare Parallel Rare"
      ],
      "count": {
        "Duel Terminal Rare Parallel Rare": 1
      }
    },
    {
      "card_name": "Steelswarm Gatekeeper",
      "set_number": "DT05-EN078",
      "rarities": [
        "Duel Terminal Normal Parallel Rare"
      ],
      "count": {
        "Duel Terminal Normal Parallel Rare": 1
      }
    },
    {
      "card_name": "Steelswarm Caller",
      "set_number": "DT05-EN079",
      "rarities": [
        "Duel Terminal Rare Parallel Rare"
      ],
      "count": {
        "Duel Terminal Rare Parallel Rare": 1
      }
    },
    {
      "card_name": "Steelswarm Mantis",
      "set_number": "DT05-EN080",
      "rarities": [
        "Duel Terminal Normal Parallel Rare"
      ],
      "count": {
        "Duel Terminal Normal Parallel Rare": 1
      }
    },
    {
      "card_name": "Steelswarm Moth",
      "set_number": "DT05-EN081",
      "rarities": [
        "Duel Terminal Rare Parallel Rare"
      ],
      "count": {
        "Duel Terminal Rare Parallel Rare": 1
      }
    },
    {
      "card_name": "Steelswarm Girastag",
      "set_number": "DT05-EN082",
      "rarities": [
        "Duel Terminal Ultra Parallel Rare"
      ],
      "count": {
        "Duel Terminal Ultra Parallel Rare": 1
      }
    },
    {
      "card_name": "Steelswarm Caucastag",
      "set_number": "DT05-EN083",
      "rarities": [
        "Duel Terminal Ultra Parallel Rare"
      ],
      "count": {
        "Duel Terminal Ultra Parallel Rare": 1
      }
    },
    {
      "card_name": "Evigishki Mind Augus",
      "set_number": "DT05-EN084",
      "rarities": [
        "Duel Terminal Super Parallel Rare"
      ],
      "count": {
        "Duel Terminal Super Parallel Rare": 1
      }
    },
    {
      "card_name": "Evigishki Soul Ogre",
      "set_number": "DT05-EN085",
      "rarities": [
        "Duel Terminal Ultra Parallel Rare"
      ],
      "count": {
        "Duel Terminal Ultra Parallel Rare": 1
      }
    },
    {
      "card_name": "Cyberdark Dragon",
      "set_number": "DT05-EN086",
      "rarities": [
        "Duel Terminal Rare Parallel Rare"
      ],
      "count": {
        "Duel Terminal Rare Parallel Rare": 1
      }
    },
    {
      "card_name": "Magical Android",
      "set_number": "DT05-EN087",
      "rarities": [
        "Duel Terminal Normal Parallel Rare"
      ],
      "count": {
        "Duel Terminal Normal Parallel Rare": 1
      }
    },
    {
      "card_name": "Thought Ruler Archfiend",
      "set_number": "DT05-EN088",
      "rarities": [
        "Duel Terminal Super Parallel Rare"
      ],
      "count": {
        "Duel Terminal Super Parallel Rare": 1
      }
    },
    {
      "card_name": "Daigusto Gulldos",
      "set_number": "DT05-EN089",
      "rarities": [
        "Duel Terminal Super Parallel Rare"
      ],
      "count": {
        "Duel Terminal Super Parallel Rare": 1
      }
    },
    {
      "card_name": "Daigusto Eguls",
      "set_number": "DT05-EN090",
      "rarities": [
        "Duel Terminal Ultra Parallel Rare"
      ],
      "count": {
        "Duel Terminal Ultra Parallel Rare": 1
      }
    },
    {
      "card_name": "Gishki Aquamirror",
      "set_number": "DT05-EN091",
      "rarities": [
        "Duel Terminal Normal Parallel Rare"
      ],
      "count": {
        "Duel Terminal Normal Parallel Rare": 1
      }
    },
    {
      "card_name": "Contact with Gusto",
      "set_number": "DT05-EN092",
      "rarities": [
        "Duel Terminal Rare Parallel Rare"
      ],
      "count": {
        "Duel Terminal Rare Parallel Rare": 1
      }
    },
    {
      "card_name": "First Step Towards Infestation",
      "set_number": "DT05-EN093",
      "rarities": [
        "Duel Terminal Normal Parallel Rare"
      ],
      "count": {
        "Duel Terminal Normal Parallel Rare": 1
      }
    },
    {
      "card_name": "Cyberdark Impact!",
      "set_number": "DT05-EN094",
      "rarities": [
        "Duel Terminal Normal Parallel Rare"
      ],
      "count": {
        "Duel Terminal Normal Parallel Rare": 1
      }
    },
    {
      "card_name": "Star Blast",
      "set_number": "DT05-EN095",
      "rarities": [
        "Duel Terminal Normal Parallel Rare"
      ],
      "count": {
        "Duel Terminal Normal Parallel Rare": 1
      }
    },
    {
      "card_name": "Aquamirror Meditation",
      "set_number": "DT05-EN096",
      "rarities": [
        "Duel Terminal Rare Parallel Rare"
      ],
      "count": {
        "Duel Terminal Rare Parallel Rare": 1
      }
    },
    {
      "card_name": "Blessings for Gusto",
      "set_number": "DT05-EN097",
      "rarities": [
        "Duel Terminal Normal Parallel Rare"
      ],
      "count": {
        "Duel Terminal Normal Parallel Rare": 1
      }
    },
    {
      "card_name": "Infestation Wave",
      "set_number": "DT05-EN098",
      "rarities": [
        "Duel Terminal Rare Parallel Rare"
      ],
      "count": {
        "Duel Terminal Rare Parallel Rare": 1
      }
    },
    {
      "card_name": "Blast Held by a Tribute",
      "set_number": "DT05-EN099",
      "rarities": [
        "Duel Terminal Normal Parallel Rare"
      ],
      "count": {
        "Duel Terminal Normal Parallel Rare": 1
      }
    },
    {
      "card_name": "Karma Cut",
      "set_number": "DT05-EN100",
      "rarities": [
        "Duel Terminal Normal Parallel Rare"
      ],
      "count": {
        "Duel Terminal Normal Parallel Rare": 1
      }
    }
  ]
}