{
  "name": "Duelist League 16",
  "type": "Duelist League Promo Cards",
  "date": "2013-07-01",
  "distribution": "duelist_league_promo_cards",
  "prefix": "DL16",
  "sub_sets": [],
  "load": false,
  "cards": [
    {
      "card_name": "Sabersaurus",
      "set_number": "DL16-EN001",
      "rarities": [
        "Rare"
      ],
      "count": {
        "Rare": 1
      }
    },
    {
      "card_name": "Vampire Baby",
      "set_number": "DL16-EN002",
      "rarities": [
        "Rare"
      ],
      "count": {
        "Rare": 1
      }
    },
    {
      "card_name": "Vampire's Curse",
      "set_number": "DL16-EN003",
      "rarities": [
        "Rare"
      ],
      "count": {
        "Rare": 1
      }
    },
    {
      "card_name": "Kuraz the Light Monarch",
      "set_number": "DL16-EN004",
      "rarities": [
        "Rare"
      ],
      "count": {
        "Rare": 1
      }
    },
    {
      "card_name": "Rose, Warrior of Revenge",
      "set_number": "DL16-EN005",
      "rarities": [
        "Rare"
      ],
      "count": {
        "Rare": 1
      }
    },
    {
      "card_name": "Endymion, the Master Magician",
      "set_number": "DL16-EN006",
      "rarities": [
        "Rare"
      ],
      "count": {
        "Rare": 1
      }
    },
    {
      "card_name": "Kasha",
      "set_number": "DL16-EN007",
      "rarities": [
        "Rare"
      ],
      "count": {
        "Rare": 1
      }
    },
    {
      "card_name": "Victoria",
      "set_number": "DL16-EN008",
      "rarities": [
        "Rare"
      ],
      "count": {
        "Rare": 1
      }
    },
    {
      "card_name": "Geargiano",
      "set_number": "DL16-EN009",
      "rarities": [
        "Rare"
      ],
      "count": {
        "Rare": 1
      }
    },
    {
      "card_name": "The Supremacy Sun",
      "set_number": "DL16-EN010",
      "rarities": [
        "Rare"
      ],
      "count": {
        "Rare": 1
      }
    },
    {
      "card_name": "Doomkaiser Dragon",
      "set_number": "DL16-EN011",
      "rarities": [
        "Rare"
      ],
      "count": {
        "Rare": 1
      }
    },
    {
      "card_name": "Thunder End Dragon",
      "set_number": "DL16-EN012",
      "rarities": [
        "Rare"
      ],
      "count": {
        "Rare": 1
      }
    },
    {
      "card_name": "Limiter Removal",
      "set_number": "DL16-EN013",
      "rarities": [
        "Rare"
      ],
      "count": {
        "Rare": 1
      }
    },
    {
      "card_name": "Machine Assembly Line",
      "set_number": "DL16-EN014",
      "rarities": [
        "Rare"
      ],
      "count": {
        "Rare": 1
      }
    },
    {
      "card_name": "Beast Soul Swap",
      "set_number": "DL16-EN015",
      "rarities": [
        "Rare"
      ],
      "count": {
        "Rare": 1
      }
    },
    {
      "card_name": "Generation Shift",
      "set_number": "DL16-EN016",
      "rarities": [
        "Rare"
      ],
      "count": {
        "Rare": 1
      }
    },
    {
      "card_name": "Supercharge",
      "set_number": "DL16-EN017",
      "rarities": [
        "Rare"
      ],
      "count": {
        "Rare": 1
      }
    },
    {
      "card_name": "Giant Trap Hole",
      "set_number": "DL16-EN018",
      "rarities": [
        "Rare"
      ],
      "count": {
        "Rare": 1
      }
    },
    {
      "card_name": "Stygian Dirge",
      "set_number": "DL16-EN019",
      "rarities": [
        "Rare"
      ],
      "count": {
        "Rare": 1
      }
    },
    {
      "card_name": "Darkfall",
      "set_number": "DL16-EN020",
      "rarities": [
        "Rare"
      ],
      "count": {
        "Rare": 1
      }
    }
  ]
}