{
  "name": "Duel Terminal 7b",
  "type": "Duel Terminal",
  "date": "2013-02-01",
  "distribution": "duel_terminal",
  "prefix": "DT07",
  "sub_sets": [],
  "load": false,
  "cards": [
    {
      "card_name": "D.D. Esper Star Sparrow",
      "set_number": "DT07-EN051",
      "rarities": [
        "Duel Terminal Rare Parallel Rare"
      ],
      "count": {
        "Duel Terminal Rare Parallel Rare": 1
      }
    },
    {
      "card_name": "Beast-Warrior Puma",
      "set_number": "DT07-EN052",
      "rarities": [
        "Duel Terminal Normal Parallel Rare"
      ],
      "count": {
        "Duel Terminal Normal Parallel Rare": 1
      }
    },
    {
      "card_name": "Phoenix Beast Gairuda",
      "set_number": "DT07-EN053",
      "rarities": [
        "Duel Terminal Normal Parallel Rare"
      ],
      "count": {
        "Duel Terminal Normal Parallel Rare": 1
      }
    },
    {
      "card_name": "Ironhammer the Giant",
      "set_number": "DT07-EN054",
      "rarities": [
        "Duel Terminal Normal Parallel Rare"
      ],
      "count": {
        "Duel Terminal Normal Parallel Rare": 1
      }
    },
    {
      "card_name": "D.D. Jet Iron",
      "set_number": "DT07-EN055",
      "rarities": [
        "Duel Terminal Rare Parallel Rare"
      ],
      "count": {
        "Duel Terminal Rare Parallel Rare": 1
      }
    },
    {
      "card_name": "Aye-Iron",
      "set_number": "DT07-EN056",
      "rarities": [
        "Duel Terminal Normal Parallel Rare"
      ],
      "count": {
        "Duel Terminal Normal Parallel Rare": 1
      }
    },
    {
      "card_name": "Tin Goldfish",
      "set_number": "DT07-EN057",
      "rarities": [
        "Duel Terminal Normal Parallel Rare"
      ],
      "count": {
        "Duel Terminal Normal Parallel Rare": 1
      }
    },
    {
      "card_name": "Gearspring Spirit",
      "set_number": "DT07-EN058",
      "rarities": [
        "Duel Terminal Normal Parallel Rare"
      ],
      "count": {
        "Duel Terminal Normal Parallel Rare": 1
      }
    },
    {
      "card_name": "Ehren, Lightsworn Monk",
      "set_number": "DT07-EN059",
      "rarities": [
        "Duel Terminal Normal Parallel Rare"
      ],
      "count": {
        "Duel Terminal Normal Parallel Rare": 1
      }
    },
    {
      "card_name": "Infernity Archfiend",
      "set_number": "DT07-EN060",
      "rarities": [
        "Duel Terminal Normal Parallel Rare"
      ],
      "count": {
        "Duel Terminal Normal Parallel Rare": 1
      }
    },
    {
      "card_name": "Gem-Turtle",
      "set_number": "DT07-EN061",
      "rarities": [
        "Duel Terminal Normal Parallel Rare"
      ],
      "count": {
        "Duel Terminal Normal Parallel Rare": 1
      }
    },
    {
      "card_name": "Gishki Beast",
      "set_number": "DT07-EN062",
      "rarities": [
        "Duel Terminal Normal Parallel Rare"
      ],
      "count": {
        "Duel Terminal Normal Parallel Rare": 1
      }
    },
    {
      "card_name": "Gem-Knight Lazuli",
      "set_number": "DT07-EN063",
      "rarities": [
        "Duel Terminal Normal Parallel Rare"
      ],
      "count": {
        "Duel Terminal Normal Parallel Rare": 1
      }
    },
    {
      "card_name": "Gishki Natalia",
      "set_number": "DT07-EN064",
      "rarities": [
        "Duel Terminal Rare Parallel Rare"
      ],
      "count": {
        "Duel Terminal Rare Parallel Rare": 1
      }
    },
    {
      "card_name": "Constellar Siat",
      "set_number": "DT07-EN065",
      "rarities": [
        "Duel Terminal Normal Parallel Rare"
      ],
      "count": {
        "Duel Terminal Normal Parallel Rare": 1
      }
    },
    {
      "card_name": "Constellar Rasalhague",
      "set_number": "DT07-EN066",
      "rarities": [
        "Duel Terminal Normal Parallel Rare"
      ],
      "count": {
        "Duel Terminal Normal Parallel Rare": 1
      }
    },
    {
      "card_name": "Constellar Leonis",
      "set_number": "DT07-EN067",
      "rarities": [
        "Duel Terminal Normal Parallel Rare"
      ],
      "count": {
        "Duel Terminal Normal Parallel Rare": 1
      }
    },
    {
      "card_name": "Constellar Acubens",
      "set_number": "DT07-EN068",
      "rarities": [
        "Duel Terminal Normal Parallel Rare"
      ],
      "count": {
        "Duel Terminal Normal Parallel Rare": 1
      }
    },
    {
      "card_name": "Constellar Kaus",
      "set_number": "DT07-EN069",
      "rarities": [
        "Duel Terminal Rare Parallel Rare"
      ],
      "count": {
        "Duel Terminal Rare Parallel Rare": 1
      }
    },
    {
      "card_name": "Constellar Alrescha",
      "set_number": "DT07-EN070",
      "rarities": [
        "Duel Terminal Normal Parallel Rare"
      ],
      "count": {
        "Duel Terminal Normal Parallel Rare": 1
      }
    },
    {
      "card_name": "Constellar Antares",
      "set_number": "DT07-EN071",
      "rarities": [
        "Duel Terminal Rare Parallel Rare"
      ],
      "count": {
        "Duel Terminal Rare Parallel Rare": 1
      }
    },
    {
      "card_name": "Evilswarm Castor",
      "set_number": "DT07-EN072",
      "rarities": [
        "Duel Terminal Rare Parallel Rare"
      ],
      "count": {
        "Duel Terminal Rare Parallel Rare": 1
      }
    },
    {
      "card_name": "Evilswarm Obliviwisp",
      "set_number": "DT07-EN073",
      "rarities": [
        "Duel Terminal Normal Parallel Rare"
      ],
      "count": {
        "Duel Terminal Normal Parallel Rare": 1
      }
    },
    {
      "card_name": "Evilswarm Azzathoth",
      "set_number": "DT07-EN074",
      "rarities": [
        "Duel Terminal Normal Parallel Rare"
      ],
      "count": {
        "Duel Terminal Normal Parallel Rare": 1
      }
    },
    {
      "card_name": "Evilswarm Thunderbird",
      "set_number": "DT07-EN075",
      "rarities": [
        "Duel Terminal Normal Parallel Rare"
      ],
      "count": {
        "Duel Terminal Normal Parallel Rare": 1
      }
    },
    {
      "card_name": "Evilswarm Salamandra",
      "set_number": "DT07-EN076",
      "rarities": [
        "Duel Terminal Normal Parallel Rare"
      ],
      "count": {
        "Duel Terminal Normal Parallel Rare": 1
      }
    },
    {
      "card_name": "Evilswarm Golem",
      "set_number": "DT07-EN077",
      "rarities": [
        "Duel Terminal Rare Parallel Rare"
      ],
      "count": {
        "Duel Terminal Rare Parallel Rare": 1
      }
    },
    {
      "card_name": "Evilswarm Coppelia",
      "set_number": "DT07-EN078",
      "rarities": [
        "Duel Terminal Rare Parallel Rare"
      ],
      "count": {
        "Duel Terminal Rare Parallel Rare": 1
      }
    },
    {
      "card_name": "Sophia, Goddess of Rebirth",
      "set_number": "DT07-EN079",
      "rarities": [
        "Duel Terminal Ultra Parallel Rare"
      ],
      "count": {
        "Duel Terminal Ultra Parallel Rare": 1
      }
    },
    {
      "card_name": "Gishki Psychelone",
      "set_number": "DT07-EN080",
      "rarities": [
        "Duel Terminal Super Parallel Rare"
      ],
      "count": {
        "Duel Terminal Super Parallel Rare": 1
      }
    },
    {
      "card_name": "Gishki Zielgigas",
      "set_number": "DT07-EN081",
      "rarities": [
        "Duel Terminal Super Parallel Rare"
      ],
      "count": {
        "Duel Terminal Super Parallel Rare": 1
      }
    },
    {
      "card_name": "Gem-Knight Seraphinite",
      "set_number": "DT07-EN082",
      "rarities": [
        "Duel Terminal Rare Parallel Rare"
      ],
      "count": {
        "Duel Terminal Rare Parallel Rare": 1
      }
    },
    {
      "card_name": "Gem-Knight Master Diamond",
      "set_number": "DT07-EN083",
      "rarities": [
        "Duel Terminal Ultra Parallel Rare"
      ],
      "count": {
        "Duel Terminal Ultra Parallel Rare": 1
      }
    },
    {
      "card_name": "Submersible Carrier Aero Shark",
      "set_number": "DT07-EN084",
      "rarities": [
        "Duel Terminal Normal Parallel Rare"
      ],
      "count": {
        "Duel Terminal Normal Parallel Rare": 1
      }
    },
    {
      "card_name": "Number 83: Galaxy Queen",
      "set_number": "DT07-EN085",
      "rarities": [
        "Duel Terminal Normal Parallel Rare"
      ],
      "count": {
        "Duel Terminal Normal Parallel Rare": 1
      }
    },
    {
      "card_name": "Number 10: Illumiknight",
      "set_number": "DT07-EN086",
      "rarities": [
        "Duel Terminal Normal Parallel Rare"
      ],
      "count": {
        "Duel Terminal Normal Parallel Rare": 1
      }
    },
    {
      "card_name": "Tin Archduke",
      "set_number": "DT07-EN087",
      "rarities": [
        "Duel Terminal Super Parallel Rare"
      ],
      "count": {
        "Duel Terminal Super Parallel Rare": 1
      }
    },
    {
      "card_name": "Constellar Praesepe",
      "set_number": "DT07-EN088",
      "rarities": [
        "Duel Terminal Super Parallel Rare"
      ],
      "count": {
        "Duel Terminal Super Parallel Rare": 1
      }
    },
    {
      "card_name": "Constellar Ptolemy M7",
      "set_number": "DT07-EN089",
      "rarities": [
        "Duel Terminal Ultra Parallel Rare"
      ],
      "count": {
        "Duel Terminal Ultra Parallel Rare": 1
      }
    },
    {
      "card_name": "Evilswarm Thanatos",
      "set_number": "DT07-EN090",
      "rarities": [
        "Duel Terminal Super Parallel Rare"
      ],
      "count": {
        "Duel Terminal Super Parallel Rare": 1
      }
    },
    {
      "card_name": "Evilswarm Ophion",
      "set_number": "DT07-EN091",
      "rarities": [
        "Duel Terminal Super Parallel Rare"
      ],
      "count": {
        "Duel Terminal Super Parallel Rare": 1
      }
    },
    {
      "card_name": "Evilswarm Ouroboros",
      "set_number": "DT07-EN092",
      "rarities": [
        "Duel Terminal Ultra Parallel Rare"
      ],
      "count": {
        "Duel Terminal Ultra Parallel Rare": 1
      }
    },
    {
      "card_name": "Iron Call",
      "set_number": "DT07-EN093",
      "rarities": [
        "Duel Terminal Normal Parallel Rare"
      ],
      "count": {
        "Duel Terminal Normal Parallel Rare": 1
      }
    },
    {
      "card_name": "Rekindling",
      "set_number": "DT07-EN094",
      "rarities": [
        "Duel Terminal Normal Parallel Rare"
      ],
      "count": {
        "Duel Terminal Normal Parallel Rare": 1
      }
    },
    {
      "card_name": "Constellar Star Cradle",
      "set_number": "DT07-EN095",
      "rarities": [
        "Duel Terminal Normal Parallel Rare"
      ],
      "count": {
        "Duel Terminal Normal Parallel Rare": 1
      }
    },
    {
      "card_name": "Infestation Pandemic",
      "set_number": "DT07-EN096",
      "rarities": [
        "Duel Terminal Normal Parallel Rare"
      ],
      "count": {
        "Duel Terminal Normal Parallel Rare": 1
      }
    },
    {
      "card_name": "Light-Imprisoning Mirror",
      "set_number": "DT07-EN097",
      "rarities": [
        "Duel Terminal Normal Parallel Rare"
      ],
      "count": {
        "Duel Terminal Normal Parallel Rare": 1
      }
    },
    {
      "card_name": "Shadow-Imprisoning Mirror",
      "set_number": "DT07-EN098",
      "rarities": [
        "Duel Terminal Normal Parallel Rare"
      ],
      "count": {
        "Duel Terminal Normal Parallel Rare": 1
      }
    },
    {
      "card_name": "Constellar Meteor",
      "set_number": "DT07-EN099",
      "rarities": [
        "Duel Terminal Normal Parallel Rare"
      ],
      "count": {
        "Duel Terminal Normal Parallel Rare": 1
      }
    },
    {
      "card_name": "Infestation Terminus",
      "set_number": "DT07-EN100",
      "rarities": [
        "Duel Terminal Normal Parallel Rare"
      ],
      "count": {
        "Duel Terminal Normal Parallel Rare": 1
      }
    }
  ]
}