{
  "name": "Duelist Pack: Jesse Anderson",
  "type": "Duelist Pack",
  "date": "2007-10-20",
  "distribution": "duelist_pack",
  "prefix": "DP07",
  "sub_sets": [],
  "load": true,
  "cards": [
    {
      "card_name": "Crystal Beast Ruby Carbuncle",
      "set_number": "DP07-EN001",
      "rarities": [
        "Rare"
      ],
      "count": {
        "Rare": 1
      }
    },
    {
      "card_name": "Crystal Beast Emerald Tortoise",
      "set_number": "DP07-EN003",
      "rarities": [
        "Common"
      ],
      "count": {
        "Common": 1
      }
    },
    {
      "card_name": "Crystal Beast Topaz Tiger",
      "set_number": "DP07-EN004",
      "rarities": [
        "Rare"
      ],
      "count": {
        "Rare": 1
      }
    },
    {
      "card_name": "Crystal Beast Amber Mammoth",
      "set_number": "DP07-EN005",
      "rarities": [
        "Common"
      ],
      "count": {
        "Common": 1
      }
    },
    {
      "card_name": "Crystal Beast Cobalt Eagle",
      "set_number": "DP07-EN006",
      "rarities": [
        "Common"
      ],
      "count": {
        "Common": 1
      }
    },
    {
      "card_name": "Crystal Beast Sapphire Pegasus",
      "set_number": "DP07-EN007",
      "rarities": [
        "Rare"
      ],
      "count": {
        "Rare": 1
      }
    },
    {
      "card_name": "Rainbow Dragon",
      "set_number": "DP07-EN008",
      "rarities": [
        "Rare"
      ],
      "count": {
        "Rare": 1
      }
    },
    {
      "card_name": "Phantom Skyblaster",
      "set_number": "DP07-EN009",
      "rarities": [
        "Ultra Rare"
      ],
      "count": {
        "Ultra Rare": 1
      }
    },
    {
      "card_name": "Grave Squirmer",
      "set_number": "DP07-EN010",
      "rarities": [
        "Super Rare"
      ],
      "count": {
        "Super Rare": 1
      }
    },
    {
      "card_name": "Grinder Golem",
      "set_number": "DP07-EN011",
      "rarities": [
        "Ultra Rare"
      ],
      "count": {
        "Ultra Rare": 1
      }
    },
    {
      "card_name": "Magna-Slash Dragon",
      "set_number": "DP07-EN012",
      "rarities": [
        "Common"
      ],
      "count": {
        "Common": 1
      }
    },
    {
      "card_name": "Gravi-Crush Dragon",
      "set_number": "DP07-EN013",
      "rarities": [
        "Common"
      ],
      "count": {
        "Common": 1
      }
    },
    {
      "card_name": "Twister",
      "set_number": "DP07-EN014",
      "rarities": [
        "Common"
      ],
      "count": {
        "Common": 1
      }
    },
    {
      "card_name": "Crystal Beacon",
      "set_number": "DP07-EN015",
      "rarities": [
        "Common"
      ],
      "count": {
        "Common": 1
      }
    },
    {
      "card_name": "Rare Value",
      "set_number": "DP07-EN016",
      "rarities": [
        "Rare"
      ],
      "count": {
        "Rare": 1
      }
    },
    {
      "card_name": "Crystal Blessing",
      "set_number": "DP07-EN017",
      "rarities": [
        "Common"
      ],
      "count": {
        "Common": 1
      }
    },
    {
      "card_name": "Crystal Abundance",
      "set_number": "DP07-EN018",
      "rarities": [
        "Common"
      ],
      "count": {
        "Common": 1
      }
    },
    {
      "card_name": "Crystal Promise",
      "set_number": "DP07-EN019",
      "rarities": [
        "Common"
      ],
      "count": {
        "Common": 1
      }
    },
    {
      "card_name": "Field Barrier",
      "set_number": "DP07-EN020",
      "rarities": [
        "Common"
      ],
      "count": {
        "Common": 1
      }
    },
    {
      "card_name": "Ancient City - Rainbow Ruins",
      "set_number": "DP07-EN021",
      "rarities": [
        "Common"
      ],
      "count": {
        "Common": 1
      }
    },
    {
      "card_name": "Hand Destruction",
      "set_number": "DP07-EN022",
      "rarities": [
        "Super Rare"
      ],
      "count": {
        "Super Rare": 1
      }
    },
    {
      "card_name": "Crystal Release",
      "set_number": "DP07-EN023",
      "rarities": [
        "Rare"
      ],
      "count": {
        "Rare": 1
      }
    },
    {
      "card_name": "Crystal Tree",
      "set_number": "DP07-EN024",
      "rarities": [
        "Super Rare"
      ],
      "count": {
        "Super Rare": 1
      }
    },
    {
      "card_name": "Torrential Tribute",
      "set_number": "DP07-EN025",
      "rarities": [
        "Common"
      ],
      "count": {
        "Common": 1
      }
    },
    {
      "card_name": "Triggered Summon",
      "set_number": "DP07-EN026",
      "rarities": [
        "Common"
      ],
      "count": {
        "Common": 1
      }
    },
    {
      "card_name": "Last Resort",
      "set_number": "DP07-EN027",
      "rarities": [
        "Common"
      ],
      "count": {
        "Common": 1
      }
    },
    {
      "card_name": "Crystal Raigeki",
      "set_number": "DP07-EN028",
      "rarities": [
        "Common"
      ],
      "count": {
        "Common": 1
      }
    },
    {
      "card_name": "Crystal Counter",
      "set_number": "DP07-EN029",
      "rarities": [
        "Super Rare"
      ],
      "count": {
        "Super Rare": 1
      }
    },
    {
      "card_name": "Crystal Pair",
      "set_number": "DP07-EN030",
      "rarities": [
        "Rare"
      ],
      "count": {
        "Rare": 1
      }
    },
    {
      "card_name": "Crystal Beast Amethyst Cat",
      "set_number": "DP07-EN002",
      "rarities": [
        "Common"
      ],
      "count": {
        "Common": 1
      }
    }
  ]
}