{
  "name": "Duelist League 18",
  "type": "Duelist League Promo Cards",
  "date": "2014-06-27",
  "distribution": "duelist_league_promo_cards",
  "prefix": "DL18",
  "sub_sets": [],
  "load": false,
  "cards": [
    {
      "card_name": "Catapult Turtle",
      "set_number": "DL18-EN001",
      "rarities": [
        "Rare"
      ],
      "count": {
        "Rare": 1
      }
    },
    {
      "card_name": "Penguin Soldier",
      "set_number": "DL18-EN002",
      "rarities": [
        "Rare"
      ],
      "count": {
        "Rare": 1
      }
    },
    {
      "card_name": "Dark Magician Girl",
      "set_number": "DL18-EN003",
      "rarities": [
        "Rare"
      ],
      "count": {
        "Rare": 1
      }
    },
    {
      "card_name": "Ancient Gear Golem",
      "set_number": "DL18-EN004",
      "rarities": [
        "Rare"
      ],
      "count": {
        "Rare": 1
      }
    },
    {
      "card_name": "Dandylion",
      "set_number": "DL18-EN005",
      "rarities": [
        "Rare"
      ],
      "count": {
        "Rare": 1
      }
    },
    {
      "card_name": "Grapha, Dragon Lord of Dark World",
      "set_number": "DL18-EN006",
      "rarities": [
        "Rare"
      ],
      "count": {
        "Rare": 1
      }
    },
    {
      "card_name": "Geargiano Mk-II",
      "set_number": "DL18-EN007",
      "rarities": [
        "Rare"
      ],
      "count": {
        "Rare": 1
      }
    },
    {
      "card_name": "Brotherhood of the Fire Fist - Dragon",
      "set_number": "DL18-EN008",
      "rarities": [
        "Rare"
      ],
      "count": {
        "Rare": 1
      }
    },
    {
      "card_name": "Brotherhood of the Fire Fist - Snake",
      "set_number": "DL18-EN009",
      "rarities": [
        "Rare"
      ],
      "count": {
        "Rare": 1
      }
    },
    {
      "card_name": "Gladiator Beast Essedarii",
      "set_number": "DL18-EN010",
      "rarities": [
        "Rare"
      ],
      "count": {
        "Rare": 1
      }
    },
    {
      "card_name": "Gold Sarcophagus",
      "set_number": "DL18-EN011",
      "rarities": [
        "Rare"
      ],
      "count": {
        "Rare": 1
      }
    },
    {
      "card_name": "The World Tree",
      "set_number": "DL18-EN012",
      "rarities": [
        "Rare"
      ],
      "count": {
        "Rare": 1
      }
    },
    {
      "card_name": "Photon Booster",
      "set_number": "DL18-EN013",
      "rarities": [
        "Rare"
      ],
      "count": {
        "Rare": 1
      }
    },
    {
      "card_name": "Fire Formation - Tenki",
      "set_number": "DL18-EN014",
      "rarities": [
        "Rare"
      ],
      "count": {
        "Rare": 1
      }
    },
    {
      "card_name": "DNA Surgery",
      "set_number": "DL18-EN015",
      "rarities": [
        "Rare"
      ],
      "count": {
        "Rare": 1
      }
    },
    {
      "card_name": "Torrential Tribute",
      "set_number": "DL18-EN016",
      "rarities": [
        "Rare"
      ],
      "count": {
        "Rare": 1
      }
    },
    {
      "card_name": "Cyber Summon Blaster",
      "set_number": "DL18-EN017",
      "rarities": [
        "Rare"
      ],
      "count": {
        "Rare": 1
      }
    },
    {
      "card_name": "Scrap-Iron Scarecrow",
      "set_number": "DL18-EN018",
      "rarities": [
        "Rare"
      ],
      "count": {
        "Rare": 1
      }
    },
    {
      "card_name": "Solemn Warning",
      "set_number": "DL18-EN019",
      "rarities": [
        "Rare"
      ],
      "count": {
        "Rare": 1
      }
    },
    {
      "card_name": "Fire Formation - Tensen",
      "set_number": "DL18-EN020",
      "rarities": [
        "Rare"
      ],
      "count": {
        "Rare": 1
      }
    }
  ]
}