{
  "name": "Duelist League 17",
  "type": "Duelist League Promo Cards",
  "date": "2013-12-13",
  "distribution": "duelist_league_promo_cards",
  "prefix": "DL17",
  "sub_sets": [],
  "load": false,
  "cards": [
    {
      "card_name": "Lord of D.",
      "set_number": "DL17-EN001",
      "rarities": [
        "Rare"
      ],
      "count": {
        "Rare": 1
      }
    },
    {
      "card_name": "Horus the Black Flame Dragon LV8",
      "set_number": "DL17-EN002",
      "rarities": [
        "Rare"
      ],
      "count": {
        "Rare": 1
      }
    },
    {
      "card_name": "Silent Swordsman LV7",
      "set_number": "DL17-EN003",
      "rarities": [
        "Rare"
      ],
      "count": {
        "Rare": 1
      }
    },
    {
      "card_name": "Super-Ancient Dinobeast",
      "set_number": "DL17-EN004",
      "rarities": [
        "Rare"
      ],
      "count": {
        "Rare": 1
      }
    },
    {
      "card_name": "Mezuki",
      "set_number": "DL17-EN005",
      "rarities": [
        "Rare"
      ],
      "count": {
        "Rare": 1
      }
    },
    {
      "card_name": "Hyper Synchron",
      "set_number": "DL17-EN006",
      "rarities": [
        "Rare"
      ],
      "count": {
        "Rare": 1
      }
    },
    {
      "card_name": "Blackwing - Sirocco the Dawn",
      "set_number": "DL17-EN007",
      "rarities": [
        "Rare"
      ],
      "count": {
        "Rare": 1
      }
    },
    {
      "card_name": "Quickdraw Synchron",
      "set_number": "DL17-EN008",
      "rarities": [
        "Rare"
      ],
      "count": {
        "Rare": 1
      }
    },
    {
      "card_name": "Delg the Dark Monarch",
      "set_number": "DL17-EN009",
      "rarities": [
        "Rare"
      ],
      "count": {
        "Rare": 1
      }
    },
    {
      "card_name": "Cyber End Dragon",
      "set_number": "DL17-EN010",
      "rarities": [
        "Rare"
      ],
      "count": {
        "Rare": 1
      }
    },
    {
      "card_name": "Gaia Knight, the Force of Earth",
      "set_number": "DL17-EN011",
      "rarities": [
        "Rare"
      ],
      "count": {
        "Rare": 1
      }
    },
    {
      "card_name": "Gagagigo the Risen",
      "set_number": "DL17-EN012",
      "rarities": [
        "Rare"
      ],
      "count": {
        "Rare": 1
      }
    },
    {
      "card_name": "The Flute of Summoning Dragon",
      "set_number": "DL17-EN013",
      "rarities": [
        "Rare"
      ],
      "count": {
        "Rare": 1
      }
    },
    {
      "card_name": "Book of Life",
      "set_number": "DL17-EN014",
      "rarities": [
        "Rare"
      ],
      "count": {
        "Rare": 1
      }
    },
    {
      "card_name": "Call of the Mummy",
      "set_number": "DL17-EN015",
      "rarities": [
        "Rare"
      ],
      "count": {
        "Rare": 1
      }
    },
    {
      "card_name": "Fairy of the Spring",
      "set_number": "DL17-EN016",
      "rarities": [
        "Rare"
      ],
      "count": {
        "Rare": 1
      }
    },
    {
      "card_name": "Double Summon",
      "set_number": "DL17-EN017",
      "rarities": [
        "Rare"
      ],
      "count": {
        "Rare": 1
      }
    },
    {
      "card_name": "Summon Limit",
      "set_number": "DL17-EN018",
      "rarities": [
        "Rare"
      ],
      "count": {
        "Rare": 1
      }
    },
    {
      "card_name": "Delta Crow - Anti Reverse",
      "set_number": "DL17-EN019",
      "rarities": [
        "Rare"
      ],
      "count": {
        "Rare": 1
      }
    },
    {
      "card_name": "Starlight Road",
      "set_number": "DL17-EN020",
      "rarities": [
        "Rare"
      ],
      "count": {
        "Rare": 1
      }
    }
  ]
}