{
  "name": "Duel Terminal 7",
  "type": "Duel Terminal",
  "date": "2012-09-28",
  "distribution": "duel_terminal",
  "prefix": "DT07",
  "sub_sets": [],
  "load": false,
  "cards": [
    {
      "card_name": "Gogogo Golem",
      "set_number": "DT07-EN001",
      "rarities": [
        "Duel Terminal Normal Parallel Rare"
      ],
      "count": {
        "Duel Terminal Normal Parallel Rare": 1
      }
    },
    {
      "card_name": "Big Jaws",
      "set_number": "DT07-EN002",
      "rarities": [
        "Duel Terminal Normal Parallel Rare"
      ],
      "count": {
        "Duel Terminal Normal Parallel Rare": 1
      }
    },
    {
      "card_name": "Daybreaker",
      "set_number": "DT07-EN003",
      "rarities": [
        "Duel Terminal Normal Parallel Rare"
      ],
      "count": {
        "Duel Terminal Normal Parallel Rare": 1
      }
    },
    {
      "card_name": "Amazoness Chain Master",
      "set_number": "DT07-EN004",
      "rarities": [
        "Duel Terminal Normal Parallel Rare"
      ],
      "count": {
        "Duel Terminal Normal Parallel Rare": 1
      }
    },
    {
      "card_name": "Honest",
      "set_number": "DT07-EN005",
      "rarities": [
        "Duel Terminal Rare Parallel Rare"
      ],
      "count": {
        "Duel Terminal Rare Parallel Rare": 1
      }
    },
    {
      "card_name": "Neo-Spacian Grand Mole",
      "set_number": "DT07-EN006",
      "rarities": [
        "Duel Terminal Normal Parallel Rare"
      ],
      "count": {
        "Duel Terminal Normal Parallel Rare": 1
      }
    },
    {
      "card_name": "Quillbolt Hedgehog",
      "set_number": "DT07-EN007",
      "rarities": [
        "Duel Terminal Normal Parallel Rare"
      ],
      "count": {
        "Duel Terminal Normal Parallel Rare": 1
      }
    },
    {
      "card_name": "Meklord Emperor Wisel",
      "set_number": "DT07-EN008",
      "rarities": [
        "Duel Terminal Rare Parallel Rare"
      ],
      "count": {
        "Duel Terminal Rare Parallel Rare": 1
      }
    },
    {
      "card_name": "White-Horned Dragon",
      "set_number": "DT07-EN009",
      "rarities": [
        "Duel Terminal Rare Parallel Rare"
      ],
      "count": {
        "Duel Terminal Rare Parallel Rare": 1
      }
    },
    {
      "card_name": "Blizzard Dragon",
      "set_number": "DT07-EN010",
      "rarities": [
        "Duel Terminal Normal Parallel Rare"
      ],
      "count": {
        "Duel Terminal Normal Parallel Rare": 1
      }
    },
    {
      "card_name": "Mezuki",
      "set_number": "DT07-EN011",
      "rarities": [
        "Duel Terminal Normal Parallel Rare"
      ],
      "count": {
        "Duel Terminal Normal Parallel Rare": 1
      }
    },
    {
      "card_name": "Fabled Raven",
      "set_number": "DT07-EN012",
      "rarities": [
        "Duel Terminal Normal Parallel Rare"
      ],
      "count": {
        "Duel Terminal Normal Parallel Rare": 1
      }
    },
    {
      "card_name": "XX-Saber Faultroll",
      "set_number": "DT07-EN013",
      "rarities": [
        "Duel Terminal Normal Parallel Rare"
      ],
      "count": {
        "Duel Terminal Normal Parallel Rare": 1
      }
    },
    {
      "card_name": "Gem-Knight Sardonyx",
      "set_number": "DT07-EN014",
      "rarities": [
        "Duel Terminal Normal Parallel Rare"
      ],
      "count": {
        "Duel Terminal Normal Parallel Rare": 1
      }
    },
    {
      "card_name": "Laval Phlogis",
      "set_number": "DT07-EN015",
      "rarities": [
        "Duel Terminal Normal Parallel Rare"
      ],
      "count": {
        "Duel Terminal Normal Parallel Rare": 1
      }
    },
    {
      "card_name": "Gishki Avance",
      "set_number": "DT07-EN016",
      "rarities": [
        "Duel Terminal Normal Parallel Rare"
      ],
      "count": {
        "Duel Terminal Normal Parallel Rare": 1
      }
    },
    {
      "card_name": "Gusto Griffin",
      "set_number": "DT07-EN017",
      "rarities": [
        "Duel Terminal Normal Parallel Rare"
      ],
      "count": {
        "Duel Terminal Normal Parallel Rare": 1
      }
    },
    {
      "card_name": "Constellar Sheratan",
      "set_number": "DT07-EN018",
      "rarities": [
        "Duel Terminal Normal Parallel Rare"
      ],
      "count": {
        "Duel Terminal Normal Parallel Rare": 1
      }
    },
    {
      "card_name": "Constellar Aldebaran",
      "set_number": "DT07-EN019",
      "rarities": [
        "Duel Terminal Normal Parallel Rare"
      ],
      "count": {
        "Duel Terminal Normal Parallel Rare": 1
      }
    },
    {
      "card_name": "Constellar Algiedi",
      "set_number": "DT07-EN020",
      "rarities": [
        "Duel Terminal Normal Parallel Rare"
      ],
      "count": {
        "Duel Terminal Normal Parallel Rare": 1
      }
    },
    {
      "card_name": "Constellar Pollux",
      "set_number": "DT07-EN021",
      "rarities": [
        "Duel Terminal Rare Parallel Rare"
      ],
      "count": {
        "Duel Terminal Rare Parallel Rare": 1
      }
    },
    {
      "card_name": "Constellar Zubeneschamali",
      "set_number": "DT07-EN022",
      "rarities": [
        "Duel Terminal Rare Parallel Rare"
      ],
      "count": {
        "Duel Terminal Rare Parallel Rare": 1
      }
    },
    {
      "card_name": "Constellar Virgo",
      "set_number": "DT07-EN023",
      "rarities": [
        "Duel Terminal Super Parallel Rare"
      ],
      "count": {
        "Duel Terminal Super Parallel Rare": 1
      }
    },
    {
      "card_name": "Evilswarm Heliotrope",
      "set_number": "DT07-EN024",
      "rarities": [
        "Duel Terminal Normal Parallel Rare"
      ],
      "count": {
        "Duel Terminal Normal Parallel Rare": 1
      }
    },
    {
      "card_name": "Evilswarm Zahak",
      "set_number": "DT07-EN025",
      "rarities": [
        "Duel Terminal Rare Parallel Rare"
      ],
      "count": {
        "Duel Terminal Rare Parallel Rare": 1
      }
    },
    {
      "card_name": "Evilswarm Ketos",
      "set_number": "DT07-EN026",
      "rarities": [
        "Duel Terminal Rare Parallel Rare"
      ],
      "count": {
        "Duel Terminal Rare Parallel Rare": 1
      }
    },
    {
      "card_name": "Evilswarm O'lantern",
      "set_number": "DT07-EN027",
      "rarities": [
        "Duel Terminal Normal Parallel Rare"
      ],
      "count": {
        "Duel Terminal Normal Parallel Rare": 1
      }
    },
    {
      "card_name": "Evilswarm Mandragora",
      "set_number": "DT07-EN028",
      "rarities": [
        "Duel Terminal Normal Parallel Rare"
      ],
      "count": {
        "Duel Terminal Normal Parallel Rare": 1
      }
    },
    {
      "card_name": "Evilswarm Hraesvelg",
      "set_number": "DT07-EN029",
      "rarities": [
        "Duel Terminal Rare Parallel Rare"
      ],
      "count": {
        "Duel Terminal Rare Parallel Rare": 1
      }
    },
    {
      "card_name": "Black Luster Soldier",
      "set_number": "DT07-EN030",
      "rarities": [
        "Duel Terminal Rare Parallel Rare"
      ],
      "count": {
        "Duel Terminal Rare Parallel Rare": 1
      }
    },
    {
      "card_name": "Evigishki Levianima",
      "set_number": "DT07-EN031",
      "rarities": [
        "Duel Terminal Super Parallel Rare"
      ],
      "count": {
        "Duel Terminal Super Parallel Rare": 1
      }
    },
    {
      "card_name": "Chimeratech Overdragon",
      "set_number": "DT07-EN032",
      "rarities": [
        "Duel Terminal Rare Parallel Rare"
      ],
      "count": {
        "Duel Terminal Rare Parallel Rare": 1
      }
    },
    {
      "card_name": "Gem-Knight Zirconia",
      "set_number": "DT07-EN033",
      "rarities": [
        "Duel Terminal Super Parallel Rare"
      ],
      "count": {
        "Duel Terminal Super Parallel Rare": 1
      }
    },
    {
      "card_name": "Number 39: Utopia",
      "set_number": "DT07-EN034",
      "rarities": [
        "Duel Terminal Super Parallel Rare"
      ],
      "count": {
        "Duel Terminal Super Parallel Rare": 1
      }
    },
    {
      "card_name": "Lavalval Chain",
      "set_number": "DT07-EN035",
      "rarities": [
        "Duel Terminal Ultra Parallel Rare"
      ],
      "count": {
        "Duel Terminal Ultra Parallel Rare": 1
      }
    },
    {
      "card_name": "Daigusto Emeral",
      "set_number": "DT07-EN036",
      "rarities": [
        "Duel Terminal Ultra Parallel Rare"
      ],
      "count": {
        "Duel Terminal Ultra Parallel Rare": 1
      }
    },
    {
      "card_name": "Constellar Hyades",
      "set_number": "DT07-EN037",
      "rarities": [
        "Duel Terminal Super Parallel Rare"
      ],
      "count": {
        "Duel Terminal Super Parallel Rare": 1
      }
    },
    {
      "card_name": "Constellar Pleiades",
      "set_number": "DT07-EN038",
      "rarities": [
        "Duel Terminal Ultra Parallel Rare"
      ],
      "count": {
        "Duel Terminal Ultra Parallel Rare": 1
      }
    },
    {
      "card_name": "Evilswarm Nightmare",
      "set_number": "DT07-EN039",
      "rarities": [
        "Duel Terminal Super Parallel Rare"
      ],
      "count": {
        "Duel Terminal Super Parallel Rare": 1
      }
    },
    {
      "card_name": "Evilswarm Bahamut",
      "set_number": "DT07-EN040",
      "rarities": [
        "Duel Terminal Ultra Parallel Rare"
      ],
      "count": {
        "Duel Terminal Ultra Parallel Rare": 1
      }
    },
    {
      "card_name": "Black Luster Ritual",
      "set_number": "DT07-EN041",
      "rarities": [
        "Duel Terminal Normal Parallel Rare"
      ],
      "count": {
        "Duel Terminal Normal Parallel Rare": 1
      }
    },
    {
      "card_name": "Overload Fusion",
      "set_number": "DT07-EN042",
      "rarities": [
        "Duel Terminal Normal Parallel Rare"
      ],
      "count": {
        "Duel Terminal Normal Parallel Rare": 1
      }
    },
    {
      "card_name": "Molten Conduction Field",
      "set_number": "DT07-EN043",
      "rarities": [
        "Duel Terminal Normal Parallel Rare"
      ],
      "count": {
        "Duel Terminal Normal Parallel Rare": 1
      }
    },
    {
      "card_name": "Gishki Photomirror",
      "set_number": "DT07-EN044",
      "rarities": [
        "Duel Terminal Normal Parallel Rare"
      ],
      "count": {
        "Duel Terminal Normal Parallel Rare": 1
      }
    },
    {
      "card_name": "Constellar Star Chart",
      "set_number": "DT07-EN045",
      "rarities": [
        "Duel Terminal Normal Parallel Rare"
      ],
      "count": {
        "Duel Terminal Normal Parallel Rare": 1
      }
    },
    {
      "card_name": "Scrap-Iron Scarecrow",
      "set_number": "DT07-EN046",
      "rarities": [
        "Duel Terminal Normal Parallel Rare"
      ],
      "count": {
        "Duel Terminal Normal Parallel Rare": 1
      }
    },
    {
      "card_name": "Gottoms' Emergency Call",
      "set_number": "DT07-EN047",
      "rarities": [
        "Duel Terminal Normal Parallel Rare"
      ],
      "count": {
        "Duel Terminal Normal Parallel Rare": 1
      }
    },
    {
      "card_name": "Fragment Fusion",
      "set_number": "DT07-EN048",
      "rarities": [
        "Duel Terminal Normal Parallel Rare"
      ],
      "count": {
        "Duel Terminal Normal Parallel Rare": 1
      }
    },
    {
      "card_name": "Dust Storm of Gusto",
      "set_number": "DT07-EN049",
      "rarities": [
        "Duel Terminal Normal Parallel Rare"
      ],
      "count": {
        "Duel Terminal Normal Parallel Rare": 1
      }
    },
    {
      "card_name": "Infestation Infection",
      "set_number": "DT07-EN050",
      "rarities": [
        "Duel Terminal Normal Parallel Rare"
      ],
      "count": {
        "Duel Terminal Normal Parallel Rare": 1
      }
    },
    {
      "card_name": "D.D. Esper Star Sparrow",
      "set_number": "DT07-EN051",
      "rarities": [
        "Duel Terminal Rare Parallel Rare"
      ],
      "count": {
        "Duel Terminal Rare Parallel Rare": 1
      }
    },
    {
      "card_name": "Beast-Warrior Puma",
      "set_number": "DT07-EN052",
      "rarities": [
        "Duel Terminal Normal Parallel Rare"
      ],
      "count": {
        "Duel Terminal Normal Parallel Rare": 1
      }
    },
    {
      "card_name": "Phoenix Beast Gairuda",
      "set_number": "DT07-EN053",
      "rarities": [
        "Duel Terminal Normal Parallel Rare"
      ],
      "count": {
        "Duel Terminal Normal Parallel Rare": 1
      }
    },
    {
      "card_name": "Ironhammer the Giant",
      "set_number": "DT07-EN054",
      "rarities": [
        "Duel Terminal Normal Parallel Rare"
      ],
      "count": {
        "Duel Terminal Normal Parallel Rare": 1
      }
    },
    {
      "card_name": "D.D. Jet Iron",
      "set_number": "DT07-EN055",
      "rarities": [
        "Duel Terminal Rare Parallel Rare"
      ],
      "count": {
        "Duel Terminal Rare Parallel Rare": 1
      }
    },
    {
      "card_name": "Aye-Iron",
      "set_number": "DT07-EN056",
      "rarities": [
        "Duel Terminal Normal Parallel Rare"
      ],
      "count": {
        "Duel Terminal Normal Parallel Rare": 1
      }
    },
    {
      "card_name": "Tin Goldfish",
      "set_number": "DT07-EN057",
      "rarities": [
        "Duel Terminal Normal Parallel Rare"
      ],
      "count": {
        "Duel Terminal Normal Parallel Rare": 1
      }
    },
    {
      "card_name": "Gearspring Spirit",
      "set_number": "DT07-EN058",
      "rarities": [
        "Duel Terminal Normal Parallel Rare"
      ],
      "count": {
        "Duel Terminal Normal Parallel Rare": 1
      }
    },
    {
      "card_name": "Ehren, Lightsworn Monk",
      "set_number": "DT07-EN059",
      "rarities": [
        "Duel Terminal Normal Parallel Rare"
      ],
      "count": {
        "Duel Terminal Normal Parallel Rare": 1
      }
    },
    {
      "card_name": "Infernity Archfiend",
      "set_number": "DT07-EN060",
      "rarities": [
        "Duel Terminal Normal Parallel Rare"
      ],
      "count": {
        "Duel Terminal Normal Parallel Rare": 1
      }
    },
    {
      "card_name": "Gem-Turtle",
      "set_number": "DT07-EN061",
      "rarities": [
        "Duel Terminal Normal Parallel Rare"
      ],
      "count": {
        "Duel Terminal Normal Parallel Rare": 1
      }
    },
    {
      "card_name": "Gishki Beast",
      "set_number": "DT07-EN062",
      "rarities": [
        "Duel Terminal Normal Parallel Rare"
      ],
      "count": {
        "Duel Terminal Normal Parallel Rare": 1
      }
    },
    {
      "card_name": "Gem-Knight Lazuli",
      "set_number": "DT07-EN063",
      "rarities": [
        "Duel Terminal Normal Parallel Rare"
      ],
      "count": {
        "Duel Terminal Normal Parallel Rare": 1
      }
    },
    {
      "card_name": "Gishki Natalia",
      "set_number": "DT07-EN064",
      "rarities": [
        "Duel Terminal Rare Parallel Rare"
      ],
      "count": {
        "Duel Terminal Rare Parallel Rare": 1
      }
    },
    {
      "card_name": "Constellar Siat",
      "set_number": "DT07-EN065",
      "rarities": [
        "Duel Terminal Normal Parallel Rare"
      ],
      "count": {
        "Duel Terminal Normal Parallel Rare": 1
      }
    },
    {
      "card_name": "Constellar Rasalhague",
      "set_number": "DT07-EN066",
      "rarities": [
        "Duel Terminal Normal Parallel Rare"
      ],
      "count": {
        "Duel Terminal Normal Parallel Rare": 1
      }
    },
    {
      "card_name": "Constellar Leonis",
      "set_number": "DT07-EN067",
      "rarities": [
        "Duel Terminal Normal Parallel Rare"
      ],
      "count": {
        "Duel Terminal Normal Parallel Rare": 1
      }
    },
    {
      "card_name": "Constellar Acubens",
      "set_number": "DT07-EN068",
      "rarities": [
        "Duel Terminal Normal Parallel Rare"
      ],
      "count": {
        "Duel Terminal Normal Parallel Rare": 1
      }
    },
    {
      "card_name": "Constellar Kaus",
      "set_number": "DT07-EN069",
      "rarities": [
        "Duel Terminal Rare Parallel Rare"
      ],
      "count": {
        "Duel Terminal Rare Parallel Rare": 1
      }
    },
    {
      "card_name": "Constellar Alrescha",
      "set_number": "DT07-EN070",
      "rarities": [
        "Duel Terminal Normal Parallel Rare"
      ],
      "count": {
        "Duel Terminal Normal Parallel Rare": 1
      }
    },
    {
      "card_name": "Constellar Antares",
      "set_number": "DT07-EN071",
      "rarities": [
        "Duel Terminal Rare Parallel Rare"
      ],
      "count": {
        "Duel Terminal Rare Parallel Rare": 1
      }
    },
    {
      "card_name": "Evilswarm Castor",
      "set_number": "DT07-EN072",
      "rarities": [
        "Duel Terminal Rare Parallel Rare"
      ],
      "count": {
        "Duel Terminal Rare Parallel Rare": 1
      }
    },
    {
      "card_name": "Evilswarm Obliviwisp",
      "set_number": "DT07-EN073",
      "rarities": [
        "Duel Terminal Normal Parallel Rare"
      ],
      "count": {
        "Duel Terminal Normal Parallel Rare": 1
      }
    },
    {
      "card_name": "Evilswarm Azzathoth",
      "set_number": "DT07-EN074",
      "rarities": [
        "Duel Terminal Normal Parallel Rare"
      ],
      "count": {
        "Duel Terminal Normal Parallel Rare": 1
      }
    },
    {
      "card_name": "Evilswarm Thunderbird",
      "set_number": "DT07-EN075",
      "rarities": [
        "Duel Terminal Normal Parallel Rare"
      ],
      "count": {
        "Duel Terminal Normal Parallel Rare": 1
      }
    },
    {
      "card_name": "Evilswarm Salamandra",
      "set_number": "DT07-EN076",
      "rarities": [
        "Duel Terminal Normal Parallel Rare"
      ],
      "count": {
        "Duel Terminal Normal Parallel Rare": 1
      }
    },
    {
      "card_name": "Evilswarm Golem",
      "set_number": "DT07-EN077",
      "rarities": [
        "Duel Terminal Rare Parallel Rare"
      ],
      "count": {
        "Duel Terminal Rare Parallel Rare": 1
      }
    },
    {
      "card_name": "Evilswarm Coppelia",
      "set_number": "DT07-EN078",
      "rarities": [
        "Duel Terminal Rare Parallel Rare"
      ],
      "count": {
        "Duel Terminal Rare Parallel Rare": 1
      }
    },
    {
      "card_name": "Sophia, Goddess of Rebirth",
      "set_number": "DT07-EN079",
      "rarities": [
        "Duel Terminal Ultra Parallel Rare"
      ],
      "count": {
        "Duel Terminal Ultra Parallel Rare": 1
      }
    },
    {
      "card_name": "Gishki Psychelone",
      "set_number": "DT07-EN080",
      "rarities": [
        "Duel Terminal Super Parallel Rare"
      ],
      "count": {
        "Duel Terminal Super Parallel Rare": 1
      }
    },
    {
      "card_name": "Gishki Zielgigas",
      "set_number": "DT07-EN081",
      "rarities": [
        "Duel Terminal Super Parallel Rare"
      ],
      "count": {
        "Duel Terminal Super Parallel Rare": 1
      }
    },
    {
      "card_name": "Gem-Knight Seraphinite",
      "set_number": "DT07-EN082",
      "rarities": [
        "Duel Terminal Rare Parallel Rare"
      ],
      "count": {
        "Duel Terminal Rare Parallel Rare": 1
      }
    },
    {
      "card_name": "Gem-Knight Master Diamond",
      "set_number": "DT07-EN083",
      "rarities": [
        "Duel Terminal Ultra Parallel Rare"
      ],
      "count": {
        "Duel Terminal Ultra Parallel Rare": 1
      }
    },
    {
      "card_name": "Submersible Carrier Aero Shark",
      "set_number": "DT07-EN084",
      "rarities": [
        "Duel Terminal Normal Parallel Rare"
      ],
      "count": {
        "Duel Terminal Normal Parallel Rare": 1
      }
    },
    {
      "card_name": "Number 83: Galaxy Queen",
      "set_number": "DT07-EN085",
      "rarities": [
        "Duel Terminal Normal Parallel Rare"
      ],
      "count": {
        "Duel Terminal Normal Parallel Rare": 1
      }
    },
    {
      "card_name": "Number 10: Illumiknight",
      "set_number": "DT07-EN086",
      "rarities": [
        "Duel Terminal Normal Parallel Rare"
      ],
      "count": {
        "Duel Terminal Normal Parallel Rare": 1
      }
    },
    {
      "card_name": "Tin Archduke",
      "set_number": "DT07-EN087",
      "rarities": [
        "Duel Terminal Super Parallel Rare"
      ],
      "count": {
        "Duel Terminal Super Parallel Rare": 1
      }
    },
    {
      "card_name": "Constellar Praesepe",
      "set_number": "DT07-EN088",
      "rarities": [
        "Duel Terminal Super Parallel Rare"
      ],
      "count": {
        "Duel Terminal Super Parallel Rare": 1
      }
    },
    {
      "card_name": "Constellar Ptolemy M7",
      "set_number": "DT07-EN089",
      "rarities": [
        "Duel Terminal Ultra Parallel Rare"
      ],
      "count": {
        "Duel Terminal Ultra Parallel Rare": 1
      }
    },
    {
      "card_name": "Evilswarm Thanatos",
      "set_number": "DT07-EN090",
      "rarities": [
        "Duel Terminal Super Parallel Rare"
      ],
      "count": {
        "Duel Terminal Super Parallel Rare": 1
      }
    },
    {
      "card_name": "Evilswarm Ophion",
      "set_number": "DT07-EN091",
      "rarities": [
        "Duel Terminal Super Parallel Rare"
      ],
      "count": {
        "Duel Terminal Super Parallel Rare": 1
      }
    },
    {
      "card_name": "Evilswarm Ouroboros",
      "set_number": "DT07-EN092",
      "rarities": [
        "Duel Terminal Ultra Parallel Rare"
      ],
      "count": {
        "Duel Terminal Ultra Parallel Rare": 1
      }
    },
    {
      "card_name": "Iron Call",
      "set_number": "DT07-EN093",
      "rarities": [
        "Duel Terminal Normal Parallel Rare"
      ],
      "count": {
        "Duel Terminal Normal Parallel Rare": 1
      }
    },
    {
      "card_name": "Rekindling",
      "set_number": "DT07-EN094",
      "rarities": [
        "Duel Terminal Normal Parallel Rare"
      ],
      "count": {
        "Duel Terminal Normal Parallel Rare": 1
      }
    },
    {
      "card_name": "Constellar Star Cradle",
      "set_number": "DT07-EN095",
      "rarities": [
        "Duel Terminal Normal Parallel Rare"
      ],
      "count": {
        "Duel Terminal Normal Parallel Rare": 1
      }
    },
    {
      "card_name": "Infestation Pandemic",
      "set_number": "DT07-EN096",
      "rarities": [
        "Duel Terminal Normal Parallel Rare"
      ],
      "count": {
        "Duel Terminal Normal Parallel Rare": 1
      }
    },
    {
      "card_name": "Light-Imprisoning Mirror",
      "set_number": "DT07-EN097",
      "rarities": [
        "Duel Terminal Normal Parallel Rare"
      ],
      "count": {
        "Duel Terminal Normal Parallel Rare": 1
      }
    },
    {
      "card_name": "Shadow-Imprisoning Mirror",
      "set_number": "DT07-EN098",
      "rarities": [
        "Duel Terminal Normal Parallel Rare"
      ],
      "count": {
        "Duel Terminal Normal Parallel Rare": 1
      }
    },
    {
      "card_name": "Constellar Meteor",
      "set_number": "DT07-EN099",
      "rarities": [
        "Duel Terminal Normal Parallel Rare"
      ],
      "count": {
        "Duel Terminal Normal Parallel Rare": 1
      }
    },
    {
      "card_name": "Infestation Terminus",
      "set_number": "DT07-EN100",
      "rarities": [
        "Duel Terminal Normal Parallel Rare"
      ],
      "count": {
        "Duel Terminal Normal Parallel Rare": 1
      }
    }
  ]
}