{
  "name": "Duelist League 2010",
  "type": "Duelist League Promo Cards",
  "date": "2009-08-01",
  "distribution": "duelist_league_promo_cards",
  "prefix": "DL09",
  "sub_sets": [],
  "load": false,
  "cards": [
    {
      "card_name": "Blue-Eyes White Dragon",
      "set_number": "DL09-EN001",
      "rarities": [
        "Rare"
      ],
      "count": {
        "Rare": 1
      }
    },
    {
      "card_name": "Penguin Soldier",
      "set_number": "DL09-EN002",
      "rarities": [
        "Rare"
      ],
      "count": {
        "Rare": 1
      }
    },
    {
      "card_name": "Kuriboh",
      "set_number": "DL09-EN003",
      "rarities": [
        "Rare"
      ],
      "count": {
        "Rare": 1
      }
    },
    {
      "card_name": "Big Shield Gardna",
      "set_number": "DL09-EN004",
      "rarities": [
        "Rare"
      ],
      "count": {
        "Rare": 1
      }
    },
    {
      "card_name": "Giant Rat",
      "set_number": "DL09-EN005",
      "rarities": [
        "Rare"
      ],
      "count": {
        "Rare": 1
      }
    },
    {
      "card_name": "Mystic Tomato",
      "set_number": "DL09-EN006",
      "rarities": [
        "Rare"
      ],
      "count": {
        "Rare": 1
      }
    },
    {
      "card_name": "Blade Knight",
      "set_number": "DL09-EN007",
      "rarities": [
        "Rare"
      ],
      "count": {
        "Rare": 1
      }
    },
    {
      "card_name": "Legendary Jujitsu Master",
      "set_number": "DL09-EN008",
      "rarities": [
        "Rare"
      ],
      "count": {
        "Rare": 1
      }
    },
    {
      "card_name": "Zaborg the Thunder Monarch",
      "set_number": "DL09-EN009",
      "rarities": [
        "Rare"
      ],
      "count": {
        "Rare": 1
      }
    },
    {
      "card_name": "Krebons",
      "set_number": "DL09-EN010",
      "rarities": [
        "Rare"
      ],
      "count": {
        "Rare": 1
      }
    },
    {
      "card_name": "Blackwing - Bora the Spear",
      "set_number": "DL09-EN011",
      "rarities": [
        "Rare"
      ],
      "count": {
        "Rare": 1
      }
    },
    {
      "card_name": "Colossal Fighter",
      "set_number": "DL09-EN012",
      "rarities": [
        "Rare"
      ],
      "count": {
        "Rare": 1
      }
    },
    {
      "card_name": "Swords of Revealing Light",
      "set_number": "DL09-EN013",
      "rarities": [
        "Rare"
      ],
      "count": {
        "Rare": 1
      }
    },
    {
      "card_name": "Mystical Space Typhoon",
      "set_number": "DL09-EN014",
      "rarities": [
        "Rare"
      ],
      "count": {
        "Rare": 1
      }
    },
    {
      "card_name": "Scapegoat",
      "set_number": "DL09-EN015",
      "rarities": [
        "Rare"
      ],
      "count": {
        "Rare": 1
      }
    },
    {
      "card_name": "Soul Taker",
      "set_number": "DL09-EN016",
      "rarities": [
        "Rare"
      ],
      "count": {
        "Rare": 1
      }
    },
    {
      "card_name": "Trap Hole",
      "set_number": "DL09-EN017",
      "rarities": [
        "Rare"
      ],
      "count": {
        "Rare": 1
      }
    },
    {
      "card_name": "Sakuretsu Armor",
      "set_number": "DL09-EN018",
      "rarities": [
        "Rare"
      ],
      "count": {
        "Rare": 1
      }
    },
    {
      "card_name": "Compulsory Evacuation Device",
      "set_number": "DL09-EN019",
      "rarities": [
        "Rare"
      ],
      "count": {
        "Rare": 1
      }
    },
    {
      "card_name": "Threatening Roar",
      "set_number": "DL09-EN020",
      "rarities": [
        "Rare"
      ],
      "count": {
        "Rare": 1
      }
    }
  ]
}