{
  "name": "Duelist League 14",
  "type": "Duelist League Promo Cards",
  "date": "2012-06-01",
  "distribution": "duelist_league_promo_cards",
  "prefix": "DL14",
  "sub_sets": [],
  "load": false,
  "cards": [
    {
      "card_name": "Kabazauls",
      "set_number": "DL14-EN001",
      "rarities": [
        "Rare"
      ],
      "count": {
        "Rare": 1
      }
    },
    {
      "card_name": "Command Knight",
      "set_number": "DL14-EN002",
      "rarities": [
        "Rare"
      ],
      "count": {
        "Rare": 1
      }
    },
    {
      "card_name": "Armed Samurai - Ben Kei",
      "set_number": "DL14-EN003",
      "rarities": [
        "Rare"
      ],
      "count": {
        "Rare": 1
      }
    },
    {
      "card_name": "Doom Dozer",
      "set_number": "DL14-EN004",
      "rarities": [
        "Rare"
      ],
      "count": {
        "Rare": 1
      }
    },
    {
      "card_name": "Tuningware",
      "set_number": "DL14-EN005",
      "rarities": [
        "Rare"
      ],
      "count": {
        "Rare": 1
      }
    },
    {
      "card_name": "Defender, the Magical Knight",
      "set_number": "DL14-EN006",
      "rarities": [
        "Rare"
      ],
      "count": {
        "Rare": 1
      }
    },
    {
      "card_name": "Shiny Black \"C\"",
      "set_number": "DL14-EN007",
      "rarities": [
        "Rare"
      ],
      "count": {
        "Rare": 1
      }
    },
    {
      "card_name": "Raiza the Storm Monarch",
      "set_number": "DL14-EN008",
      "rarities": [
        "Rare"
      ],
      "count": {
        "Rare": 1
      }
    },
    {
      "card_name": "Arcanite Magician",
      "set_number": "DL14-EN009",
      "rarities": [
        "Rare"
      ],
      "count": {
        "Rare": 1
      }
    },
    {
      "card_name": "Number 39: Utopia",
      "set_number": "DL14-EN010",
      "rarities": [
        "Rare"
      ],
      "count": {
        "Rare": 1
      }
    },
    {
      "card_name": "Fuhma Shuriken",
      "set_number": "DL14-EN011",
      "rarities": [
        "Rare"
      ],
      "count": {
        "Rare": 1
      }
    },
    {
      "card_name": "Precious Cards from Beyond",
      "set_number": "DL14-EN012",
      "rarities": [
        "Rare"
      ],
      "count": {
        "Rare": 1
      }
    },
    {
      "card_name": "Secret Village of the Spellcasters",
      "set_number": "DL14-EN013",
      "rarities": [
        "Rare"
      ],
      "count": {
        "Rare": 1
      }
    },
    {
      "card_name": "Arcane Barrier",
      "set_number": "DL14-EN014",
      "rarities": [
        "Rare"
      ],
      "count": {
        "Rare": 1
      }
    },
    {
      "card_name": "Nobleman of Crossout",
      "set_number": "DL14-EN015",
      "rarities": [
        "Rare"
      ],
      "count": {
        "Rare": 1
      }
    },
    {
      "card_name": "Mask Change",
      "set_number": "DL14-EN016",
      "rarities": [
        "Rare"
      ],
      "count": {
        "Rare": 1
      }
    },
    {
      "card_name": "Glorious Illusion",
      "set_number": "DL14-EN017",
      "rarities": [
        "Rare"
      ],
      "count": {
        "Rare": 1
      }
    },
    {
      "card_name": "Fish Depth Charge",
      "set_number": "DL14-EN018",
      "rarities": [
        "Rare"
      ],
      "count": {
        "Rare": 1
      }
    },
    {
      "card_name": "Light-Imprisoning Mirror",
      "set_number": "DL14-EN019",
      "rarities": [
        "Rare"
      ],
      "count": {
        "Rare": 1
      }
    },
    {
      "card_name": "Shadow-Imprisoning Mirror",
      "set_number": "DL14-EN020",
      "rarities": [
        "Rare"
      ],
      "count": {
        "Rare": 1
      }
    }
  ]
}