{
  "name": "Duelist Pack: Kaiba",
  "type": "Duelist Pack",
  "date": "2010-04-15",
  "distribution": "duelist_pack",
  "prefix": "DPKB",
  "sub_sets": [],
  "load": true,
  "cards": [
    {
      "card_name": "Blue-Eyes White Dragon",
      "set_number": "DPKB-EN001",
      "rarities": [
        "Super Rare"
      ],
      "count": {
        "Super Rare": 1
      }
    },
    {
      "card_name": "Hitotsu-Me Giant",
      "set_number": "DPKB-EN002",
      "rarities": [
        "Common"
      ],
      "count": {
        "Common": 1
      }
    },
    {
      "card_name": "Judge Man",
      "set_number": "DPKB-EN003",
      "rarities": [
        "Common"
      ],
      "count": {
        "Common": 1
      }
    },
    {
      "card_name": "Swordstalker",
      "set_number": "DPKB-EN004",
      "rarities": [
        "Common"
      ],
      "count": {
        "Common": 1
      }
    },
    {
      "card_name": "La Jinn the Mystical Genie of the Lamp",
      "set_number": "DPKB-EN005",
      "rarities": [
        "Common"
      ],
      "count": {
        "Common": 1
      }
    },
    {
      "card_name": "Saggi the Dark Clown",
      "set_number": "DPKB-EN006",
      "rarities": [
        "Common"
      ],
      "count": {
        "Common": 1
      }
    },
    {
      "card_name": "X-Head Cannon",
      "set_number": "DPKB-EN007",
      "rarities": [
        "Common"
      ],
      "count": {
        "Common": 1
      }
    },
    {
      "card_name": "Vorse Raider",
      "set_number": "DPKB-EN008",
      "rarities": [
        "Rare"
      ],
      "count": {
        "Rare": 1
      }
    },
    {
      "card_name": "Lord of D.",
      "set_number": "DPKB-EN009",
      "rarities": [
        "Common"
      ],
      "count": {
        "Common": 1
      }
    },
    {
      "card_name": "Cyber Jar",
      "set_number": "DPKB-EN010",
      "rarities": [
        "Ultimate Rare"
      ],
      "count": {
        "Ultimate Rare": 1
      }
    },
    {
      "card_name": "Y-Dragon Head",
      "set_number": "DPKB-EN011",
      "rarities": [
        "Common"
      ],
      "count": {
        "Common": 1
      }
    },
    {
      "card_name": "Z-Metal Tank",
      "set_number": "DPKB-EN012",
      "rarities": [
        "Common"
      ],
      "count": {
        "Common": 1
      }
    },
    {
      "card_name": "Vampire Lord",
      "set_number": "DPKB-EN013",
      "rarities": [
        "Rare"
      ],
      "count": {
        "Rare": 1
      }
    },
    {
      "card_name": "Different Dimension Dragon",
      "set_number": "DPKB-EN014",
      "rarities": [
        "Rare"
      ],
      "count": {
        "Rare": 1
      }
    },
    {
      "card_name": "Kaiser Glider",
      "set_number": "DPKB-EN015",
      "rarities": [
        "Rare"
      ],
      "count": {
        "Rare": 1
      }
    },
    {
      "card_name": "Chaos Emperor Dragon - Envoy of the End",
      "set_number": "DPKB-EN016",
      "rarities": [
        "Ultimate Rare"
      ],
      "count": {
        "Ultimate Rare": 1
      }
    },
    {
      "card_name": "Kaiser Sea Horse",
      "set_number": "DPKB-EN017",
      "rarities": [
        "Rare"
      ],
      "count": {
        "Rare": 1
      }
    },
    {
      "card_name": "Enraged Battle Ox",
      "set_number": "DPKB-EN018",
      "rarities": [
        "Common"
      ],
      "count": {
        "Common": 1
      }
    },
    {
      "card_name": "Peten the Dark Clown",
      "set_number": "DPKB-EN019",
      "rarities": [
        "Rare"
      ],
      "count": {
        "Rare": 1
      }
    },
    {
      "card_name": "Familiar Knight",
      "set_number": "DPKB-EN020",
      "rarities": [
        "Common"
      ],
      "count": {
        "Common": 1
      }
    },
    {
      "card_name": "Ancient Lamp",
      "set_number": "DPKB-EN021",
      "rarities": [
        "Common"
      ],
      "count": {
        "Common": 1
      }
    },
    {
      "card_name": "The White Stone of Legend",
      "set_number": "DPKB-EN022",
      "rarities": [
        "Super Rare"
      ],
      "count": {
        "Super Rare": 1
      }
    },
    {
      "card_name": "Malefic Blue-Eyes White Dragon",
      "set_number": "DPKB-EN023",
      "rarities": [
        "Ultra Rare"
      ],
      "count": {
        "Ultra Rare": 1
      }
    },
    {
      "card_name": "Paladin of White Dragon",
      "set_number": "DPKB-EN024",
      "rarities": [
        "Rare"
      ],
      "count": {
        "Rare": 1
      }
    },
    {
      "card_name": "XYZ-Dragon Cannon",
      "set_number": "DPKB-EN025",
      "rarities": [
        "Super Rare"
      ],
      "count": {
        "Super Rare": 1
      }
    },
    {
      "card_name": "Blue-Eyes Ultimate Dragon",
      "set_number": "DPKB-EN026",
      "rarities": [
        "Ultra Rare"
      ],
      "count": {
        "Ultra Rare": 1
      }
    },
    {
      "card_name": "Dragon Master Knight",
      "set_number": "DPKB-EN027",
      "rarities": [
        "Ultra Rare"
      ],
      "count": {
        "Ultra Rare": 1
      }
    },
    {
      "card_name": "Polymerization",
      "set_number": "DPKB-EN028",
      "rarities": [
        "Common"
      ],
      "count": {
        "Common": 1
      }
    },
    {
      "card_name": "Pot of Greed",
      "set_number": "DPKB-EN029",
      "rarities": [
        "Ultimate Rare"
      ],
      "count": {
        "Ultimate Rare": 1
      }
    },
    {
      "card_name": "The Flute of Summoning Dragon",
      "set_number": "DPKB-EN030",
      "rarities": [
        "Common"
      ],
      "count": {
        "Common": 1
      }
    },
    {
      "card_name": "Magic Reflector",
      "set_number": "DPKB-EN031",
      "rarities": [
        "Common"
      ],
      "count": {
        "Common": 1
      }
    },
    {
      "card_name": "White Dragon Ritual",
      "set_number": "DPKB-EN032",
      "rarities": [
        "Common"
      ],
      "count": {
        "Common": 1
      }
    },
    {
      "card_name": "Cost Down",
      "set_number": "DPKB-EN033",
      "rarities": [
        "Rare"
      ],
      "count": {
        "Rare": 1
      }
    },
    {
      "card_name": "Ring of Defense",
      "set_number": "DPKB-EN034",
      "rarities": [
        "Common"
      ],
      "count": {
        "Common": 1
      }
    },
    {
      "card_name": "Fiend's Sanctuary",
      "set_number": "DPKB-EN035",
      "rarities": [
        "Super Rare"
      ],
      "count": {
        "Super Rare": 1
      }
    },
    {
      "card_name": "Ring of Destruction",
      "set_number": "DPKB-EN036",
      "rarities": [
        "Ultimate Rare"
      ],
      "count": {
        "Ultimate Rare": 1
      }
    },
    {
      "card_name": "Interdimensional Matter Transporter",
      "set_number": "DPKB-EN037",
      "rarities": [
        "Common"
      ],
      "count": {
        "Common": 1
      }
    },
    {
      "card_name": "Return from the Different Dimension",
      "set_number": "DPKB-EN038",
      "rarities": [
        "Super Rare"
      ],
      "count": {
        "Super Rare": 1
      }
    },
    {
      "card_name": "Crush Card Virus",
      "set_number": "DPKB-EN039",
      "rarities": [
        "Ultimate Rare"
      ],
      "count": {
        "Ultimate Rare": 1
      }
    },
    {
      "card_name": "Cloning",
      "set_number": "DPKB-EN040",
      "rarities": [
        "Common"
      ],
      "count": {
        "Common": 1
      }
    }
  ]
}