{
  "name": "Duelist Pack: Jaden Yuki 3",
  "type": "Duelist Pack",
  "date": "2007-10-20",
  "distribution": "duelist_pack",
  "prefix": "DP06",
  "sub_sets": [],
  "load": true,
  "cards": [
    {
      "card_name": "Neo-Spacian Air Hummingbird",
      "set_number": "DP06-EN001",
      "rarities": [
        "Common"
      ],
      "count": {
        "Common": 1
      }
    },
    {
      "card_name": "Neo-Spacian Grand Mole",
      "set_number": "DP06-EN002",
      "rarities": [
        "Rare"
      ],
      "count": {
        "Rare": 1
      }
    },
    {
      "card_name": "Neo-Spacian Glow Moss",
      "set_number": "DP06-EN003",
      "rarities": [
        "Common"
      ],
      "count": {
        "Common": 1
      }
    },
    {
      "card_name": "Elemental HERO Captain Gold",
      "set_number": "DP06-EN004",
      "rarities": [
        "Rare"
      ],
      "count": {
        "Rare": 1
      }
    },
    {
      "card_name": "Elemental HERO Neos Alius",
      "set_number": "DP06-EN005",
      "rarities": [
        "Common"
      ],
      "count": {
        "Common": 1
      }
    },
    {
      "card_name": "Evil HERO Malicious Edge",
      "set_number": "DP06-EN006",
      "rarities": [
        "Super Rare"
      ],
      "count": {
        "Super Rare": 1
      }
    },
    {
      "card_name": "Evil HERO Infernal Gainer",
      "set_number": "DP06-EN007",
      "rarities": [
        "Common"
      ],
      "count": {
        "Common": 1
      }
    },
    {
      "card_name": "Evil HERO Infernal Prodigy",
      "set_number": "DP06-EN008",
      "rarities": [
        "Super Rare"
      ],
      "count": {
        "Super Rare": 1
      }
    },
    {
      "card_name": "Armor Breaker",
      "set_number": "DP06-EN009",
      "rarities": [
        "Rare"
      ],
      "count": {
        "Rare": 1
      }
    },
    {
      "card_name": "Evil HERO Dark Gaia",
      "set_number": "DP06-EN010",
      "rarities": [
        "Common"
      ],
      "count": {
        "Common": 1
      }
    },
    {
      "card_name": "Evil HERO Wild Cyclone",
      "set_number": "DP06-EN011",
      "rarities": [
        "Ultra Rare"
      ],
      "count": {
        "Ultra Rare": 1
      }
    },
    {
      "card_name": "Evil HERO Infernal Sniper",
      "set_number": "DP06-EN012",
      "rarities": [
        "Super Rare"
      ],
      "count": {
        "Super Rare": 1
      }
    },
    {
      "card_name": "Evil HERO Malicious Fiend",
      "set_number": "DP06-EN013",
      "rarities": [
        "Ultra Rare"
      ],
      "count": {
        "Ultra Rare": 1
      }
    },
    {
      "card_name": "Skyscraper 2 - Hero City",
      "set_number": "DP06-EN014",
      "rarities": [
        "Super Rare"
      ],
      "count": {
        "Super Rare": 1
      }
    },
    {
      "card_name": "Reverse of Neos",
      "set_number": "DP06-EN015",
      "rarities": [
        "Common"
      ],
      "count": {
        "Common": 1
      }
    },
    {
      "card_name": "Convert Contact",
      "set_number": "DP06-EN016",
      "rarities": [
        "Common"
      ],
      "count": {
        "Common": 1
      }
    },
    {
      "card_name": "Swing of Memories",
      "set_number": "DP06-EN017",
      "rarities": [
        "Common"
      ],
      "count": {
        "Common": 1
      }
    },
    {
      "card_name": "Dark Fusion",
      "set_number": "DP06-EN018",
      "rarities": [
        "Common"
      ],
      "count": {
        "Common": 1
      }
    },
    {
      "card_name": "Dark Calling",
      "set_number": "DP06-EN019",
      "rarities": [
        "Rare"
      ],
      "count": {
        "Rare": 1
      }
    },
    {
      "card_name": "Revoke Fusion",
      "set_number": "DP06-EN020",
      "rarities": [
        "Rare"
      ],
      "count": {
        "Rare": 1
      }
    },
    {
      "card_name": "Hero Medal",
      "set_number": "DP06-EN021",
      "rarities": [
        "Common"
      ],
      "count": {
        "Common": 1
      }
    },
    {
      "card_name": "Mirror Gate",
      "set_number": "DP06-EN022",
      "rarities": [
        "Common"
      ],
      "count": {
        "Common": 1
      }
    },
    {
      "card_name": "Hero Counterattack",
      "set_number": "DP06-EN023",
      "rarities": [
        "Common"
      ],
      "count": {
        "Common": 1
      }
    },
    {
      "card_name": "Over Limit",
      "set_number": "DP06-EN024",
      "rarities": [
        "Common"
      ],
      "count": {
        "Common": 1
      }
    },
    {
      "card_name": "Hero's Rule 2",
      "set_number": "DP06-EN025",
      "rarities": [
        "Rare"
      ],
      "count": {
        "Rare": 1
      }
    }
  ]
}