{
  "name": "Enemy of Justice",
  "type": "Booster Pack",
  "date": "2006-05-17",
  "distribution": "booster_pack",
  "prefix": "EOJ",
  "sub_sets": [],
  "load": true,
  "cards": [
    {
      "card_name": "Destiny HERO - Doom Lord",
      "set_number": "EOJ-EN001",
      "rarities": [
        "Common"
      ],
      "count": {
        "Common": 1
      }
    },
    {
      "card_name": "Destiny HERO - Captain Tenacious",
      "set_number": "EOJ-EN002",
      "rarities": [
        "Common"
      ],
      "count": {
        "Common": 1
      }
    },
    {
      "card_name": "Destiny HERO - Diamond Dude",
      "set_number": "EOJ-EN003",
      "rarities": [
        "Ultimate Rare",
        "Rare"
      ],
      "count": {
        "Ultimate Rare": 1,
        "Rare": 1
      }
    },
    {
      "card_name": "Destiny HERO - Dreadmaster",
      "set_number": "EOJ-EN004",
      "rarities": [
        "Ultimate Rare",
        "Ultra Rare"
      ],
      "count": {
        "Ultimate Rare": 1,
        "Ultra Rare": 1
      }
    },
    {
      "card_name": "Cyber Tutu",
      "set_number": "EOJ-EN005",
      "rarities": [
        "Common"
      ],
      "count": {
        "Common": 1
      }
    },
    {
      "card_name": "Cyber Gymnast",
      "set_number": "EOJ-EN006",
      "rarities": [
        "Common"
      ],
      "count": {
        "Common": 1
      }
    },
    {
      "card_name": "Cyber Prima",
      "set_number": "EOJ-EN007",
      "rarities": [
        "Ultimate Rare",
        "Super Rare"
      ],
      "count": {
        "Ultimate Rare": 1,
        "Super Rare": 1
      }
    },
    {
      "card_name": "Cyber Kirin",
      "set_number": "EOJ-EN008",
      "rarities": [
        "Common"
      ],
      "count": {
        "Common": 1
      }
    },
    {
      "card_name": "Cyber Phoenix",
      "set_number": "EOJ-EN009",
      "rarities": [
        "Ultimate Rare",
        "Super Rare"
      ],
      "count": {
        "Ultimate Rare": 1,
        "Super Rare": 1
      }
    },
    {
      "card_name": "Searchlightman",
      "set_number": "EOJ-EN010",
      "rarities": [
        "Common"
      ],
      "count": {
        "Common": 1
      }
    },
    {
      "card_name": "Victory Viper XX03",
      "set_number": "EOJ-EN011",
      "rarities": [
        "Ultimate Rare",
        "Super Rare"
      ],
      "count": {
        "Ultimate Rare": 1,
        "Super Rare": 1
      }
    },
    {
      "card_name": "Swift Birdman Joe",
      "set_number": "EOJ-EN012",
      "rarities": [
        "Common"
      ],
      "count": {
        "Common": 1
      }
    },
    {
      "card_name": "Harpie's Pet Baby Dragon",
      "set_number": "EOJ-EN013",
      "rarities": [
        "Ultimate Rare",
        "Rare"
      ],
      "count": {
        "Ultimate Rare": 1,
        "Rare": 1
      }
    },
    {
      "card_name": "Majestic Mech - Senku",
      "set_number": "EOJ-EN014",
      "rarities": [
        "Common"
      ],
      "count": {
        "Common": 1
      }
    },
    {
      "card_name": "Majestic Mech - Ohka",
      "set_number": "EOJ-EN015",
      "rarities": [
        "Ultimate Rare",
        "Rare"
      ],
      "count": {
        "Ultimate Rare": 1,
        "Rare": 1
      }
    },
    {
      "card_name": "Majestic Mech - Goryu",
      "set_number": "EOJ-EN016",
      "rarities": [
        "Ultimate Rare",
        "Super Rare"
      ],
      "count": {
        "Ultimate Rare": 1,
        "Super Rare": 1
      }
    },
    {
      "card_name": "Royal Knight",
      "set_number": "EOJ-EN017",
      "rarities": [
        "Common"
      ],
      "count": {
        "Common": 1
      }
    },
    {
      "card_name": "Herald of Green Light",
      "set_number": "EOJ-EN018",
      "rarities": [
        "Ultimate Rare",
        "Rare"
      ],
      "count": {
        "Ultimate Rare": 1,
        "Rare": 1
      }
    },
    {
      "card_name": "Herald of Purple Light",
      "set_number": "EOJ-EN019",
      "rarities": [
        "Ultimate Rare",
        "Rare"
      ],
      "count": {
        "Ultimate Rare": 1,
        "Rare": 1
      }
    },
    {
      "card_name": "Bountiful Artemis",
      "set_number": "EOJ-EN020",
      "rarities": [
        "Common"
      ],
      "count": {
        "Common": 1
      }
    },
    {
      "card_name": "Layard the Liberator",
      "set_number": "EOJ-EN021",
      "rarities": [
        "Common"
      ],
      "count": {
        "Common": 1
      }
    },
    {
      "card_name": "Banisher of the Radiance",
      "set_number": "EOJ-EN022",
      "rarities": [
        "Ultimate Rare",
        "Rare"
      ],
      "count": {
        "Ultimate Rare": 1,
        "Rare": 1
      }
    },
    {
      "card_name": "Voltanis the Adjudicator",
      "set_number": "EOJ-EN023",
      "rarities": [
        "Ultimate Rare",
        "Ultra Rare"
      ],
      "count": {
        "Ultimate Rare": 1,
        "Ultra Rare": 1
      }
    },
    {
      "card_name": "Guard Dog",
      "set_number": "EOJ-EN024",
      "rarities": [
        "Common"
      ],
      "count": {
        "Common": 1
      }
    },
    {
      "card_name": "Whirlwind Weasel",
      "set_number": "EOJ-EN025",
      "rarities": [
        "Common"
      ],
      "count": {
        "Common": 1
      }
    },
    {
      "card_name": "Avalanching Aussa",
      "set_number": "EOJ-EN026",
      "rarities": [
        "Common"
      ],
      "count": {
        "Common": 1
      }
    },
    {
      "card_name": "Raging Eria",
      "set_number": "EOJ-EN027",
      "rarities": [
        "Common"
      ],
      "count": {
        "Common": 1
      }
    },
    {
      "card_name": "Blazing Hiita",
      "set_number": "EOJ-EN028",
      "rarities": [
        "Common"
      ],
      "count": {
        "Common": 1
      }
    },
    {
      "card_name": "Storming Wynn",
      "set_number": "EOJ-EN029",
      "rarities": [
        "Common"
      ],
      "count": {
        "Common": 1
      }
    },
    {
      "card_name": "Batteryman D",
      "set_number": "EOJ-EN030",
      "rarities": [
        "Common"
      ],
      "count": {
        "Common": 1
      }
    },
    {
      "card_name": "Super-Electromagnetic Voltech Dragon",
      "set_number": "EOJ-EN031",
      "rarities": [
        "Ultimate Rare",
        "Super Rare"
      ],
      "count": {
        "Ultimate Rare": 1,
        "Super Rare": 1
      }
    },
    {
      "card_name": "Elemental HERO Phoenix Enforcer",
      "set_number": "EOJ-EN032",
      "rarities": [
        "Ultimate Rare",
        "Ultra Rare"
      ],
      "count": {
        "Ultimate Rare": 1,
        "Ultra Rare": 1
      }
    },
    {
      "card_name": "Elemental HERO Shining Phoenix Enforcer",
      "set_number": "EOJ-EN033",
      "rarities": [
        "Ultimate Rare",
        "Ultra Rare"
      ],
      "count": {
        "Ultimate Rare": 1,
        "Ultra Rare": 1
      }
    },
    {
      "card_name": "Elemental HERO Mariner",
      "set_number": "EOJ-EN034",
      "rarities": [
        "Common"
      ],
      "count": {
        "Common": 1
      }
    },
    {
      "card_name": "Elemental HERO Wild Wingman",
      "set_number": "EOJ-EN035",
      "rarities": [
        "Ultimate Rare",
        "Super Rare"
      ],
      "count": {
        "Ultimate Rare": 1,
        "Super Rare": 1
      }
    },
    {
      "card_name": "Elemental HERO Necroid Shaman",
      "set_number": "EOJ-EN036",
      "rarities": [
        "Common"
      ],
      "count": {
        "Common": 1
      }
    },
    {
      "card_name": "Misfortune",
      "set_number": "EOJ-EN037",
      "rarities": [
        "Common"
      ],
      "count": {
        "Common": 1
      }
    },
    {
      "card_name": "H - Heated Heart",
      "set_number": "EOJ-EN038",
      "rarities": [
        "Common"
      ],
      "count": {
        "Common": 1
      }
    },
    {
      "card_name": "E - Emergency Call",
      "set_number": "EOJ-EN039",
      "rarities": [
        "Common"
      ],
      "count": {
        "Common": 1
      }
    },
    {
      "card_name": "R - Righteous Justice",
      "set_number": "EOJ-EN040",
      "rarities": [
        "Common"
      ],
      "count": {
        "Common": 1
      }
    },
    {
      "card_name": "O - Oversoul",
      "set_number": "EOJ-EN041",
      "rarities": [
        "Common"
      ],
      "count": {
        "Common": 1
      }
    },
    {
      "card_name": "Hero Flash!!",
      "set_number": "EOJ-EN042",
      "rarities": [
        "Ultimate Rare",
        "Rare"
      ],
      "count": {
        "Ultimate Rare": 1,
        "Rare": 1
      }
    },
    {
      "card_name": "Power Capsule",
      "set_number": "EOJ-EN043",
      "rarities": [
        "Common"
      ],
      "count": {
        "Common": 1
      }
    },
    {
      "card_name": "Celestial Transformation",
      "set_number": "EOJ-EN044",
      "rarities": [
        "Common"
      ],
      "count": {
        "Common": 1
      }
    },
    {
      "card_name": "Guard Penalty",
      "set_number": "EOJ-EN045",
      "rarities": [
        "Ultimate Rare",
        "Rare"
      ],
      "count": {
        "Ultimate Rare": 1,
        "Rare": 1
      }
    },
    {
      "card_name": "Grand Convergence",
      "set_number": "EOJ-EN046",
      "rarities": [
        "Common"
      ],
      "count": {
        "Common": 1
      }
    },
    {
      "card_name": "Dimensional Fissure",
      "set_number": "EOJ-EN047",
      "rarities": [
        "Common"
      ],
      "count": {
        "Common": 1
      }
    },
    {
      "card_name": "Clock Tower Prison",
      "set_number": "EOJ-EN048",
      "rarities": [
        "Ultimate Rare",
        "Super Rare"
      ],
      "count": {
        "Ultimate Rare": 1,
        "Super Rare": 1
      }
    },
    {
      "card_name": "Life Equalizer",
      "set_number": "EOJ-EN049",
      "rarities": [
        "Ultimate Rare",
        "Rare"
      ],
      "count": {
        "Ultimate Rare": 1,
        "Rare": 1
      }
    },
    {
      "card_name": "Elemental Recharge",
      "set_number": "EOJ-EN050",
      "rarities": [
        "Common"
      ],
      "count": {
        "Common": 1
      }
    },
    {
      "card_name": "Destruction of Destiny",
      "set_number": "EOJ-EN051",
      "rarities": [
        "Ultimate Rare",
        "Rare"
      ],
      "count": {
        "Ultimate Rare": 1,
        "Rare": 1
      }
    },
    {
      "card_name": "Destiny Signal",
      "set_number": "EOJ-EN052",
      "rarities": [
        "Common"
      ],
      "count": {
        "Common": 1
      }
    },
    {
      "card_name": "D - Time",
      "set_number": "EOJ-EN053",
      "rarities": [
        "Ultimate Rare",
        "Rare"
      ],
      "count": {
        "Ultimate Rare": 1,
        "Rare": 1
      }
    },
    {
      "card_name": "D - Shield",
      "set_number": "EOJ-EN054",
      "rarities": [
        "Common"
      ],
      "count": {
        "Common": 1
      }
    },
    {
      "card_name": "Icarus Attack",
      "set_number": "EOJ-EN055",
      "rarities": [
        "Common"
      ],
      "count": {
        "Common": 1
      }
    },
    {
      "card_name": "Elemental Absorber",
      "set_number": "EOJ-EN056",
      "rarities": [
        "Ultimate Rare",
        "Rare"
      ],
      "count": {
        "Ultimate Rare": 1,
        "Rare": 1
      }
    },
    {
      "card_name": "Macro Cosmos",
      "set_number": "EOJ-EN057",
      "rarities": [
        "Common"
      ],
      "count": {
        "Common": 1
      }
    },
    {
      "card_name": "Miraculous Descent",
      "set_number": "EOJ-EN058",
      "rarities": [
        "Ultimate Rare",
        "Rare"
      ],
      "count": {
        "Ultimate Rare": 1,
        "Rare": 1
      }
    },
    {
      "card_name": "Shattered Axe",
      "set_number": "EOJ-EN059",
      "rarities": [
        "Common"
      ],
      "count": {
        "Common": 1
      }
    },
    {
      "card_name": "Forced Back",
      "set_number": "EOJ-EN060",
      "rarities": [
        "Ultimate Rare",
        "Rare"
      ],
      "count": {
        "Ultimate Rare": 1,
        "Rare": 1
      }
    }
  ]
}