{
  "name": "Exclusive Pack",
  "type": "Booster Pack",
  "date": "2004-08-01",
  "distribution": "booster_pack",
  "prefix": "EP1",
  "sub_sets": [],
  "load": true,
  "cards": [
    {
      "card_name": "Theinen the Great Sphinx",
      "set_number": "EP1-EN001",
      "rarities": [
        "Ultra Rare"
      ],
      "count": {
        "Ultra Rare": 1
      }
    },
    {
      "card_name": "Andro Sphinx",
      "set_number": "EP1-EN002",
      "rarities": [
        "Ultra Rare"
      ],
      "count": {
        "Ultra Rare": 1
      }
    },
    {
      "card_name": "Sphinx Teleia",
      "set_number": "EP1-EN003",
      "rarities": [
        "Ultra Rare"
      ],
      "count": {
        "Ultra Rare": 1
      }
    },
    {
      "card_name": "Rare Metal Dragon",
      "set_number": "EP1-EN004",
      "rarities": [
        "Common"
      ],
      "count": {
        "Common": 1
      }
    },
    {
      "card_name": "Peten the Dark Clown",
      "set_number": "EP1-EN005",
      "rarities": [
        "Common"
      ],
      "count": {
        "Common": 1
      }
    },
    {
      "card_name": "Familiar Knight",
      "set_number": "EP1-EN006",
      "rarities": [
        "Common"
      ],
      "count": {
        "Common": 1
      }
    },
    {
      "card_name": "Inferno Tempest",
      "set_number": "EP1-EN007",
      "rarities": [
        "Common"
      ],
      "count": {
        "Common": 1
      }
    },
    {
      "card_name": "Return from the Different Dimension",
      "set_number": "EP1-EN008",
      "rarities": [
        "Common"
      ],
      "count": {
        "Common": 1
      }
    }
  ]
}