{
  "name": "Extreme Victory",
  "type": "Booster Pack",
  "date": "2011-02-11",
  "distribution": "booster_pack",
  "prefix": "EXVC",
  "sub_sets": [],
  "load": true,
  "cards": [
    {
      "card_name": "Reborn Tengu",
      "set_number": "EXVC-EN000",
      "rarities": [
        "Super Rare"
      ],
      "count": {
        "Super Rare": 1
      }
    },
    {
      "card_name": "Junk Servant",
      "set_number": "EXVC-EN001",
      "rarities": [
        "Rare"
      ],
      "count": {
        "Rare": 1
      }
    },
    {
      "card_name": "Unknown Synchron",
      "set_number": "EXVC-EN002",
      "rarities": [
        "Common"
      ],
      "count": {
        "Common": 1
      }
    },
    {
      "card_name": "Salvage Warrior",
      "set_number": "EXVC-EN003",
      "rarities": [
        "Rare"
      ],
      "count": {
        "Rare": 1
      }
    },
    {
      "card_name": "Necro Defender",
      "set_number": "EXVC-EN004",
      "rarities": [
        "Rare"
      ],
      "count": {
        "Rare": 1
      }
    },
    {
      "card_name": "Mystic Piper",
      "set_number": "EXVC-EN005",
      "rarities": [
        "Secret Rare"
      ],
      "count": {
        "Secret Rare": 1
      }
    },
    {
      "card_name": "Force Resonator",
      "set_number": "EXVC-EN006",
      "rarities": [
        "Common"
      ],
      "count": {
        "Common": 1
      }
    },
    {
      "card_name": "Clock Resonator",
      "set_number": "EXVC-EN007",
      "rarities": [
        "Common"
      ],
      "count": {
        "Common": 1
      }
    },
    {
      "card_name": "Blackwing - Hillen the Tengu-wind",
      "set_number": "EXVC-EN008",
      "rarities": [
        "Super Rare"
      ],
      "count": {
        "Super Rare": 1
      }
    },
    {
      "card_name": "Blackwing - Kogarashi the Wanderer",
      "set_number": "EXVC-EN009",
      "rarities": [
        "Ultra Rare",
        "Ultimate Rare"
      ],
      "count": {
        "Ultra Rare": 1,
        "Ultimate Rare": 1
      }
    },
    {
      "card_name": "Morphtronic Lantron",
      "set_number": "EXVC-EN010",
      "rarities": [
        "Common"
      ],
      "count": {
        "Common": 1
      }
    },
    {
      "card_name": "Morphtronic Staplen",
      "set_number": "EXVC-EN011",
      "rarities": [
        "Common"
      ],
      "count": {
        "Common": 1
      }
    },
    {
      "card_name": "Meklord Army of Wisel",
      "set_number": "EXVC-EN012",
      "rarities": [
        "Common"
      ],
      "count": {
        "Common": 1
      }
    },
    {
      "card_name": "Meklord Army of Skiel",
      "set_number": "EXVC-EN013",
      "rarities": [
        "Common"
      ],
      "count": {
        "Common": 1
      }
    },
    {
      "card_name": "Meklord Army of Granel",
      "set_number": "EXVC-EN014",
      "rarities": [
        "Rare"
      ],
      "count": {
        "Rare": 1
      }
    },
    {
      "card_name": "Meklord Astro Dragon Asterisk",
      "set_number": "EXVC-EN015",
      "rarities": [
        "Super Rare"
      ],
      "count": {
        "Super Rare": 1
      }
    },
    {
      "card_name": "T.G. Cyber Magician",
      "set_number": "EXVC-EN016",
      "rarities": [
        "Super Rare"
      ],
      "count": {
        "Super Rare": 1
      }
    },
    {
      "card_name": "T.G. Striker",
      "set_number": "EXVC-EN017",
      "rarities": [
        "Rare"
      ],
      "count": {
        "Rare": 1
      }
    },
    {
      "card_name": "T.G. Jet Falcon",
      "set_number": "EXVC-EN018",
      "rarities": [
        "Common"
      ],
      "count": {
        "Common": 1
      }
    },
    {
      "card_name": "T.G. Catapult Dragon",
      "set_number": "EXVC-EN019",
      "rarities": [
        "Common"
      ],
      "count": {
        "Common": 1
      }
    },
    {
      "card_name": "T.G. Warwolf",
      "set_number": "EXVC-EN020",
      "rarities": [
        "Common"
      ],
      "count": {
        "Common": 1
      }
    },
    {
      "card_name": "T.G. Rush Rhino",
      "set_number": "EXVC-EN021",
      "rarities": [
        "Rare"
      ],
      "count": {
        "Rare": 1
      }
    },
    {
      "card_name": "Buster Blaster",
      "set_number": "EXVC-EN022",
      "rarities": [
        "Rare"
      ],
      "count": {
        "Rare": 1
      }
    },
    {
      "card_name": "Esper Girl",
      "set_number": "EXVC-EN023",
      "rarities": [
        "Common"
      ],
      "count": {
        "Common": 1
      }
    },
    {
      "card_name": "Mental Seeker",
      "set_number": "EXVC-EN024",
      "rarities": [
        "Common"
      ],
      "count": {
        "Common": 1
      }
    },
    {
      "card_name": "Silent Psychic Wizard",
      "set_number": "EXVC-EN025",
      "rarities": [
        "Super Rare"
      ],
      "count": {
        "Super Rare": 1
      }
    },
    {
      "card_name": "Serene Psychic Witch",
      "set_number": "EXVC-EN026",
      "rarities": [
        "Common"
      ],
      "count": {
        "Common": 1
      }
    },
    {
      "card_name": "Hushed Psychic Cleric",
      "set_number": "EXVC-EN027",
      "rarities": [
        "Rare"
      ],
      "count": {
        "Rare": 1
      }
    },
    {
      "card_name": "Elder of the Six Samurai",
      "set_number": "EXVC-EN028",
      "rarities": [
        "Common"
      ],
      "count": {
        "Common": 1
      }
    },
    {
      "card_name": "Shien's Advisor",
      "set_number": "EXVC-EN029",
      "rarities": [
        "Super Rare"
      ],
      "count": {
        "Super Rare": 1
      }
    },
    {
      "card_name": "Karakuri Komachi mdl 224 \"Ninishi\"",
      "set_number": "EXVC-EN030",
      "rarities": [
        "Common"
      ],
      "count": {
        "Common": 1
      }
    },
    {
      "card_name": "Karakuri Ninja mdl 7749 \"Nanashick\"",
      "set_number": "EXVC-EN031",
      "rarities": [
        "Common"
      ],
      "count": {
        "Common": 1
      }
    },
    {
      "card_name": "Scrap Kong",
      "set_number": "EXVC-EN032",
      "rarities": [
        "Common"
      ],
      "count": {
        "Common": 1
      }
    },
    {
      "card_name": "Tradetoad",
      "set_number": "EXVC-EN033",
      "rarities": [
        "Rare"
      ],
      "count": {
        "Rare": 1
      }
    },
    {
      "card_name": "Gladiator Beast Tygerius",
      "set_number": "EXVC-EN034",
      "rarities": [
        "Common"
      ],
      "count": {
        "Common": 1
      }
    },
    {
      "card_name": "Jar Turtle",
      "set_number": "EXVC-EN035",
      "rarities": [
        "Short Print"
      ],
      "count": {
        "Short Print": 1
      }
    },
    {
      "card_name": "Aurora Paragon",
      "set_number": "EXVC-EN036",
      "rarities": [
        "Short Print"
      ],
      "count": {
        "Short Print": 1
      }
    },
    {
      "card_name": "Junk Berserker",
      "set_number": "EXVC-EN037",
      "rarities": [
        "Ghost Rare",
        "Ultimate Rare",
        "Ultra Rare"
      ],
      "count": {
        "Ghost Rare": 1,
        "Ultimate Rare": 1,
        "Ultra Rare": 1
      }
    },
    {
      "card_name": "Life Stream Dragon",
      "set_number": "EXVC-EN038",
      "rarities": [
        "Ultimate Rare",
        "Ultra Rare"
      ],
      "count": {
        "Ultimate Rare": 1,
        "Ultra Rare": 1
      }
    },
    {
      "card_name": "T.G. Recipro Dragonfly",
      "set_number": "EXVC-EN039",
      "rarities": [
        "Rare"
      ],
      "count": {
        "Rare": 1
      }
    },
    {
      "card_name": "T.G. Wonder Magician",
      "set_number": "EXVC-EN040",
      "rarities": [
        "Ultra Rare",
        "Ultimate Rare"
      ],
      "count": {
        "Ultra Rare": 1,
        "Ultimate Rare": 1
      }
    },
    {
      "card_name": "T.G. Power Gladiator",
      "set_number": "EXVC-EN041",
      "rarities": [
        "Super Rare"
      ],
      "count": {
        "Super Rare": 1
      }
    },
    {
      "card_name": "T.G. Blade Blaster",
      "set_number": "EXVC-EN042",
      "rarities": [
        "Ultimate Rare",
        "Ultra Rare"
      ],
      "count": {
        "Ultimate Rare": 1,
        "Ultra Rare": 1
      }
    },
    {
      "card_name": "T.G. Halberd Cannon",
      "set_number": "EXVC-EN043",
      "rarities": [
        "Ultimate Rare",
        "Ultra Rare"
      ],
      "count": {
        "Ultimate Rare": 1,
        "Ultra Rare": 1
      }
    },
    {
      "card_name": "Overmind Archfiend",
      "set_number": "EXVC-EN044",
      "rarities": [
        "Ultimate Rare",
        "Ultra Rare"
      ],
      "count": {
        "Ultimate Rare": 1,
        "Ultra Rare": 1
      }
    },
    {
      "card_name": "Scarlet Security",
      "set_number": "EXVC-EN045",
      "rarities": [
        "Common"
      ],
      "count": {
        "Common": 1
      }
    },
    {
      "card_name": "Red Dragon Vase",
      "set_number": "EXVC-EN046",
      "rarities": [
        "Common"
      ],
      "count": {
        "Common": 1
      }
    },
    {
      "card_name": "Resonator Call",
      "set_number": "EXVC-EN047",
      "rarities": [
        "Rare"
      ],
      "count": {
        "Rare": 1
      }
    },
    {
      "card_name": "Resonant Destruction",
      "set_number": "EXVC-EN048",
      "rarities": [
        "Common"
      ],
      "count": {
        "Common": 1
      }
    },
    {
      "card_name": "Fortissimo the Mobile Fortress",
      "set_number": "EXVC-EN049",
      "rarities": [
        "Common"
      ],
      "count": {
        "Common": 1
      }
    },
    {
      "card_name": "Boon of the Meklord Emperor",
      "set_number": "EXVC-EN050",
      "rarities": [
        "Common"
      ],
      "count": {
        "Common": 1
      }
    },
    {
      "card_name": "The Resolute Meklord Army",
      "set_number": "EXVC-EN051",
      "rarities": [
        "Common"
      ],
      "count": {
        "Common": 1
      }
    },
    {
      "card_name": "Reboot",
      "set_number": "EXVC-EN052",
      "rarities": [
        "Common"
      ],
      "count": {
        "Common": 1
      }
    },
    {
      "card_name": "TGX1-HL",
      "set_number": "EXVC-EN053",
      "rarities": [
        "Common"
      ],
      "count": {
        "Common": 1
      }
    },
    {
      "card_name": "TGX300",
      "set_number": "EXVC-EN054",
      "rarities": [
        "Common"
      ],
      "count": {
        "Common": 1
      }
    },
    {
      "card_name": "ESP Amplifier",
      "set_number": "EXVC-EN055",
      "rarities": [
        "Common"
      ],
      "count": {
        "Common": 1
      }
    },
    {
      "card_name": "Psychic Feel Zone",
      "set_number": "EXVC-EN056",
      "rarities": [
        "Rare"
      ],
      "count": {
        "Rare": 1
      }
    },
    {
      "card_name": "Shien's Dojo",
      "set_number": "EXVC-EN057",
      "rarities": [
        "Super Rare"
      ],
      "count": {
        "Super Rare": 1
      }
    },
    {
      "card_name": "Runaway Karakuri",
      "set_number": "EXVC-EN058",
      "rarities": [
        "Common"
      ],
      "count": {
        "Common": 1
      }
    },
    {
      "card_name": "Contact with the Aquamirror",
      "set_number": "EXVC-EN059",
      "rarities": [
        "Common"
      ],
      "count": {
        "Common": 1
      }
    },
    {
      "card_name": "Soundproofed",
      "set_number": "EXVC-EN060",
      "rarities": [
        "Rare"
      ],
      "count": {
        "Rare": 1
      }
    },
    {
      "card_name": "Out of the Blue",
      "set_number": "EXVC-EN061",
      "rarities": [
        "Common"
      ],
      "count": {
        "Common": 1
      }
    },
    {
      "card_name": "Self-Mummification",
      "set_number": "EXVC-EN062",
      "rarities": [
        "Short Print"
      ],
      "count": {
        "Short Print": 1
      }
    },
    {
      "card_name": "Red Carpet",
      "set_number": "EXVC-EN063",
      "rarities": [
        "Common"
      ],
      "count": {
        "Common": 1
      }
    },
    {
      "card_name": "Power-Up Adapter",
      "set_number": "EXVC-EN064",
      "rarities": [
        "Common"
      ],
      "count": {
        "Common": 1
      }
    },
    {
      "card_name": "Chaos Infinity",
      "set_number": "EXVC-EN065",
      "rarities": [
        "Rare"
      ],
      "count": {
        "Rare": 1
      }
    },
    {
      "card_name": "Mektimed Blast",
      "set_number": "EXVC-EN066",
      "rarities": [
        "Common"
      ],
      "count": {
        "Common": 1
      }
    },
    {
      "card_name": "Meklord Factory",
      "set_number": "EXVC-EN067",
      "rarities": [
        "Common"
      ],
      "count": {
        "Common": 1
      }
    },
    {
      "card_name": "TGX3-DX2",
      "set_number": "EXVC-EN068",
      "rarities": [
        "Rare"
      ],
      "count": {
        "Rare": 1
      }
    },
    {
      "card_name": "TG-SX1",
      "set_number": "EXVC-EN069",
      "rarities": [
        "Common"
      ],
      "count": {
        "Common": 1
      }
    },
    {
      "card_name": "TG1-EM1",
      "set_number": "EXVC-EN070",
      "rarities": [
        "Common"
      ],
      "count": {
        "Common": 1
      }
    },
    {
      "card_name": "Psychic Reactor",
      "set_number": "EXVC-EN071",
      "rarities": [
        "Common"
      ],
      "count": {
        "Common": 1
      }
    },
    {
      "card_name": "Brain Hazard",
      "set_number": "EXVC-EN072",
      "rarities": [
        "Rare"
      ],
      "count": {
        "Rare": 1
      }
    },
    {
      "card_name": "Six Style - Dual Wield",
      "set_number": "EXVC-EN073",
      "rarities": [
        "Common"
      ],
      "count": {
        "Common": 1
      }
    },
    {
      "card_name": "Karakuri Cash Shed",
      "set_number": "EXVC-EN074",
      "rarities": [
        "Super Rare"
      ],
      "count": {
        "Super Rare": 1
      }
    },
    {
      "card_name": "Tyrant's Tantrum",
      "set_number": "EXVC-EN075",
      "rarities": [
        "Common"
      ],
      "count": {
        "Common": 1
      }
    },
    {
      "card_name": "Debunk",
      "set_number": "EXVC-EN076",
      "rarities": [
        "Super Rare"
      ],
      "count": {
        "Super Rare": 1
      }
    },
    {
      "card_name": "Sealing Ceremony of Mokuton",
      "set_number": "EXVC-EN077",
      "rarities": [
        "Common"
      ],
      "count": {
        "Common": 1
      }
    },
    {
      "card_name": "Safe Zone",
      "set_number": "EXVC-EN078",
      "rarities": [
        "Super Rare"
      ],
      "count": {
        "Super Rare": 1
      }
    },
    {
      "card_name": "Localized Tornado",
      "set_number": "EXVC-EN079",
      "rarities": [
        "Short Print"
      ],
      "count": {
        "Short Print": 1
      }
    },
    {
      "card_name": "W Nebula Meteorite",
      "set_number": "EXVC-EN080",
      "rarities": [
        "Common"
      ],
      "count": {
        "Common": 1
      }
    },
    {
      "card_name": "Vampire Dragon",
      "set_number": "EXVC-EN081",
      "rarities": [
        "Secret Rare"
      ],
      "count": {
        "Secret Rare": 1
      }
    },
    {
      "card_name": "Dodger Dragon",
      "set_number": "EXVC-EN082",
      "rarities": [
        "Super Rare"
      ],
      "count": {
        "Super Rare": 1
      }
    },
    {
      "card_name": "Mara of the Nordic Alfar",
      "set_number": "EXVC-EN083",
      "rarities": [
        "Ultra Rare",
        "Ultimate Rare"
      ],
      "count": {
        "Ultra Rare": 1,
        "Ultimate Rare": 1
      }
    },
    {
      "card_name": "Tour Guide From the Underworld",
      "set_number": "EXVC-EN084",
      "rarities": [
        "Secret Rare"
      ],
      "count": {
        "Secret Rare": 1
      }
    },
    {
      "card_name": "Psi-Beast",
      "set_number": "EXVC-EN085",
      "rarities": [
        "Rare"
      ],
      "count": {
        "Rare": 1
      }
    },
    {
      "card_name": "Gladiator Beast Essedarii",
      "set_number": "EXVC-EN086",
      "rarities": [
        "Ultra Rare",
        "Ultimate Rare"
      ],
      "count": {
        "Ultra Rare": 1,
        "Ultimate Rare": 1
      }
    },
    {
      "card_name": "Gladiator Taming",
      "set_number": "EXVC-EN087",
      "rarities": [
        "Secret Rare"
      ],
      "count": {
        "Secret Rare": 1
      }
    },
    {
      "card_name": "Full House",
      "set_number": "EXVC-EN088",
      "rarities": [
        "Rare"
      ],
      "count": {
        "Rare": 1
      }
    },
    {
      "card_name": "Psychic Shockwave",
      "set_number": "EXVC-EN089",
      "rarities": [
        "Secret Rare"
      ],
      "count": {
        "Secret Rare": 1
      }
    },
    {
      "card_name": "Axe Dragonute",
      "set_number": "EXVC-EN090",
      "rarities": [
        "Common"
      ],
      "count": {
        "Common": 1
      }
    },
    {
      "card_name": "Lancer Dragonute",
      "set_number": "EXVC-EN091",
      "rarities": [
        "Super Rare"
      ],
      "count": {
        "Super Rare": 1
      }
    },
    {
      "card_name": "Lancer Lindwurm",
      "set_number": "EXVC-EN092",
      "rarities": [
        "Common"
      ],
      "count": {
        "Common": 1
      }
    },
    {
      "card_name": "Elemental HERO Neos Knight",
      "set_number": "EXVC-EN093",
      "rarities": [
        "Ultra Rare",
        "Ultimate Rare"
      ],
      "count": {
        "Ultra Rare": 1,
        "Ultimate Rare": 1
      }
    },
    {
      "card_name": "Meklord Emperor Skiel",
      "set_number": "EXVC-EN094",
      "rarities": [
        "Secret Rare"
      ],
      "count": {
        "Secret Rare": 1
      }
    },
    {
      "card_name": "Meklord Fortress",
      "set_number": "EXVC-EN095",
      "rarities": [
        "Rare"
      ],
      "count": {
        "Rare": 1
      }
    },
    {
      "card_name": "Blackwing - Jin the Rain Shadow",
      "set_number": "EXVC-EN096",
      "rarities": [
        "Rare"
      ],
      "count": {
        "Rare": 1
      }
    },
    {
      "card_name": "Scrap Orthros",
      "set_number": "EXVC-EN097",
      "rarities": [
        "Secret Rare"
      ],
      "count": {
        "Secret Rare": 1
      }
    },
    {
      "card_name": "Naturia Eggplant",
      "set_number": "EXVC-EN098",
      "rarities": [
        "Super Rare"
      ],
      "count": {
        "Super Rare": 1
      }
    },
    {
      "card_name": "Blue Rose Dragon",
      "set_number": "EXVC-EN099",
      "rarities": [
        "Secret Rare"
      ],
      "count": {
        "Secret Rare": 1
      }
    }
  ]
}
