{
  "name": "Flames of Destruction",
  "type": "Booster Pack",
  "date": "2018-01-13",
  "distribution": "booster_pack",
  "prefix": "FLOD",
  "sub_sets": [],
  "load": true,
  "cards": [
    {
      "card_name": "Protron",
      "set_number": "FLOD-EN001",
      "rarities": [
        "Common"
      ],
      "count": {
        "Common": 1
      }
    },
    {
      "card_name": "Prompthorn",
      "set_number": "FLOD-EN002",
      "rarities": [
        "Common"
      ],
      "count": {
        "Common": 1
      }
    },
    {
      "card_name": "Backup Operator",
      "set_number": "FLOD-EN003",
      "rarities": [
        "Rare"
      ],
      "count": {
        "Rare": 1
      }
    },
    {
      "card_name": "Link Streamer",
      "set_number": "FLOD-EN004",
      "rarities": [
        "Common"
      ],
      "count": {
        "Common": 1
      }
    },
    {
      "card_name": "Degrade Buster",
      "set_number": "FLOD-EN005",
      "rarities": [
        "Super Rare"
      ],
      "count": {
        "Super Rare": 1
      }
    },
    {
      "card_name": "Trickstar Nightshade",
      "set_number": "FLOD-EN006",
      "rarities": [
        "Common"
      ],
      "count": {
        "Common": 1
      }
    },
    {
      "card_name": "Trickstar Mandrake",
      "set_number": "FLOD-EN007",
      "rarities": [
        "Common"
      ],
      "count": {
        "Common": 1
      }
    },
    {
      "card_name": "Trickstar Rhodode",
      "set_number": "FLOD-EN008",
      "rarities": [
        "Super Rare"
      ],
      "count": {
        "Super Rare": 1
      }
    },
    {
      "card_name": "Gouki Octostretch",
      "set_number": "FLOD-EN009",
      "rarities": [
        "Common"
      ],
      "count": {
        "Common": 1
      }
    },
    {
      "card_name": "Gouki Bearhug",
      "set_number": "FLOD-EN010",
      "rarities": [
        "Common"
      ],
      "count": {
        "Common": 1
      }
    },
    {
      "card_name": "Defrag Dragon",
      "set_number": "FLOD-EN011",
      "rarities": [
        "Common"
      ],
      "count": {
        "Common": 1
      }
    },
    {
      "card_name": "Background Dragon",
      "set_number": "FLOD-EN012",
      "rarities": [
        "Common"
      ],
      "count": {
        "Common": 1
      }
    },
    {
      "card_name": "Tindangle Trinity",
      "set_number": "FLOD-EN013",
      "rarities": [
        "Common"
      ],
      "count": {
        "Common": 1
      }
    },
    {
      "card_name": "Altergeist Multifaker",
      "set_number": "FLOD-EN014",
      "rarities": [
        "Ultra Rare"
      ],
      "count": {
        "Ultra Rare": 1
      }
    },
    {
      "card_name": "Altergeist Pixiel",
      "set_number": "FLOD-EN015",
      "rarities": [
        "Common"
      ],
      "count": {
        "Common": 1
      }
    },
    {
      "card_name": "Mekk-Knight Avram",
      "set_number": "FLOD-EN016",
      "rarities": [
        "Common"
      ],
      "count": {
        "Common": 1
      }
    },
    {
      "card_name": "Knightmare Corruptor Iblee",
      "set_number": "FLOD-EN017",
      "rarities": [
        "Secret Rare"
      ],
      "count": {
        "Secret Rare": 1
      }
    },
    {
      "card_name": "World Legacy - \"World Lance\"",
      "set_number": "FLOD-EN018",
      "rarities": [
        "Rare"
      ],
      "count": {
        "Rare": 1
      }
    },
    {
      "card_name": "Elementsaber Aina",
      "set_number": "FLOD-EN019",
      "rarities": [
        "Common"
      ],
      "count": {
        "Common": 1
      }
    },
    {
      "card_name": "Elementsaber Makani",
      "set_number": "FLOD-EN020",
      "rarities": [
        "Ultra Rare"
      ],
      "count": {
        "Ultra Rare": 1
      }
    },
    {
      "card_name": "Elementsaber Nalu",
      "set_number": "FLOD-EN021",
      "rarities": [
        "Super Rare"
      ],
      "count": {
        "Super Rare": 1
      }
    },
    {
      "card_name": "Elementsaber Malo",
      "set_number": "FLOD-EN022",
      "rarities": [
        "Common"
      ],
      "count": {
        "Common": 1
      }
    },
    {
      "card_name": "Elementsaber Lapauila",
      "set_number": "FLOD-EN023",
      "rarities": [
        "Super Rare"
      ],
      "count": {
        "Super Rare": 1
      }
    },
    {
      "card_name": "Elementsaber Molehu",
      "set_number": "FLOD-EN024",
      "rarities": [
        "Ultra Rare"
      ],
      "count": {
        "Ultra Rare": 1
      }
    },
    {
      "card_name": "Elementsaber Lapauila Mana",
      "set_number": "FLOD-EN025",
      "rarities": [
        "Super Rare"
      ],
      "count": {
        "Super Rare": 1
      }
    },
    {
      "card_name": "Phosphorage the Elemental Lord",
      "set_number": "FLOD-EN026",
      "rarities": [
        "Super Rare"
      ],
      "count": {
        "Super Rare": 1
      }
    },
    {
      "card_name": "Batteryman Solar ",
      "set_number": "FLOD-EN027",
      "rarities": [
        "Common"
      ],
      "count": {
        "Common": 1
      }
    },
    {
      "card_name": "Watch Cat",
      "set_number": "FLOD-EN028",
      "rarities": [
        "Common"
      ],
      "count": {
        "Common": 1
      }
    },
    {
      "card_name": "Trancefamiliar",
      "set_number": "FLOD-EN029",
      "rarities": [
        "Common"
      ],
      "count": {
        "Common": 1
      }
    },
    {
      "card_name": "Three Trolling Trolls",
      "set_number": "FLOD-EN030",
      "rarities": [
        "Common"
      ],
      "count": {
        "Common": 1
      }
    },
    {
      "card_name": "Yajiro Invader",
      "set_number": "FLOD-EN031",
      "rarities": [
        "Common"
      ],
      "count": {
        "Common": 1
      }
    },
    {
      "card_name": "Iron Dragon Tiamaton",
      "set_number": "FLOD-EN032",
      "rarities": [
        "Ultra Rare"
      ],
      "count": {
        "Ultra Rare": 1
      }
    },
    {
      "card_name": "Ghost Belle & Haunted Mansion",
      "set_number": "FLOD-EN033",
      "rarities": [
        "Secret Rare"
      ],
      "count": {
        "Secret Rare": 1
      }
    },
    {
      "card_name": "Red Hared Hasty Horse",
      "set_number": "FLOD-EN034",
      "rarities": [
        "Short Print"
      ],
      "count": {
        "Short Print": 1
      }
    },
    {
      "card_name": "Boycotton",
      "set_number": "FLOD-EN035",
      "rarities": [
        "Short Print"
      ],
      "count": {
        "Short Print": 1
      }
    },
    {
      "card_name": "Topologic Trisbaena",
      "set_number": "FLOD-EN036",
      "rarities": [
        "Secret Rare"
      ],
      "count": {
        "Secret Rare": 1
      }
    },
    {
      "card_name": "Space Insulator",
      "set_number": "FLOD-EN037",
      "rarities": [
        "Common"
      ],
      "count": {
        "Common": 1
      }
    },
    {
      "card_name": "Trickstar Bella Madonna",
      "set_number": "FLOD-EN038",
      "rarities": [
        "Ultra Rare"
      ],
      "count": {
        "Ultra Rare": 1
      }
    },
    {
      "card_name": "Trickstar Bloom",
      "set_number": "FLOD-EN039",
      "rarities": [
        "Common"
      ],
      "count": {
        "Common": 1
      }
    },
    {
      "card_name": "Trickstar Delfiendium",
      "set_number": "FLOD-EN040",
      "rarities": [
        "Rare"
      ],
      "count": {
        "Rare": 1
      }
    },
    {
      "card_name": "Gouki The Master Ogre",
      "set_number": "FLOD-EN041",
      "rarities": [
        "Super Rare"
      ],
      "count": {
        "Super Rare": 1
      }
    },
    {
      "card_name": "Altergeist Kidolga",
      "set_number": "FLOD-EN042",
      "rarities": [
        "Common"
      ],
      "count": {
        "Common": 1
      }
    },
    {
      "card_name": "Knightmare Mermaid",
      "set_number": "FLOD-EN043",
      "rarities": [
        "Rare"
      ],
      "count": {
        "Rare": 1
      }
    },
    {
      "card_name": "Knightmare Goblin",
      "set_number": "FLOD-EN044",
      "rarities": [
        "Ultra Rare"
      ],
      "count": {
        "Ultra Rare": 1
      }
    },
    {
      "card_name": "Knightmare Cerberus",
      "set_number": "FLOD-EN045",
      "rarities": [
        "Super Rare"
      ],
      "count": {
        "Super Rare": 1
      }
    },
    {
      "card_name": "Knightmare Phoenix",
      "set_number": "FLOD-EN046",
      "rarities": [
        "Super Rare"
      ],
      "count": {
        "Super Rare": 1
      }
    },
    {
      "card_name": "Knightmare Unicorn",
      "set_number": "FLOD-EN047",
      "rarities": [
        "Secret Rare"
      ],
      "count": {
        "Secret Rare": 1
      }
    },
    {
      "card_name": "Knightmare Gryphon",
      "set_number": "FLOD-EN048",
      "rarities": [
        "Secret Rare"
      ],
      "count": {
        "Secret Rare": 1
      }
    },
    {
      "card_name": "Wind-Up Zenmaintenance",
      "set_number": "FLOD-EN049",
      "rarities": [
        "Super Rare"
      ],
      "count": {
        "Super Rare": 1
      }
    },
    {
      "card_name": "Vampire Sucker",
      "set_number": "FLOD-EN050",
      "rarities": [
        "Secret Rare"
      ],
      "count": {
        "Secret Rare": 1
      }
    },
    {
      "card_name": "Fire Fighting Daruma Doll",
      "set_number": "FLOD-EN051",
      "rarities": [
        "Rare"
      ],
      "count": {
        "Rare": 1
      }
    },
    {
      "card_name": "Greatfly",
      "set_number": "FLOD-EN052",
      "rarities": [
        "Rare"
      ],
      "count": {
        "Rare": 1
      }
    },
    {
      "card_name": "Cybersal Cyclone",
      "set_number": "FLOD-EN053",
      "rarities": [
        "Common"
      ],
      "count": {
        "Common": 1
      }
    },
    {
      "card_name": "Trickstar Light Arena",
      "set_number": "FLOD-EN054",
      "rarities": [
        "Rare"
      ],
      "count": {
        "Rare": 1
      }
    },
    {
      "card_name": "Trickstar Bouquet",
      "set_number": "FLOD-EN055",
      "rarities": [
        "Rare"
      ],
      "count": {
        "Rare": 1
      }
    },
    {
      "card_name": "Gouki Face Turn",
      "set_number": "FLOD-EN056",
      "rarities": [
        "Rare"
      ],
      "count": {
        "Rare": 1
      }
    },
    {
      "card_name": "World Legacy's Corruption",
      "set_number": "FLOD-EN057",
      "rarities": [
        "Common"
      ],
      "count": {
        "Common": 1
      }
    },
    {
      "card_name": "World Legacy Succession",
      "set_number": "FLOD-EN058",
      "rarities": [
        "Ultra Rare"
      ],
      "count": {
        "Ultra Rare": 1
      }
    },
    {
      "card_name": "World Legacy's Nightmare",
      "set_number": "FLOD-EN059",
      "rarities": [
        "Common"
      ],
      "count": {
        "Common": 1
      }
    },
    {
      "card_name": "Palace of the Elemental Lords",
      "set_number": "FLOD-EN060",
      "rarities": [
        "Ultra Rare"
      ],
      "count": {
        "Ultra Rare": 1
      }
    },
    {
      "card_name": "Restoration of the Monarchs",
      "set_number": "FLOD-EN061",
      "rarities": [
        "Common"
      ],
      "count": {
        "Common": 1
      }
    },
    {
      "card_name": "Sekka's Light",
      "set_number": "FLOD-EN062",
      "rarities": [
        "Rare"
      ],
      "count": {
        "Rare": 1
      }
    },
    {
      "card_name": "Link Bound",
      "set_number": "FLOD-EN063",
      "rarities": [
        "Super Rare"
      ],
      "count": {
        "Super Rare": 1
      }
    },
    {
      "card_name": "Staring Contest",
      "set_number": "FLOD-EN064",
      "rarities": [
        "Common"
      ],
      "count": {
        "Common": 1
      }
    },
    {
      "card_name": "Called by the Grave",
      "set_number": "FLOD-EN065",
      "rarities": [
        "Common"
      ],
      "count": {
        "Common": 1
      }
    },
    {
      "card_name": "Monster Reborn Reborn",
      "set_number": "FLOD-EN066",
      "rarities": [
        "Short Print"
      ],
      "count": {
        "Short Print": 1
      }
    },
    {
      "card_name": "Limit Code",
      "set_number": "FLOD-EN067",
      "rarities": [
        "Common"
      ],
      "count": {
        "Common": 1
      }
    },
    {
      "card_name": "Red Reboot",
      "set_number": "FLOD-EN068",
      "rarities": [
        "Super Rare"
      ],
      "count": {
        "Super Rare": 1
      }
    },
    {
      "card_name": "Gergonne's End",
      "set_number": "FLOD-EN069",
      "rarities": [
        "Common"
      ],
      "count": {
        "Common": 1
      }
    },
    {
      "card_name": "Altergeist Emulatelf",
      "set_number": "FLOD-EN070",
      "rarities": [
        "Common"
      ],
      "count": {
        "Common": 1
      }
    },
    {
      "card_name": "World Legacy Awakens",
      "set_number": "FLOD-EN071",
      "rarities": [
        "Rare"
      ],
      "count": {
        "Rare": 1
      }
    },
    {
      "card_name": "World Legacy Struggle",
      "set_number": "FLOD-EN072",
      "rarities": [
        "Rare"
      ],
      "count": {
        "Rare": 1
      }
    },
    {
      "card_name": "World Legacy's Sorrow",
      "set_number": "FLOD-EN073",
      "rarities": [
        "Super Rare"
      ],
      "count": {
        "Super Rare": 1
      }
    },
    {
      "card_name": "Elemental Training",
      "set_number": "FLOD-EN074",
      "rarities": [
        "Ultra Rare"
      ],
      "count": {
        "Ultra Rare": 1
      }
    },
    {
      "card_name": "The Sanctified Darklord",
      "set_number": "FLOD-EN075",
      "rarities": [
        "Rare"
      ],
      "count": {
        "Rare": 1
      }
    },
    {
      "card_name": "Network Trap Hole",
      "set_number": "FLOD-EN076",
      "rarities": [
        "Ultra Rare"
      ],
      "count": {
        "Ultra Rare": 1
      }
    },
    {
      "card_name": "Infinite Impermanence",
      "set_number": "FLOD-EN077",
      "rarities": [
        "Secret Rare"
      ],
      "count": {
        "Secret Rare": 1
      }
    },
    {
      "card_name": "Heartless Drop Off",
      "set_number": "FLOD-EN078",
      "rarities": [
        "Rare"
      ],
      "count": {
        "Rare": 1
      }
    },
    {
      "card_name": "Mamemaki",
      "set_number": "FLOD-EN079",
      "rarities": [
        "Short Print"
      ],
      "count": {
        "Short Print": 1
      }
    },
    {
      "card_name": "Waking the Dragon",
      "set_number": "FLOD-EN080",
      "rarities": [
        "Short Print"
      ],
      "count": {
        "Short Print": 1
      }
    },
    {
      "card_name": "Super Team Buddy Force Unite!",
      "set_number": "FLOD-EN081",
      "rarities": [
        "Secret Rare"
      ],
      "count": {
        "Secret Rare": 1
      }
    },
    {
      "card_name": "Revendread Executor",
      "set_number": "FLOD-EN082",
      "rarities": [
        "Rare"
      ],
      "count": {
        "Rare": 1
      }
    },
    {
      "card_name": "Vendread Anima",
      "set_number": "FLOD-EN083",
      "rarities": [
        "Rare"
      ],
      "count": {
        "Rare": 1
      }
    },
    {
      "card_name": "Revendread Evolution",
      "set_number": "FLOD-EN084",
      "rarities": [
        "Common"
      ],
      "count": {
        "Common": 1
      }
    },
    {
      "card_name": "Vendread Nightmare",
      "set_number": "FLOD-EN085",
      "rarities": [
        "Common"
      ],
      "count": {
        "Common": 1
      }
    },
    {
      "card_name": "Vendread Daybreak",
      "set_number": "FLOD-EN086",
      "rarities": [
        "Common"
      ],
      "count": {
        "Common": 1
      }
    },
    {
      "card_name": "F.A. Dark Dragster",
      "set_number": "FLOD-EN087",
      "rarities": [
        "Rare"
      ],
      "count": {
        "Rare": 1
      }
    },
    {
      "card_name": "F.A. Dawn Dragster",
      "set_number": "FLOD-EN088",
      "rarities": [
        "Rare"
      ],
      "count": {
        "Rare": 1
      }
    },
    {
      "card_name": "F.A. Winners",
      "set_number": "FLOD-EN089",
      "rarities": [
        "Rare"
      ],
      "count": {
        "Rare": 1
      }
    },
    {
      "card_name": "F.A. Dead Heat",
      "set_number": "FLOD-EN090",
      "rarities": [
        "Common"
      ],
      "count": {
        "Common": 1
      }
    },
    {
      "card_name": "F.A. Overheat",
      "set_number": "FLOD-EN091",
      "rarities": [
        "Rare"
      ],
      "count": {
        "Rare": 1
      }
    },
    {
      "card_name": "Crystal Master",
      "set_number": "FLOD-EN092",
      "rarities": [
        "Common"
      ],
      "count": {
        "Common": 1
      }
    },
    {
      "card_name": "Crystal Keeper",
      "set_number": "FLOD-EN093",
      "rarities": [
        "Common"
      ],
      "count": {
        "Common": 1
      }
    },
    {
      "card_name": "Flower Cardian Moonflowerviewing",
      "set_number": "FLOD-EN094",
      "rarities": [
        "Common"
      ],
      "count": {
        "Common": 1
      }
    },
    {
      "card_name": "Shaddoll Construct",
      "set_number": "FLOD-EN095",
      "rarities": [
        "Common"
      ],
      "count": {
        "Common": 1
      }
    },
    {
      "card_name": "Inzektor Picofalena",
      "set_number": "FLOD-EN096",
      "rarities": [
        "Common"
      ],
      "count": {
        "Common": 1
      }
    },
    {
      "card_name": "Madolche Fresh Sistart",
      "set_number": "FLOD-EN097",
      "rarities": [
        "Common"
      ],
      "count": {
        "Common": 1
      }
    },
    {
      "card_name": "Rainbow Refraction",
      "set_number": "FLOD-EN098",
      "rarities": [
        "Super Rare"
      ],
      "count": {
        "Super Rare": 1
      }
    },
    {
      "card_name": "Crystal Conclave",
      "set_number": "FLOD-EN099",
      "rarities": [
        "Common"
      ],
      "count": {
        "Common": 1
      }
    }
  ]
}
