{
  "name": "Force of the Breaker: Special Edition",
  "type": "Special Edition Promo Cards",
  "date": "2007-06-12",
  "distribution": "special_edition_promo_cards",
  "prefix": "FOTB",
  "sub_sets": [],
  "load": true,
  "cards": [
    {
      "card_name": "Phantom Beast Rock-Lizard",
      "set_number": "FOTB-ENSE1",
      "rarities": [
        "Super Rare"
      ],
      "count": {
        "Super Rare": 1
      }
    },
    {
      "card_name": "Winged Rhynos",
      "set_number": "FOTB-ENSE2",
      "rarities": [
        "Super Rare"
      ],
      "count": {
        "Super Rare": 1
      }
    }
  ]
}
