{
  "name": "Generation Force: Special Edition",
  "type": "Special Edition Promo Cards",
  "date": "2011-09-15",
  "distribution": "special_edition_promo_cards",
  "prefix": "GENF",
  "sub_sets": [],
  "load": true,
  "cards": [
    {
      "card_name": "Elemental HERO Absolute Zero",
      "set_number": "GENF-ENSE1",
      "rarities": [
        "Super Rare"
      ],
      "count": {
        "Super Rare": 1
      }
    },
    {
      "card_name": "Spore",
      "set_number": "GENF-ENSE2",
      "rarities": [
        "Super Rare"
      ],
      "count": {
        "Super Rare": 1
      }
    }
  ]
}
