{
  "name": "Gladiator's Assault",
  "type": "Booster Pack",
  "date": "2007-07-21",
  "distribution": "booster_pack",
  "prefix": "GLAS",
  "sub_sets": [],
  "load": true,
  "cards": [
    {
      "card_name": "Gladiator Beast Octavius",
      "set_number": "GLAS-EN000",
      "rarities": [
        "Secret Rare"
      ],
      "count": {
        "Secret Rare": 1
      }
    },
    {
      "card_name": "Chamberlain of the Six Samurai",
      "set_number": "GLAS-EN001",
      "rarities": [
        "Common"
      ],
      "count": {
        "Common": 1
      }
    },
    {
      "card_name": "Cloudian - Smoke Ball",
      "set_number": "GLAS-EN002",
      "rarities": [
        "Common"
      ],
      "count": {
        "Common": 1
      }
    },
    {
      "card_name": "Evil HERO Malicious Edge",
      "set_number": "GLAS-EN003",
      "rarities": [
        "Super Rare",
        "Ultimate Rare"
      ],
      "count": {
        "Super Rare": 1,
        "Ultimate Rare": 1
      }
    },
    {
      "card_name": "Evil HERO Infernal Gainer",
      "set_number": "GLAS-EN004",
      "rarities": [
        "Rare"
      ],
      "count": {
        "Rare": 1
      }
    },
    {
      "card_name": "Cloudian - Eye of the Typhoon",
      "set_number": "GLAS-EN005",
      "rarities": [
        "Ultimate Rare",
        "Super Rare"
      ],
      "count": {
        "Ultimate Rare": 1,
        "Super Rare": 1
      }
    },
    {
      "card_name": "Cloudian - Ghost Fog",
      "set_number": "GLAS-EN006",
      "rarities": [
        "Common"
      ],
      "count": {
        "Common": 1
      }
    },
    {
      "card_name": "Cloudian - Nimbusman",
      "set_number": "GLAS-EN007",
      "rarities": [
        "Common"
      ],
      "count": {
        "Common": 1
      }
    },
    {
      "card_name": "Cloudian - Sheep Cloud",
      "set_number": "GLAS-EN008",
      "rarities": [
        "Super Rare",
        "Ultimate Rare"
      ],
      "count": {
        "Super Rare": 1,
        "Ultimate Rare": 1
      }
    },
    {
      "card_name": "Cloudian - Poison Cloud",
      "set_number": "GLAS-EN009",
      "rarities": [
        "Common"
      ],
      "count": {
        "Common": 1
      }
    },
    {
      "card_name": "Cloudian - Acid Cloud",
      "set_number": "GLAS-EN010",
      "rarities": [
        "Rare"
      ],
      "count": {
        "Rare": 1
      }
    },
    {
      "card_name": "Cloudian - Cirrostratus",
      "set_number": "GLAS-EN011",
      "rarities": [
        "Rare"
      ],
      "count": {
        "Rare": 1
      }
    },
    {
      "card_name": "Cloudian - Altus",
      "set_number": "GLAS-EN012",
      "rarities": [
        "Rare"
      ],
      "count": {
        "Rare": 1
      }
    },
    {
      "card_name": "Cloudian - Turbulence",
      "set_number": "GLAS-EN013",
      "rarities": [
        "Common"
      ],
      "count": {
        "Common": 1
      }
    },
    {
      "card_name": "Truckroid",
      "set_number": "GLAS-EN014",
      "rarities": [
        "Common"
      ],
      "count": {
        "Common": 1
      }
    },
    {
      "card_name": "Stealthroid",
      "set_number": "GLAS-EN015",
      "rarities": [
        "Common"
      ],
      "count": {
        "Common": 1
      }
    },
    {
      "card_name": "Expressroid",
      "set_number": "GLAS-EN016",
      "rarities": [
        "Rare"
      ],
      "count": {
        "Rare": 1
      }
    },
    {
      "card_name": "Gladiator Beast Alexander",
      "set_number": "GLAS-EN017",
      "rarities": [
        "Ultimate Rare",
        "Super Rare"
      ],
      "count": {
        "Ultimate Rare": 1,
        "Super Rare": 1
      }
    },
    {
      "card_name": "Gladiator Beast Spartacus",
      "set_number": "GLAS-EN018",
      "rarities": [
        "Rare"
      ],
      "count": {
        "Rare": 1
      }
    },
    {
      "card_name": "Gladiator Beast Murmillo",
      "set_number": "GLAS-EN019",
      "rarities": [
        "Rare"
      ],
      "count": {
        "Rare": 1
      }
    },
    {
      "card_name": "Gladiator Beast Bestiari",
      "set_number": "GLAS-EN020",
      "rarities": [
        "Common"
      ],
      "count": {
        "Common": 1
      }
    },
    {
      "card_name": "Gladiator Beast Laquari",
      "set_number": "GLAS-EN021",
      "rarities": [
        "Rare"
      ],
      "count": {
        "Rare": 1
      }
    },
    {
      "card_name": "Gladiator Beast Hoplomus",
      "set_number": "GLAS-EN022",
      "rarities": [
        "Common"
      ],
      "count": {
        "Common": 1
      }
    },
    {
      "card_name": "Gladiator Beast Dimacari",
      "set_number": "GLAS-EN023",
      "rarities": [
        "Common"
      ],
      "count": {
        "Common": 1
      }
    },
    {
      "card_name": "Gladiator Beast Secutor",
      "set_number": "GLAS-EN024",
      "rarities": [
        "Common"
      ],
      "count": {
        "Common": 1
      }
    },
    {
      "card_name": "Test Ape",
      "set_number": "GLAS-EN025",
      "rarities": [
        "Common"
      ],
      "count": {
        "Common": 1
      }
    },
    {
      "card_name": "Witch Doctor of Sparta",
      "set_number": "GLAS-EN026",
      "rarities": [
        "Common"
      ],
      "count": {
        "Common": 1
      }
    },
    {
      "card_name": "Infinity Dark",
      "set_number": "GLAS-EN027",
      "rarities": [
        "Common"
      ],
      "count": {
        "Common": 1
      }
    },
    {
      "card_name": "Magical Reflect Slime",
      "set_number": "GLAS-EN028",
      "rarities": [
        "Common"
      ],
      "count": {
        "Common": 1
      }
    },
    {
      "card_name": "Ancient Gear Knight",
      "set_number": "GLAS-EN029",
      "rarities": [
        "Common"
      ],
      "count": {
        "Common": 1
      }
    },
    {
      "card_name": "Goblin Black Ops",
      "set_number": "GLAS-EN030",
      "rarities": [
        "Rare"
      ],
      "count": {
        "Rare": 1
      }
    },
    {
      "card_name": "Gambler of Legend",
      "set_number": "GLAS-EN031",
      "rarities": [
        "Common"
      ],
      "count": {
        "Common": 1
      }
    },
    {
      "card_name": "Enishi, Shien's Chancellor",
      "set_number": "GLAS-EN032",
      "rarities": [
        "Ultra Rare",
        "Ultimate Rare"
      ],
      "count": {
        "Ultra Rare": 1,
        "Ultimate Rare": 1
      }
    },
    {
      "card_name": "Spirit of the Six Samurai",
      "set_number": "GLAS-EN033",
      "rarities": [
        "Common"
      ],
      "count": {
        "Common": 1
      }
    },
    {
      "card_name": "Alien Telepath",
      "set_number": "GLAS-EN034",
      "rarities": [
        "Rare"
      ],
      "count": {
        "Rare": 1
      }
    },
    {
      "card_name": "Alien Hypno",
      "set_number": "GLAS-EN035",
      "rarities": [
        "Common"
      ],
      "count": {
        "Common": 1
      }
    },
    {
      "card_name": "Elemental HERO Chaos Neos",
      "set_number": "GLAS-EN036",
      "rarities": [
        "Secret Rare",
        "Ghost Rare"
      ],
      "count": {
        "Secret Rare": 1,
        "Ghost Rare": 1
      }
    },
    {
      "card_name": "Elemental HERO Plasma Vice",
      "set_number": "GLAS-EN037",
      "rarities": [
        "Secret Rare"
      ],
      "count": {
        "Secret Rare": 1
      }
    },
    {
      "card_name": "Evil HERO Inferno Wing",
      "set_number": "GLAS-EN038",
      "rarities": [
        "Ultimate Rare",
        "Ultra Rare"
      ],
      "count": {
        "Ultimate Rare": 1,
        "Ultra Rare": 1
      }
    },
    {
      "card_name": "Evil HERO Lightning Golem",
      "set_number": "GLAS-EN039",
      "rarities": [
        "Ultra Rare",
        "Ultimate Rare"
      ],
      "count": {
        "Ultra Rare": 1,
        "Ultimate Rare": 1
      }
    },
    {
      "card_name": "Evil HERO Dark Gaia",
      "set_number": "GLAS-EN040",
      "rarities": [
        "Rare"
      ],
      "count": {
        "Rare": 1
      }
    },
    {
      "card_name": "Super Vehicroid - Stealth Union",
      "set_number": "GLAS-EN041",
      "rarities": [
        "Secret Rare"
      ],
      "count": {
        "Secret Rare": 1
      }
    },
    {
      "card_name": "Superalloy Beast Raptinus",
      "set_number": "GLAS-EN042",
      "rarities": [
        "Common"
      ],
      "count": {
        "Common": 1
      }
    },
    {
      "card_name": "Gladiator Beast Gaiodiaz",
      "set_number": "GLAS-EN043",
      "rarities": [
        "Rare"
      ],
      "count": {
        "Rare": 1
      }
    },
    {
      "card_name": "Gladiator Beast Heraklinos",
      "set_number": "GLAS-EN044",
      "rarities": [
        "Secret Rare"
      ],
      "count": {
        "Secret Rare": 1
      }
    },
    {
      "card_name": "Contact Out",
      "set_number": "GLAS-EN045",
      "rarities": [
        "Common"
      ],
      "count": {
        "Common": 1
      }
    },
    {
      "card_name": "Swing of Memories",
      "set_number": "GLAS-EN046",
      "rarities": [
        "Common"
      ],
      "count": {
        "Common": 1
      }
    },
    {
      "card_name": "Dark Fusion",
      "set_number": "GLAS-EN047",
      "rarities": [
        "Rare"
      ],
      "count": {
        "Rare": 1
      }
    },
    {
      "card_name": "Diamond-Dust Cyclone",
      "set_number": "GLAS-EN048",
      "rarities": [
        "Rare"
      ],
      "count": {
        "Rare": 1
      }
    },
    {
      "card_name": "Summon Cloud",
      "set_number": "GLAS-EN049",
      "rarities": [
        "Common"
      ],
      "count": {
        "Common": 1
      }
    },
    {
      "card_name": "Lucky Cloud",
      "set_number": "GLAS-EN050",
      "rarities": [
        "Common"
      ],
      "count": {
        "Common": 1
      }
    },
    {
      "card_name": "Fog Control",
      "set_number": "GLAS-EN051",
      "rarities": [
        "Common"
      ],
      "count": {
        "Common": 1
      }
    },
    {
      "card_name": "Cloudian Squall",
      "set_number": "GLAS-EN052",
      "rarities": [
        "Common"
      ],
      "count": {
        "Common": 1
      }
    },
    {
      "card_name": "Super Double Summon",
      "set_number": "GLAS-EN053",
      "rarities": [
        "Common"
      ],
      "count": {
        "Common": 1
      }
    },
    {
      "card_name": "Colosseum - Cage of the Gladiator Beasts",
      "set_number": "GLAS-EN054",
      "rarities": [
        "Rare"
      ],
      "count": {
        "Rare": 1
      }
    },
    {
      "card_name": "Gladiator Beast's Battle Halberd",
      "set_number": "GLAS-EN055",
      "rarities": [
        "Common"
      ],
      "count": {
        "Common": 1
      }
    },
    {
      "card_name": "Gladiator Beast's Battle Gladius",
      "set_number": "GLAS-EN056",
      "rarities": [
        "Common"
      ],
      "count": {
        "Common": 1
      }
    },
    {
      "card_name": "Gladiator Beast's Battle Manica",
      "set_number": "GLAS-EN057",
      "rarities": [
        "Rare"
      ],
      "count": {
        "Rare": 1
      }
    },
    {
      "card_name": "Gladiator Beast's Respite",
      "set_number": "GLAS-EN058",
      "rarities": [
        "Rare"
      ],
      "count": {
        "Rare": 1
      }
    },
    {
      "card_name": "Gladiator's Return",
      "set_number": "GLAS-EN059",
      "rarities": [
        "Common"
      ],
      "count": {
        "Common": 1
      }
    },
    {
      "card_name": "Soul Devouring Bamboo Sword",
      "set_number": "GLAS-EN060",
      "rarities": [
        "Common"
      ],
      "count": {
        "Common": 1
      }
    },
    {
      "card_name": "Cunning of the Six Samurai",
      "set_number": "GLAS-EN061",
      "rarities": [
        "Super Rare",
        "Ultimate Rare"
      ],
      "count": {
        "Super Rare": 1,
        "Ultimate Rare": 1
      }
    },
    {
      "card_name": "\"A\" Cell Incubator",
      "set_number": "GLAS-EN062",
      "rarities": [
        "Common"
      ],
      "count": {
        "Common": 1
      }
    },
    {
      "card_name": "Over Limit",
      "set_number": "GLAS-EN063",
      "rarities": [
        "Common"
      ],
      "count": {
        "Common": 1
      }
    },
    {
      "card_name": "No Entry!!",
      "set_number": "GLAS-EN064",
      "rarities": [
        "Common"
      ],
      "count": {
        "Common": 1
      }
    },
    {
      "card_name": "Natural Disaster",
      "set_number": "GLAS-EN065",
      "rarities": [
        "Common"
      ],
      "count": {
        "Common": 1
      }
    },
    {
      "card_name": "Rain Storm",
      "set_number": "GLAS-EN066",
      "rarities": [
        "Common"
      ],
      "count": {
        "Common": 1
      }
    },
    {
      "card_name": "Updraft",
      "set_number": "GLAS-EN067",
      "rarities": [
        "Super Rare",
        "Ultimate Rare"
      ],
      "count": {
        "Super Rare": 1,
        "Ultimate Rare": 1
      }
    },
    {
      "card_name": "Release from Stone",
      "set_number": "GLAS-EN068",
      "rarities": [
        "Common"
      ],
      "count": {
        "Common": 1
      }
    },
    {
      "card_name": "Light-Imprisoning Mirror",
      "set_number": "GLAS-EN069",
      "rarities": [
        "Common"
      ],
      "count": {
        "Common": 1
      }
    },
    {
      "card_name": "Shadow-Imprisoning Mirror",
      "set_number": "GLAS-EN070",
      "rarities": [
        "Common"
      ],
      "count": {
        "Common": 1
      }
    },
    {
      "card_name": "Disarm",
      "set_number": "GLAS-EN071",
      "rarities": [
        "Common"
      ],
      "count": {
        "Common": 1
      }
    },
    {
      "card_name": "Parry",
      "set_number": "GLAS-EN072",
      "rarities": [
        "Common"
      ],
      "count": {
        "Common": 1
      }
    },
    {
      "card_name": "Swiftstrike Armor",
      "set_number": "GLAS-EN073",
      "rarities": [
        "Common"
      ],
      "count": {
        "Common": 1
      }
    },
    {
      "card_name": "Double-Edged Sword Technique",
      "set_number": "GLAS-EN074",
      "rarities": [
        "Common"
      ],
      "count": {
        "Common": 1
      }
    },
    {
      "card_name": "Energy-Absorbing Monolith",
      "set_number": "GLAS-EN075",
      "rarities": [
        "Super Rare",
        "Ultimate Rare"
      ],
      "count": {
        "Super Rare": 1,
        "Ultimate Rare": 1
      }
    },
    {
      "card_name": "Cell Explosion Virus",
      "set_number": "GLAS-EN076",
      "rarities": [
        "Rare"
      ],
      "count": {
        "Rare": 1
      }
    },
    {
      "card_name": "Detonator Circle \"A\"",
      "set_number": "GLAS-EN077",
      "rarities": [
        "Common"
      ],
      "count": {
        "Common": 1
      }
    },
    {
      "card_name": "Interdimensional Warp",
      "set_number": "GLAS-EN078",
      "rarities": [
        "Common"
      ],
      "count": {
        "Common": 1
      }
    },
    {
      "card_name": "Foolish Revival",
      "set_number": "GLAS-EN079",
      "rarities": [
        "Common"
      ],
      "count": {
        "Common": 1
      }
    },
    {
      "card_name": "An Unfortunate Report",
      "set_number": "GLAS-EN080",
      "rarities": [
        "Common"
      ],
      "count": {
        "Common": 1
      }
    },
    {
      "card_name": "Gladiator Beast Torax",
      "set_number": "GLAS-EN081",
      "rarities": [
        "Super Rare",
        "Ultimate Rare"
      ],
      "count": {
        "Super Rare": 1,
        "Ultimate Rare": 1
      }
    },
    {
      "card_name": "Test Tiger",
      "set_number": "GLAS-EN082",
      "rarities": [
        "Ultra Rare",
        "Ultimate Rare"
      ],
      "count": {
        "Ultra Rare": 1,
        "Ultimate Rare": 1
      }
    },
    {
      "card_name": "Defensive Tactics",
      "set_number": "GLAS-EN083",
      "rarities": [
        "Super Rare",
        "Ultimate Rare"
      ],
      "count": {
        "Super Rare": 1,
        "Ultimate Rare": 1
      }
    },
    {
      "card_name": "Dragon Ice",
      "set_number": "GLAS-EN084",
      "rarities": [
        "Secret Rare"
      ],
      "count": {
        "Secret Rare": 1
      }
    },
    {
      "card_name": "Tongue Twister",
      "set_number": "GLAS-EN085",
      "rarities": [
        "Secret Rare"
      ],
      "count": {
        "Secret Rare": 1
      }
    },
    {
      "card_name": "Skreech",
      "set_number": "GLAS-EN086",
      "rarities": [
        "Secret Rare"
      ],
      "count": {
        "Secret Rare": 1
      }
    },
    {
      "card_name": "Royal Firestorm Guards",
      "set_number": "GLAS-EN087",
      "rarities": [
        "Secret Rare"
      ],
      "count": {
        "Secret Rare": 1
      }
    },
    {
      "card_name": "Veil of Darkness",
      "set_number": "GLAS-EN088",
      "rarities": [
        "Secret Rare"
      ],
      "count": {
        "Secret Rare": 1
      }
    },
    {
      "card_name": "Security Orb",
      "set_number": "GLAS-EN089",
      "rarities": [
        "Ultra Rare",
        "Ultimate Rare"
      ],
      "count": {
        "Ultra Rare": 1,
        "Ultimate Rare": 1
      }
    },
    {
      "card_name": "Necroface",
      "set_number": "GLAS-EN090",
      "rarities": [
        "Secret Rare"
      ],
      "count": {
        "Secret Rare": 1
      }
    },
    {
      "card_name": "Gil Garth",
      "set_number": "GLAS-EN091",
      "rarities": [
        "Secret Rare"
      ],
      "count": {
        "Secret Rare": 1
      }
    },
    {
      "card_name": "Soul Taker",
      "set_number": "GLAS-EN092",
      "rarities": [
        "Secret Rare"
      ],
      "count": {
        "Secret Rare": 1
      }
    },
    {
      "card_name": "Magic Formula",
      "set_number": "GLAS-EN093",
      "rarities": [
        "Secret Rare"
      ],
      "count": {
        "Secret Rare": 1
      }
    },
    {
      "card_name": "Silent Doom",
      "set_number": "GLAS-EN094",
      "rarities": [
        "Secret Rare"
      ],
      "count": {
        "Secret Rare": 1
      }
    }
  ]
}
