{
  "name": "Gold Series 4: Pyramids Edition",
  "type": "Booster Pack",
  "date": "2011-06-21",
  "distribution": "booster_gold_series",
  "prefix": "GLD4",
  "sub_sets": [],
  "load": true,
  "cards": [
    {
      "card_name": "Millennium Shield",
      "set_number": "GLD4-EN001",
      "rarities": [
        "Common"
      ],
      "count": {
        "Common": 1
      }
    },
    {
      "card_name": "Pendulum Machine",
      "set_number": "GLD4-EN002",
      "rarities": [
        "Common"
      ],
      "count": {
        "Common": 1
      }
    },
    {
      "card_name": "The Wicked Worm Beast",
      "set_number": "GLD4-EN003",
      "rarities": [
        "Common"
      ],
      "count": {
        "Common": 1
      }
    },
    {
      "card_name": "Goddess with the Third Eye",
      "set_number": "GLD4-EN004",
      "rarities": [
        "Common"
      ],
      "count": {
        "Common": 1
      }
    },
    {
      "card_name": "Beastking of the Swamps",
      "set_number": "GLD4-EN005",
      "rarities": [
        "Common"
      ],
      "count": {
        "Common": 1
      }
    },
    {
      "card_name": "Versago the Destroyer",
      "set_number": "GLD4-EN006",
      "rarities": [
        "Common"
      ],
      "count": {
        "Common": 1
      }
    },
    {
      "card_name": "Morphing Jar",
      "set_number": "GLD4-EN007",
      "rarities": [
        "Gold Rare"
      ],
      "count": {
        "Gold Rare": 1
      }
    },
    {
      "card_name": "Goddess of Whim",
      "set_number": "GLD4-EN008",
      "rarities": [
        "Common"
      ],
      "count": {
        "Common": 1
      }
    },
    {
      "card_name": "Injection Fairy Lily",
      "set_number": "GLD4-EN009",
      "rarities": [
        "Common"
      ],
      "count": {
        "Common": 1
      }
    },
    {
      "card_name": "Gravekeeper's Spy",
      "set_number": "GLD4-EN010",
      "rarities": [
        "Gold Rare"
      ],
      "count": {
        "Gold Rare": 1
      }
    },
    {
      "card_name": "Spirit Reaper",
      "set_number": "GLD4-EN011",
      "rarities": [
        "Gold Rare"
      ],
      "count": {
        "Gold Rare": 1
      }
    },
    {
      "card_name": "Chaos Sorcerer",
      "set_number": "GLD4-EN012",
      "rarities": [
        "Gold Rare"
      ],
      "count": {
        "Gold Rare": 1
      }
    },
    {
      "card_name": "Black Luster Soldier - Envoy of the Beginning",
      "set_number": "GLD4-EN013",
      "rarities": [
        "Gold Rare"
      ],
      "count": {
        "Gold Rare": 1
      }
    },
    {
      "card_name": "White-Horned Dragon",
      "set_number": "GLD4-EN014",
      "rarities": [
        "Common"
      ],
      "count": {
        "Common": 1
      }
    },
    {
      "card_name": "Toon Dark Magician Girl",
      "set_number": "GLD4-EN015",
      "rarities": [
        "Common"
      ],
      "count": {
        "Common": 1
      }
    },
    {
      "card_name": "Meltiel, Sage of the Sky",
      "set_number": "GLD4-EN016",
      "rarities": [
        "Common"
      ],
      "count": {
        "Common": 1
      }
    },
    {
      "card_name": "Radiant Jeral",
      "set_number": "GLD4-EN017",
      "rarities": [
        "Common"
      ],
      "count": {
        "Common": 1
      }
    },
    {
      "card_name": "Diabolos, King of the Abyss",
      "set_number": "GLD4-EN018",
      "rarities": [
        "Common"
      ],
      "count": {
        "Common": 1
      }
    },
    {
      "card_name": "Lich Lord, King of the Underworld",
      "set_number": "GLD4-EN019",
      "rarities": [
        "Common"
      ],
      "count": {
        "Common": 1
      }
    },
    {
      "card_name": "Prometheus, King of the Shadows",
      "set_number": "GLD4-EN020",
      "rarities": [
        "Common"
      ],
      "count": {
        "Common": 1
      }
    },
    {
      "card_name": "Mormolith",
      "set_number": "GLD4-EN021",
      "rarities": [
        "Common"
      ],
      "count": {
        "Common": 1
      }
    },
    {
      "card_name": "Darklord Zerato",
      "set_number": "GLD4-EN022",
      "rarities": [
        "Gold Rare"
      ],
      "count": {
        "Gold Rare": 1
      }
    },
    {
      "card_name": "Doomcaliber Knight",
      "set_number": "GLD4-EN023",
      "rarities": [
        "Gold Rare"
      ],
      "count": {
        "Gold Rare": 1
      }
    },
    {
      "card_name": "Ryko, Lightsworn Hunter",
      "set_number": "GLD4-EN024",
      "rarities": [
        "Gold Rare"
      ],
      "count": {
        "Gold Rare": 1
      }
    },
    {
      "card_name": "Celestia, Lightsworn Angel",
      "set_number": "GLD4-EN025",
      "rarities": [
        "Gold Rare"
      ],
      "count": {
        "Gold Rare": 1
      }
    },
    {
      "card_name": "Tytannial, Princess of Camellias",
      "set_number": "GLD4-EN026",
      "rarities": [
        "Gold Rare"
      ],
      "count": {
        "Gold Rare": 1
      }
    },
    {
      "card_name": "Summoner Monk",
      "set_number": "GLD4-EN027",
      "rarities": [
        "Gold Rare"
      ],
      "count": {
        "Gold Rare": 1
      }
    },
    {
      "card_name": "Genesis Dragon",
      "set_number": "GLD4-EN028",
      "rarities": [
        "Common"
      ],
      "count": {
        "Common": 1
      }
    },
    {
      "card_name": "Orichalcos Shunoros",
      "set_number": "GLD4-EN029",
      "rarities": [
        "Common"
      ],
      "count": {
        "Common": 1
      }
    },
    {
      "card_name": "Obelisk the Tormentor",
      "set_number": "GLD4-EN030",
      "rarities": [
        "Gold Rare"
      ],
      "count": {
        "Gold Rare": 1
      }
    },
    {
      "card_name": "Five-Headed Dragon",
      "set_number": "GLD4-EN031",
      "rarities": [
        "Gold Rare"
      ],
      "count": {
        "Gold Rare": 1
      }
    },
    {
      "card_name": "Gladiator Beast Gyzarus",
      "set_number": "GLD4-EN032",
      "rarities": [
        "Gold Rare"
      ],
      "count": {
        "Gold Rare": 1
      }
    },
    {
      "card_name": "Eternal Drought",
      "set_number": "GLD4-EN033",
      "rarities": [
        "Common"
      ],
      "count": {
        "Common": 1
      }
    },
    {
      "card_name": "Eradicating Aerosol",
      "set_number": "GLD4-EN034",
      "rarities": [
        "Common"
      ],
      "count": {
        "Common": 1
      }
    },
    {
      "card_name": "Soul Exchange",
      "set_number": "GLD4-EN035",
      "rarities": [
        "Common"
      ],
      "count": {
        "Common": 1
      }
    },
    {
      "card_name": "Toon World",
      "set_number": "GLD4-EN036",
      "rarities": [
        "Common"
      ],
      "count": {
        "Common": 1
      }
    },
    {
      "card_name": "Graceful Dice",
      "set_number": "GLD4-EN037",
      "rarities": [
        "Common"
      ],
      "count": {
        "Common": 1
      }
    },
    {
      "card_name": "Sage's Stone",
      "set_number": "GLD4-EN038",
      "rarities": [
        "Common"
      ],
      "count": {
        "Common": 1
      }
    },
    {
      "card_name": "Toon Table of Contents",
      "set_number": "GLD4-EN039",
      "rarities": [
        "Gold Rare"
      ],
      "count": {
        "Gold Rare": 1
      }
    },
    {
      "card_name": "Pot of Avarice",
      "set_number": "GLD4-EN040",
      "rarities": [
        "Gold Rare"
      ],
      "count": {
        "Gold Rare": 1
      }
    },
    {
      "card_name": "Recurring Nightmare",
      "set_number": "GLD4-EN041",
      "rarities": [
        "Common"
      ],
      "count": {
        "Common": 1
      }
    },
    {
      "card_name": "Sword of Dark Rites",
      "set_number": "GLD4-EN042",
      "rarities": [
        "Common"
      ],
      "count": {
        "Common": 1
      }
    },
    {
      "card_name": "Trade-In",
      "set_number": "GLD4-EN043",
      "rarities": [
        "Common"
      ],
      "count": {
        "Common": 1
      }
    },
    {
      "card_name": "Magic Formula",
      "set_number": "GLD4-EN044",
      "rarities": [
        "Common"
      ],
      "count": {
        "Common": 1
      }
    },
    {
      "card_name": "Robbin' Goblin",
      "set_number": "GLD4-EN045",
      "rarities": [
        "Common"
      ],
      "count": {
        "Common": 1
      }
    },
    {
      "card_name": "Skull Dice",
      "set_number": "GLD4-EN046",
      "rarities": [
        "Common"
      ],
      "count": {
        "Common": 1
      }
    },
    {
      "card_name": "Royal Oppression",
      "set_number": "GLD4-EN047",
      "rarities": [
        "Gold Rare"
      ],
      "count": {
        "Gold Rare": 1
      }
    },
    {
      "card_name": "Xing Zhen Hu",
      "set_number": "GLD4-EN048",
      "rarities": [
        "Common"
      ],
      "count": {
        "Common": 1
      }
    },
    {
      "card_name": "Deck Devastation Virus",
      "set_number": "GLD4-EN049",
      "rarities": [
        "Common"
      ],
      "count": {
        "Common": 1
      }
    },
    {
      "card_name": "Trap Stun",
      "set_number": "GLD4-EN050",
      "rarities": [
        "Gold Rare"
      ],
      "count": {
        "Gold Rare": 1
      }
    }
  ]
}