{
  "name": "Hidden Arsenal 3",
  "type": "Booster Pack",
  "date": "2010-12-02",
  "distribution": "booster_pack",
  "prefix": "HA03",
  "sub_sets": [],
  "load": true,
  "cards": [
    {
      "card_name": "Fabled Urustos",
      "set_number": "HA03-EN001",
      "rarities": [
        "Super Rare"
      ],
      "count": {
        "Super Rare": 1
      }
    },
    {
      "card_name": "Fabled Krus",
      "set_number": "HA03-EN002",
      "rarities": [
        "Secret Rare"
      ],
      "count": {
        "Secret Rare": 1
      }
    },
    {
      "card_name": "Fabled Topi",
      "set_number": "HA03-EN003",
      "rarities": [
        "Super Rare"
      ],
      "count": {
        "Super Rare": 1
      }
    },
    {
      "card_name": "Fabled Soulkius",
      "set_number": "HA03-EN004",
      "rarities": [
        "Secret Rare"
      ],
      "count": {
        "Secret Rare": 1
      }
    },
    {
      "card_name": "Fabled Miztoji",
      "set_number": "HA03-EN005",
      "rarities": [
        "Super Rare"
      ],
      "count": {
        "Super Rare": 1
      }
    },
    {
      "card_name": "Jurrac Ptera",
      "set_number": "HA03-EN006",
      "rarities": [
        "Super Rare"
      ],
      "count": {
        "Super Rare": 1
      }
    },
    {
      "card_name": "Jurrac Iguanon",
      "set_number": "HA03-EN007",
      "rarities": [
        "Super Rare"
      ],
      "count": {
        "Super Rare": 1
      }
    },
    {
      "card_name": "Jurrac Brachis",
      "set_number": "HA03-EN008",
      "rarities": [
        "Super Rare"
      ],
      "count": {
        "Super Rare": 1
      }
    },
    {
      "card_name": "Jurrac Spinos",
      "set_number": "HA03-EN009",
      "rarities": [
        "Super Rare"
      ],
      "count": {
        "Super Rare": 1
      }
    },
    {
      "card_name": "Naturia Dragonfly",
      "set_number": "HA03-EN010",
      "rarities": [
        "Super Rare"
      ],
      "count": {
        "Super Rare": 1
      }
    },
    {
      "card_name": "Naturia Sunflower",
      "set_number": "HA03-EN011",
      "rarities": [
        "Super Rare"
      ],
      "count": {
        "Super Rare": 1
      }
    },
    {
      "card_name": "Naturia Cliff",
      "set_number": "HA03-EN012",
      "rarities": [
        "Secret Rare"
      ],
      "count": {
        "Secret Rare": 1
      }
    },
    {
      "card_name": "Naturia Tulip",
      "set_number": "HA03-EN013",
      "rarities": [
        "Super Rare"
      ],
      "count": {
        "Super Rare": 1
      }
    },
    {
      "card_name": "R-Genex Turbo",
      "set_number": "HA03-EN014",
      "rarities": [
        "Super Rare"
      ],
      "count": {
        "Super Rare": 1
      }
    },
    {
      "card_name": "R-Genex Overseer",
      "set_number": "HA03-EN015",
      "rarities": [
        "Super Rare"
      ],
      "count": {
        "Super Rare": 1
      }
    },
    {
      "card_name": "R-Genex Crusher",
      "set_number": "HA03-EN016",
      "rarities": [
        "Super Rare"
      ],
      "count": {
        "Super Rare": 1
      }
    },
    {
      "card_name": "R-Genex Magma",
      "set_number": "HA03-EN017",
      "rarities": [
        "Super Rare"
      ],
      "count": {
        "Super Rare": 1
      }
    },
    {
      "card_name": "Shock Troops of the Ice Barrier",
      "set_number": "HA03-EN018",
      "rarities": [
        "Super Rare"
      ],
      "count": {
        "Super Rare": 1
      }
    },
    {
      "card_name": "Samurai of the Ice Barrier",
      "set_number": "HA03-EN019",
      "rarities": [
        "Super Rare"
      ],
      "count": {
        "Super Rare": 1
      }
    },
    {
      "card_name": "Dewdark of the Ice Barrier",
      "set_number": "HA03-EN020",
      "rarities": [
        "Super Rare"
      ],
      "count": {
        "Super Rare": 1
      }
    },
    {
      "card_name": "Caravan of the Ice Barrier",
      "set_number": "HA03-EN021",
      "rarities": [
        "Super Rare"
      ],
      "count": {
        "Super Rare": 1
      }
    },
    {
      "card_name": "Worm Solid",
      "set_number": "HA03-EN022",
      "rarities": [
        "Super Rare"
      ],
      "count": {
        "Super Rare": 1
      }
    },
    {
      "card_name": "Worm Tentacles",
      "set_number": "HA03-EN023",
      "rarities": [
        "Super Rare"
      ],
      "count": {
        "Super Rare": 1
      }
    },
    {
      "card_name": "Worm Ugly",
      "set_number": "HA03-EN024",
      "rarities": [
        "Super Rare"
      ],
      "count": {
        "Super Rare": 1
      }
    },
    {
      "card_name": "Worm Victory",
      "set_number": "HA03-EN025",
      "rarities": [
        "Secret Rare"
      ],
      "count": {
        "Secret Rare": 1
      }
    },
    {
      "card_name": "Fabled Leviathan",
      "set_number": "HA03-EN026",
      "rarities": [
        "Secret Rare"
      ],
      "count": {
        "Secret Rare": 1
      }
    },
    {
      "card_name": "Jurrac Velphito",
      "set_number": "HA03-EN027",
      "rarities": [
        "Secret Rare"
      ],
      "count": {
        "Secret Rare": 1
      }
    },
    {
      "card_name": "Naturia Barkion",
      "set_number": "HA03-EN028",
      "rarities": [
        "Secret Rare"
      ],
      "count": {
        "Secret Rare": 1
      }
    },
    {
      "card_name": "Locomotion R-Genex",
      "set_number": "HA03-EN029",
      "rarities": [
        "Secret Rare"
      ],
      "count": {
        "Secret Rare": 1
      }
    },
    {
      "card_name": "Gungnir, Dragon of the Ice Barrier",
      "set_number": "HA03-EN030",
      "rarities": [
        "Secret Rare"
      ],
      "count": {
        "Secret Rare": 1
      }
    },
    {
      "card_name": "Dragunity Dux",
      "set_number": "HA03-EN031",
      "rarities": [
        "Secret Rare"
      ],
      "count": {
        "Secret Rare": 1
      }
    },
    {
      "card_name": "Dragunity Legionnaire",
      "set_number": "HA03-EN032",
      "rarities": [
        "Super Rare"
      ],
      "count": {
        "Super Rare": 1
      }
    },
    {
      "card_name": "Dragunity Tribus",
      "set_number": "HA03-EN033",
      "rarities": [
        "Super Rare"
      ],
      "count": {
        "Super Rare": 1
      }
    },
    {
      "card_name": "Dragunity Darkspear",
      "set_number": "HA03-EN034",
      "rarities": [
        "Super Rare"
      ],
      "count": {
        "Super Rare": 1
      }
    },
    {
      "card_name": "Dragunity Phalanx",
      "set_number": "HA03-EN035",
      "rarities": [
        "Secret Rare"
      ],
      "count": {
        "Secret Rare": 1
      }
    },
    {
      "card_name": "Fabled Dyf",
      "set_number": "HA03-EN036",
      "rarities": [
        "Super Rare"
      ],
      "count": {
        "Super Rare": 1
      }
    },
    {
      "card_name": "Fabled Ashenveil",
      "set_number": "HA03-EN037",
      "rarities": [
        "Secret Rare"
      ],
      "count": {
        "Secret Rare": 1
      }
    },
    {
      "card_name": "Fabled Oltro",
      "set_number": "HA03-EN038",
      "rarities": [
        "Super Rare"
      ],
      "count": {
        "Super Rare": 1
      }
    },
    {
      "card_name": "Jurrac Titano",
      "set_number": "HA03-EN039",
      "rarities": [
        "Secret Rare"
      ],
      "count": {
        "Secret Rare": 1
      }
    },
    {
      "card_name": "Jurrac Guaiba",
      "set_number": "HA03-EN040",
      "rarities": [
        "Super Rare"
      ],
      "count": {
        "Super Rare": 1
      }
    },
    {
      "card_name": "Jurrac Stauriko",
      "set_number": "HA03-EN041",
      "rarities": [
        "Super Rare"
      ],
      "count": {
        "Super Rare": 1
      }
    },
    {
      "card_name": "Naturia Horneedle",
      "set_number": "HA03-EN042",
      "rarities": [
        "Super Rare"
      ],
      "count": {
        "Super Rare": 1
      }
    },
    {
      "card_name": "Naturia Fruitfly",
      "set_number": "HA03-EN043",
      "rarities": [
        "Super Rare"
      ],
      "count": {
        "Super Rare": 1
      }
    },
    {
      "card_name": "Naturia Hydrangea",
      "set_number": "HA03-EN044",
      "rarities": [
        "Super Rare"
      ],
      "count": {
        "Super Rare": 1
      }
    },
    {
      "card_name": "R-Genex Accelerator",
      "set_number": "HA03-EN045",
      "rarities": [
        "Super Rare"
      ],
      "count": {
        "Super Rare": 1
      }
    },
    {
      "card_name": "R-Genex Oracle",
      "set_number": "HA03-EN046",
      "rarities": [
        "Super Rare"
      ],
      "count": {
        "Super Rare": 1
      }
    },
    {
      "card_name": "R-Genex Ultimum",
      "set_number": "HA03-EN047",
      "rarities": [
        "Super Rare"
      ],
      "count": {
        "Super Rare": 1
      }
    },
    {
      "card_name": "Spellbreaker of the Ice Barrier",
      "set_number": "HA03-EN048",
      "rarities": [
        "Super Rare"
      ],
      "count": {
        "Super Rare": 1
      }
    },
    {
      "card_name": "General Grunard of the Ice Barrier",
      "set_number": "HA03-EN049",
      "rarities": [
        "Secret Rare"
      ],
      "count": {
        "Secret Rare": 1
      }
    },
    {
      "card_name": "Ally of Justice Omni-Weapon",
      "set_number": "HA03-EN050",
      "rarities": [
        "Secret Rare"
      ],
      "count": {
        "Secret Rare": 1
      }
    },
    {
      "card_name": "Ally of Justice Quarantine",
      "set_number": "HA03-EN051",
      "rarities": [
        "Super Rare"
      ],
      "count": {
        "Super Rare": 1
      }
    },
    {
      "card_name": "Ally of Justice Cycle Reader",
      "set_number": "HA03-EN052",
      "rarities": [
        "Super Rare"
      ],
      "count": {
        "Super Rare": 1
      }
    },
    {
      "card_name": "Worm Warlord",
      "set_number": "HA03-EN053",
      "rarities": [
        "Super Rare"
      ],
      "count": {
        "Super Rare": 1
      }
    },
    {
      "card_name": "Worm Xex",
      "set_number": "HA03-EN054",
      "rarities": [
        "Super Rare"
      ],
      "count": {
        "Super Rare": 1
      }
    },
    {
      "card_name": "Worm Yagan",
      "set_number": "HA03-EN055",
      "rarities": [
        "Super Rare"
      ],
      "count": {
        "Super Rare": 1
      }
    },
    {
      "card_name": "Worm Zero",
      "set_number": "HA03-EN056",
      "rarities": [
        "Secret Rare"
      ],
      "count": {
        "Secret Rare": 1
      }
    },
    {
      "card_name": "Dragunity Knight - Gae Bulg",
      "set_number": "HA03-EN057",
      "rarities": [
        "Secret Rare"
      ],
      "count": {
        "Secret Rare": 1
      }
    },
    {
      "card_name": "Fabled Ragin",
      "set_number": "HA03-EN058",
      "rarities": [
        "Secret Rare"
      ],
      "count": {
        "Secret Rare": 1
      }
    },
    {
      "card_name": "Vindikite R-Genex",
      "set_number": "HA03-EN059",
      "rarities": [
        "Secret Rare"
      ],
      "count": {
        "Secret Rare": 1
      }
    },
    {
      "card_name": "Ally of Justice Decisive Armor",
      "set_number": "HA03-EN060",
      "rarities": [
        "Secret Rare"
      ],
      "count": {
        "Secret Rare": 1
      }
    }
  ]
}