{
  "name": "Hidden Arsenal 5: Steelswarm Invasion: Special Edition",
  "type": "Special Edition Promo Cards",
  "date": "2012-03-29",
  "distribution": "special_edition_promo_cards",
  "prefix": "H5SE",
  "sub_sets": [],
  "load": false,
  "cards": [
    {
      "card_name": "Brionac, Dragon of the Ice Barrier",
      "set_number": "H5SE-EN001",
      "rarities": [
        "Super Rare"
      ],
      "count": {
        "Super Rare": 1
      }
    },
    {
      "card_name": "Gungnir, Dragon of the Ice Barrier",
      "set_number": "H5SE-EN002",
      "rarities": [
        "Super Rare"
      ],
      "count": {
        "Super Rare": 1
      }
    }
  ]
}