{
  "name": "Hidden Arsenal 6: Omega Xyz",
  "type": "Booster Pack",
  "date": "2012-07-24",
  "distribution": "booster_pack",
  "prefix": "HA06",
  "sub_sets": [],
  "load": true,
  "cards": [
    {
      "card_name": "Gem-Knight Crystal",
      "set_number": "HA06-EN001",
      "rarities": [
        "Super Rare"
      ],
      "count": {
        "Super Rare": 1
      }
    },
    {
      "card_name": "Laval Volcano Handmaiden",
      "set_number": "HA06-EN002",
      "rarities": [
        "Super Rare"
      ],
      "count": {
        "Super Rare": 1
      }
    },
    {
      "card_name": "Laval Cannon",
      "set_number": "HA06-EN003",
      "rarities": [
        "Secret Rare"
      ],
      "count": {
        "Secret Rare": 1
      }
    },
    {
      "card_name": "Vylon Sphere",
      "set_number": "HA06-EN004",
      "rarities": [
        "Super Rare"
      ],
      "count": {
        "Super Rare": 1
      }
    },
    {
      "card_name": "Vylon Tetra",
      "set_number": "HA06-EN005",
      "rarities": [
        "Super Rare"
      ],
      "count": {
        "Super Rare": 1
      }
    },
    {
      "card_name": "Vylon Stella",
      "set_number": "HA06-EN006",
      "rarities": [
        "Super Rare"
      ],
      "count": {
        "Super Rare": 1
      }
    },
    {
      "card_name": "Vylon Prism",
      "set_number": "HA06-EN007",
      "rarities": [
        "Super Rare"
      ],
      "count": {
        "Super Rare": 1
      }
    },
    {
      "card_name": "Vylon Hept",
      "set_number": "HA06-EN008",
      "rarities": [
        "Super Rare"
      ],
      "count": {
        "Super Rare": 1
      }
    },
    {
      "card_name": "Gishki Reliever",
      "set_number": "HA06-EN009",
      "rarities": [
        "Super Rare"
      ],
      "count": {
        "Super Rare": 1
      }
    },
    {
      "card_name": "Gishki Noellia",
      "set_number": "HA06-EN010",
      "rarities": [
        "Super Rare"
      ],
      "count": {
        "Super Rare": 1
      }
    },
    {
      "card_name": "Gusto Squirro",
      "set_number": "HA06-EN011",
      "rarities": [
        "Super Rare"
      ],
      "count": {
        "Super Rare": 1
      }
    },
    {
      "card_name": "Reeze, Whirlwind of Gusto",
      "set_number": "HA06-EN012",
      "rarities": [
        "Super Rare"
      ],
      "count": {
        "Super Rare": 1
      }
    },
    {
      "card_name": "Steelswarm Genome",
      "set_number": "HA06-EN013",
      "rarities": [
        "Super Rare"
      ],
      "count": {
        "Super Rare": 1
      }
    },
    {
      "card_name": "Steelswarm Sentinel",
      "set_number": "HA06-EN014",
      "rarities": [
        "Super Rare"
      ],
      "count": {
        "Super Rare": 1
      }
    },
    {
      "card_name": "Steelswarm Sting",
      "set_number": "HA06-EN015",
      "rarities": [
        "Super Rare"
      ],
      "count": {
        "Super Rare": 1
      }
    },
    {
      "card_name": "Steelswarm Longhorn",
      "set_number": "HA06-EN016",
      "rarities": [
        "Secret Rare"
      ],
      "count": {
        "Secret Rare": 1
      }
    },
    {
      "card_name": "Steelswarm Hercules",
      "set_number": "HA06-EN017",
      "rarities": [
        "Secret Rare"
      ],
      "count": {
        "Secret Rare": 1
      }
    },
    {
      "card_name": "Evigishki Tetrogre",
      "set_number": "HA06-EN018",
      "rarities": [
        "Secret Rare"
      ],
      "count": {
        "Secret Rare": 1
      }
    },
    {
      "card_name": "Gem-Knight Citrine",
      "set_number": "HA06-EN019",
      "rarities": [
        "Secret Rare"
      ],
      "count": {
        "Secret Rare": 1
      }
    },
    {
      "card_name": "Gem-Knight Prismaura",
      "set_number": "HA06-EN020",
      "rarities": [
        "Secret Rare"
      ],
      "count": {
        "Secret Rare": 1
      }
    },
    {
      "card_name": "Laval Stennon",
      "set_number": "HA06-EN021",
      "rarities": [
        "Secret Rare"
      ],
      "count": {
        "Secret Rare": 1
      }
    },
    {
      "card_name": "Vylon Alpha",
      "set_number": "HA06-EN022",
      "rarities": [
        "Secret Rare"
      ],
      "count": {
        "Secret Rare": 1
      }
    },
    {
      "card_name": "Vylon Omega",
      "set_number": "HA06-EN023",
      "rarities": [
        "Secret Rare"
      ],
      "count": {
        "Secret Rare": 1
      }
    },
    {
      "card_name": "Daigusto Sphreez",
      "set_number": "HA06-EN024",
      "rarities": [
        "Secret Rare"
      ],
      "count": {
        "Secret Rare": 1
      }
    },
    {
      "card_name": "Vylon Component",
      "set_number": "HA06-EN025",
      "rarities": [
        "Super Rare"
      ],
      "count": {
        "Super Rare": 1
      }
    },
    {
      "card_name": "Vylon Element",
      "set_number": "HA06-EN026",
      "rarities": [
        "Super Rare"
      ],
      "count": {
        "Super Rare": 1
      }
    },
    {
      "card_name": "Forbidden Arts of the Gishki",
      "set_number": "HA06-EN027",
      "rarities": [
        "Super Rare"
      ],
      "count": {
        "Super Rare": 1
      }
    },
    {
      "card_name": "Pyroxene Fusion",
      "set_number": "HA06-EN028",
      "rarities": [
        "Super Rare"
      ],
      "count": {
        "Super Rare": 1
      }
    },
    {
      "card_name": "Infestation Ripples",
      "set_number": "HA06-EN029",
      "rarities": [
        "Super Rare"
      ],
      "count": {
        "Super Rare": 1
      }
    },
    {
      "card_name": "Infestation Tool",
      "set_number": "HA06-EN030",
      "rarities": [
        "Super Rare"
      ],
      "count": {
        "Super Rare": 1
      }
    },
    {
      "card_name": "Gem-Knight Obsidian",
      "set_number": "HA06-EN031",
      "rarities": [
        "Super Rare"
      ],
      "count": {
        "Super Rare": 1
      }
    },
    {
      "card_name": "Gem-Knight Iolite",
      "set_number": "HA06-EN032",
      "rarities": [
        "Super Rare"
      ],
      "count": {
        "Super Rare": 1
      }
    },
    {
      "card_name": "Gem-Knight Amber",
      "set_number": "HA06-EN033",
      "rarities": [
        "Super Rare"
      ],
      "count": {
        "Super Rare": 1
      }
    },
    {
      "card_name": "Laval Lakeside Lady",
      "set_number": "HA06-EN034",
      "rarities": [
        "Secret Rare"
      ],
      "count": {
        "Secret Rare": 1
      }
    },
    {
      "card_name": "Laval Coatl",
      "set_number": "HA06-EN035",
      "rarities": [
        "Super Rare"
      ],
      "count": {
        "Super Rare": 1
      }
    },
    {
      "card_name": "Laval Blaster",
      "set_number": "HA06-EN036",
      "rarities": [
        "Super Rare"
      ],
      "count": {
        "Super Rare": 1
      }
    },
    {
      "card_name": "Vylon Pentachloro",
      "set_number": "HA06-EN037",
      "rarities": [
        "Super Rare"
      ],
      "count": {
        "Super Rare": 1
      }
    },
    {
      "card_name": "Vylon Tesseract",
      "set_number": "HA06-EN038",
      "rarities": [
        "Super Rare"
      ],
      "count": {
        "Super Rare": 1
      }
    },
    {
      "card_name": "Vylon Stigma",
      "set_number": "HA06-EN039",
      "rarities": [
        "Super Rare"
      ],
      "count": {
        "Super Rare": 1
      }
    },
    {
      "card_name": "Gishki Vision",
      "set_number": "HA06-EN040",
      "rarities": [
        "Super Rare"
      ],
      "count": {
        "Super Rare": 1
      }
    },
    {
      "card_name": "Gishki Emilia",
      "set_number": "HA06-EN041",
      "rarities": [
        "Super Rare"
      ],
      "count": {
        "Super Rare": 1
      }
    },
    {
      "card_name": "Gishki Mollusk",
      "set_number": "HA06-EN042",
      "rarities": [
        "Super Rare"
      ],
      "count": {
        "Super Rare": 1
      }
    },
    {
      "card_name": "Gusto Falco",
      "set_number": "HA06-EN043",
      "rarities": [
        "Super Rare"
      ],
      "count": {
        "Super Rare": 1
      }
    },
    {
      "card_name": "Kamui, Hope of Gusto",
      "set_number": "HA06-EN044",
      "rarities": [
        "Super Rare"
      ],
      "count": {
        "Super Rare": 1
      }
    },
    {
      "card_name": "Musto, Oracle of Gusto",
      "set_number": "HA06-EN045",
      "rarities": [
        "Super Rare"
      ],
      "count": {
        "Super Rare": 1
      }
    },
    {
      "card_name": "Evigishki Gustkraken",
      "set_number": "HA06-EN046",
      "rarities": [
        "Secret Rare"
      ],
      "count": {
        "Secret Rare": 1
      }
    },
    {
      "card_name": "Gem-Knight Amethyst",
      "set_number": "HA06-EN047",
      "rarities": [
        "Secret Rare"
      ],
      "count": {
        "Secret Rare": 1
      }
    },
    {
      "card_name": "Lavalval Dragun",
      "set_number": "HA06-EN048",
      "rarities": [
        "Secret Rare"
      ],
      "count": {
        "Secret Rare": 1
      }
    },
    {
      "card_name": "Daigusto Falcos",
      "set_number": "HA06-EN049",
      "rarities": [
        "Secret Rare"
      ],
      "count": {
        "Secret Rare": 1
      }
    },
    {
      "card_name": "Gem-Knight Pearl",
      "set_number": "HA06-EN050",
      "rarities": [
        "Secret Rare"
      ],
      "count": {
        "Secret Rare": 1
      }
    },
    {
      "card_name": "Lavalval Ignis",
      "set_number": "HA06-EN051",
      "rarities": [
        "Secret Rare"
      ],
      "count": {
        "Secret Rare": 1
      }
    },
    {
      "card_name": "Vylon Disigma",
      "set_number": "HA06-EN052",
      "rarities": [
        "Secret Rare"
      ],
      "count": {
        "Secret Rare": 1
      }
    },
    {
      "card_name": "Evigishki Merrowgeist",
      "set_number": "HA06-EN053",
      "rarities": [
        "Secret Rare"
      ],
      "count": {
        "Secret Rare": 1
      }
    },
    {
      "card_name": "Daigusto Phoenix",
      "set_number": "HA06-EN054",
      "rarities": [
        "Secret Rare"
      ],
      "count": {
        "Secret Rare": 1
      }
    },
    {
      "card_name": "Particle Fusion",
      "set_number": "HA06-EN055",
      "rarities": [
        "Super Rare"
      ],
      "count": {
        "Super Rare": 1
      }
    },
    {
      "card_name": "Vylon Polytope",
      "set_number": "HA06-EN056",
      "rarities": [
        "Super Rare"
      ],
      "count": {
        "Super Rare": 1
      }
    },
    {
      "card_name": "Vylon Segment",
      "set_number": "HA06-EN057",
      "rarities": [
        "Super Rare"
      ],
      "count": {
        "Super Rare": 1
      }
    },
    {
      "card_name": "Dustflame Blast",
      "set_number": "HA06-EN058",
      "rarities": [
        "Super Rare"
      ],
      "count": {
        "Super Rare": 1
      }
    },
    {
      "card_name": "Aquamirror Illusion",
      "set_number": "HA06-EN059",
      "rarities": [
        "Super Rare"
      ],
      "count": {
        "Super Rare": 1
      }
    },
    {
      "card_name": "Whirlwind of Gusto",
      "set_number": "HA06-EN060",
      "rarities": [
        "Super Rare"
      ],
      "count": {
        "Super Rare": 1
      }
    }
  ]
}