{
  "name": "Hobby League 2",
  "type": "Duelist League Promo Cards",
  "date": "2006-06-21",
  "distribution": "duelist_league_promo_cards",
  "prefix": "HL2",
  "sub_sets": [],
  "load": false,
  "cards": [
    {
      "card_name": "Cyber Jar",
      "set_number": "HL2-EN001",
      "rarities": [
        "Ultra Parallel Rare"
      ],
      "count": {
        "Ultra Parallel Rare": 1
      }
    },
    {
      "card_name": "Mystical Space Typhoon",
      "set_number": "HL2-EN002",
      "rarities": [
        "Ultra Parallel Rare"
      ],
      "count": {
        "Ultra Parallel Rare": 1
      }
    },
    {
      "card_name": "Sangan",
      "set_number": "HL2-EN003",
      "rarities": [
        "Ultra Parallel Rare"
      ],
      "count": {
        "Ultra Parallel Rare": 1
      }
    },
    {
      "card_name": "Heavy Storm",
      "set_number": "HL2-EN004",
      "rarities": [
        "Ultra Parallel Rare"
      ],
      "count": {
        "Ultra Parallel Rare": 1
      }
    },
    {
      "card_name": "Marauding Captain",
      "set_number": "HL2-EN005",
      "rarities": [
        "Ultra Parallel Rare"
      ],
      "count": {
        "Ultra Parallel Rare": 1
      }
    },
    {
      "card_name": "Fissure",
      "set_number": "HL2-EN006",
      "rarities": [
        "Ultra Parallel Rare"
      ],
      "count": {
        "Ultra Parallel Rare": 1
      }
    }
  ]
}