{
  "name": "Invasion of Chaos: Special Edition",
  "type": "Special Edition Promo Cards",
  "date": "2004-04-01",
  "distribution": "special_edition_promo_cards",
  "prefix": "IOC",
  "sub_sets": [],
  "load": true,
  "cards": [
    {
      "card_name": "Gemini Elf",
      "set_number": "IOC-EN1",
      "rarities": [
        "Ultra Rare"
      ],
      "count": {
        "Ultra Rare": 1
      }
    },
    {
      "card_name": "Lava Golem",
      "set_number": "IOC-EN2",
      "rarities": [
        "Ultra Rare"
      ],
      "count": {
        "Ultra Rare": 1
      }
    },
    {
      "card_name": "Magic Cylinder",
      "set_number": "IOC-EN3",
      "rarities": [
        "Ultra Rare"
      ],
      "count": {
        "Ultra Rare": 1
      }
    },
    {
      "card_name": "Ring of Destruction",
      "set_number": "IOC-EN4",
      "rarities": [
        "Ultra Rare"
      ],
      "count": {
        "Ultra Rare": 1
      }
    }
  ]
}
