{
  "name": "Judgment of the Light",
  "type": "Booster Pack",
  "date": "2013-04-20",
  "distribution": "booster_pack",
  "prefix": "JOTL",
  "sub_sets": [],
  "load": true,
  "cards": [
    {
      "card_name": "Galaxy Serpent",
      "set_number": "JOTL-EN000",
      "rarities": [
        "Super Rare"
      ],
      "count": {
        "Super Rare": 1
      }
    },
    {
      "card_name": "DZW - Chimera Clad",
      "set_number": "JOTL-EN001",
      "rarities": [
        "Rare"
      ],
      "count": {
        "Rare": 1
      }
    },
    {
      "card_name": "V Salamander",
      "set_number": "JOTL-EN002",
      "rarities": [
        "Rare"
      ],
      "count": {
        "Rare": 1
      }
    },
    {
      "card_name": "Interceptomato",
      "set_number": "JOTL-EN003",
      "rarities": [
        "Common"
      ],
      "count": {
        "Common": 1
      }
    },
    {
      "card_name": "Spell Recycler",
      "set_number": "JOTL-EN004",
      "rarities": [
        "Common"
      ],
      "count": {
        "Common": 1
      }
    },
    {
      "card_name": "Xyz Agent",
      "set_number": "JOTL-EN005",
      "rarities": [
        "Common"
      ],
      "count": {
        "Common": 1
      }
    },
    {
      "card_name": "Super Defense Robot Lio",
      "set_number": "JOTL-EN006",
      "rarities": [
        "Common"
      ],
      "count": {
        "Common": 1
      }
    },
    {
      "card_name": "Super Defense Robot Elephan",
      "set_number": "JOTL-EN007",
      "rarities": [
        "Common"
      ],
      "count": {
        "Common": 1
      }
    },
    {
      "card_name": "Super Defense Robot Monki",
      "set_number": "JOTL-EN008",
      "rarities": [
        "Common"
      ],
      "count": {
        "Common": 1
      }
    },
    {
      "card_name": "Star Seraph Scout",
      "set_number": "JOTL-EN009",
      "rarities": [
        "Common"
      ],
      "count": {
        "Common": 1
      }
    },
    {
      "card_name": "Star Seraph Sage",
      "set_number": "JOTL-EN010",
      "rarities": [
        "Common"
      ],
      "count": {
        "Common": 1
      }
    },
    {
      "card_name": "Star Seraph Sword",
      "set_number": "JOTL-EN011",
      "rarities": [
        "Common"
      ],
      "count": {
        "Common": 1
      }
    },
    {
      "card_name": "Umbral Horror Ghoul",
      "set_number": "JOTL-EN012",
      "rarities": [
        "Common"
      ],
      "count": {
        "Common": 1
      }
    },
    {
      "card_name": "Umbral Horror Unform",
      "set_number": "JOTL-EN013",
      "rarities": [
        "Common"
      ],
      "count": {
        "Common": 1
      }
    },
    {
      "card_name": "Umbral Horror Will o' the Wisp",
      "set_number": "JOTL-EN014",
      "rarities": [
        "Common"
      ],
      "count": {
        "Common": 1
      }
    },
    {
      "card_name": "Schwarzschild Limit Dragon",
      "set_number": "JOTL-EN015",
      "rarities": [
        "Common"
      ],
      "count": {
        "Common": 1
      }
    },
    {
      "card_name": "Bujin Yamato",
      "set_number": "JOTL-EN016",
      "rarities": [
        "Ultra Rare"
      ],
      "count": {
        "Ultra Rare": 1
      }
    },
    {
      "card_name": "Bujingi Quilin",
      "set_number": "JOTL-EN017",
      "rarities": [
        "Super Rare"
      ],
      "count": {
        "Super Rare": 1
      }
    },
    {
      "card_name": "Bujingi Turtle",
      "set_number": "JOTL-EN018",
      "rarities": [
        "Common"
      ],
      "count": {
        "Common": 1
      }
    },
    {
      "card_name": "Bujingi Wolf",
      "set_number": "JOTL-EN019",
      "rarities": [
        "Common"
      ],
      "count": {
        "Common": 1
      }
    },
    {
      "card_name": "Bujingi Crane",
      "set_number": "JOTL-EN020",
      "rarities": [
        "Rare"
      ],
      "count": {
        "Rare": 1
      }
    },
    {
      "card_name": "Bujingi Ophidian",
      "set_number": "JOTL-EN021",
      "rarities": [
        "Common"
      ],
      "count": {
        "Common": 1
      }
    },
    {
      "card_name": "Mecha Phantom Beast Warbluran",
      "set_number": "JOTL-EN022",
      "rarities": [
        "Rare"
      ],
      "count": {
        "Rare": 1
      }
    },
    {
      "card_name": "Mecha Phantom Beast Blue Impala",
      "set_number": "JOTL-EN023",
      "rarities": [
        "Ultra Rare"
      ],
      "count": {
        "Ultra Rare": 1
      }
    },
    {
      "card_name": "Mecha Phantom Beast Coltwing",
      "set_number": "JOTL-EN024",
      "rarities": [
        "Common"
      ],
      "count": {
        "Common": 1
      }
    },
    {
      "card_name": "Mecha Phantom Beast Harrliard",
      "set_number": "JOTL-EN025",
      "rarities": [
        "Common"
      ],
      "count": {
        "Common": 1
      }
    },
    {
      "card_name": "Brotherhood of the Fire Fist - Boar",
      "set_number": "JOTL-EN026",
      "rarities": [
        "Rare"
      ],
      "count": {
        "Rare": 1
      }
    },
    {
      "card_name": "Brotherhood of the Fire Fist - Caribou",
      "set_number": "JOTL-EN027",
      "rarities": [
        "Common"
      ],
      "count": {
        "Common": 1
      }
    },
    {
      "card_name": "World of Prophecy",
      "set_number": "JOTL-EN028",
      "rarities": [
        "Secret Rare"
      ],
      "count": {
        "Secret Rare": 1
      }
    },
    {
      "card_name": "Archfiend Heiress",
      "set_number": "JOTL-EN029",
      "rarities": [
        "Rare"
      ],
      "count": {
        "Rare": 1
      }
    },
    {
      "card_name": "Archfiend Cavalry",
      "set_number": "JOTL-EN030",
      "rarities": [
        "Rare"
      ],
      "count": {
        "Rare": 1
      }
    },
    {
      "card_name": "Archfiend Emperor, the First Lord of Horror",
      "set_number": "JOTL-EN031",
      "rarities": [
        "Rare"
      ],
      "count": {
        "Rare": 1
      }
    },
    {
      "card_name": "Traptrix Atrax",
      "set_number": "JOTL-EN032",
      "rarities": [
        "Rare"
      ],
      "count": {
        "Rare": 1
      }
    },
    {
      "card_name": "Traptrix Myrmeleo",
      "set_number": "JOTL-EN033",
      "rarities": [
        "Rare"
      ],
      "count": {
        "Rare": 1
      }
    },
    {
      "card_name": "Traptrix Nepenthes",
      "set_number": "JOTL-EN034",
      "rarities": [
        "Common"
      ],
      "count": {
        "Common": 1
      }
    },
    {
      "card_name": "The Calibrator",
      "set_number": "JOTL-EN035",
      "rarities": [
        "Common"
      ],
      "count": {
        "Common": 1
      }
    },
    {
      "card_name": "Talaya, Princess of Cherry Blossoms",
      "set_number": "JOTL-EN036",
      "rarities": [
        "Super Rare"
      ],
      "count": {
        "Super Rare": 1
      }
    },
    {
      "card_name": "Cheepcheepcheep",
      "set_number": "JOTL-EN037",
      "rarities": [
        "Common"
      ],
      "count": {
        "Common": 1
      }
    },
    {
      "card_name": "Masked Chameleon",
      "set_number": "JOTL-EN038",
      "rarities": [
        "Ultra Rare"
      ],
      "count": {
        "Ultra Rare": 1
      }
    },
    {
      "card_name": "Flying \"C\"",
      "set_number": "JOTL-EN039",
      "rarities": [
        "Short Print"
      ],
      "count": {
        "Short Print": 1
      }
    },
    {
      "card_name": "Yellow Duston",
      "set_number": "JOTL-EN040",
      "rarities": [
        "Short Print"
      ],
      "count": {
        "Short Print": 1
      }
    },
    {
      "card_name": "Mecha Phantom Beast Concoruda",
      "set_number": "JOTL-EN041",
      "rarities": [
        "Super Rare"
      ],
      "count": {
        "Super Rare": 1
      }
    },
    {
      "card_name": "Brotherhood of the Fire Fist - Kirin",
      "set_number": "JOTL-EN042",
      "rarities": [
        "Rare"
      ],
      "count": {
        "Rare": 1
      }
    },
    {
      "card_name": "Mist Bird Clausolas",
      "set_number": "JOTL-EN043",
      "rarities": [
        "Super Rare"
      ],
      "count": {
        "Super Rare": 1
      }
    },
    {
      "card_name": "Underworld Fighter Balmung",
      "set_number": "JOTL-EN044",
      "rarities": [
        "Rare"
      ],
      "count": {
        "Rare": 1
      }
    },
    {
      "card_name": "Armades, Keeper of Boundaries",
      "set_number": "JOTL-EN045",
      "rarities": [
        "Secret Rare"
      ],
      "count": {
        "Secret Rare": 1
      }
    },
    {
      "card_name": "HTS Psyhemuth",
      "set_number": "JOTL-EN046",
      "rarities": [
        "Super Rare"
      ],
      "count": {
        "Super Rare": 1
      }
    },
    {
      "card_name": "Star Eater",
      "set_number": "JOTL-EN047",
      "rarities": [
        "Ultimate Rare",
        "Ghost Rare",
        "Secret Rare"
      ],
      "count": {
        "Ultimate Rare": 1,
        "Ghost Rare": 1,
        "Secret Rare": 1
      }
    },
    {
      "card_name": "Number C39: Utopia Ray Victory",
      "set_number": "JOTL-EN048",
      "rarities": [
        "Super Rare",
        "Ultimate Rare"
      ],
      "count": {
        "Super Rare": 1,
        "Ultimate Rare": 1
      }
    },
    {
      "card_name": "Shark Caesar",
      "set_number": "JOTL-EN049",
      "rarities": [
        "Common"
      ],
      "count": {
        "Common": 1
      }
    },
    {
      "card_name": "Starliege Lord Galaxion",
      "set_number": "JOTL-EN050",
      "rarities": [
        "Super Rare"
      ],
      "count": {
        "Super Rare": 1
      }
    },
    {
      "card_name": "Googly-Eyes Drum Dragon",
      "set_number": "JOTL-EN051",
      "rarities": [
        "Common"
      ],
      "count": {
        "Common": 1
      }
    },
    {
      "card_name": "Ice Princess Zereort",
      "set_number": "JOTL-EN052",
      "rarities": [
        "Common"
      ],
      "count": {
        "Common": 1
      }
    },
    {
      "card_name": "Number 102: Star Seraph Sentry",
      "set_number": "JOTL-EN053",
      "rarities": [
        "Rare"
      ],
      "count": {
        "Rare": 1
      }
    },
    {
      "card_name": "Number 66: Master Key Beetle",
      "set_number": "JOTL-EN054",
      "rarities": [
        "Super Rare"
      ],
      "count": {
        "Super Rare": 1
      }
    },
    {
      "card_name": "Number 104: Masquerade",
      "set_number": "JOTL-EN055",
      "rarities": [
        "Rare"
      ],
      "count": {
        "Rare": 1
      }
    },
    {
      "card_name": "Number C104: Umbral Horror Masquerade",
      "set_number": "JOTL-EN056",
      "rarities": [
        "Ultimate Rare",
        "Super Rare"
      ],
      "count": {
        "Ultimate Rare": 1,
        "Super Rare": 1
      }
    },
    {
      "card_name": "Bujintei Susanowo",
      "set_number": "JOTL-EN057",
      "rarities": [
        "Ultimate Rare",
        "Ultra Rare"
      ],
      "count": {
        "Ultimate Rare": 1,
        "Ultra Rare": 1
      }
    },
    {
      "card_name": "Herald of Pure Light",
      "set_number": "JOTL-EN058",
      "rarities": [
        "Super Rare"
      ],
      "count": {
        "Super Rare": 1
      }
    },
    {
      "card_name": "Rank-Up-Magic Numeron Force",
      "set_number": "JOTL-EN059",
      "rarities": [
        "Ultimate Rare",
        "Ultra Rare"
      ],
      "count": {
        "Ultimate Rare": 1,
        "Ultra Rare": 1
      }
    },
    {
      "card_name": "Xyz Reception",
      "set_number": "JOTL-EN060",
      "rarities": [
        "Common"
      ],
      "count": {
        "Common": 1
      }
    },
    {
      "card_name": "Sargasso the D.D. Battlefield",
      "set_number": "JOTL-EN061",
      "rarities": [
        "Common"
      ],
      "count": {
        "Common": 1
      }
    },
    {
      "card_name": "Sargasso Lighthouse",
      "set_number": "JOTL-EN062",
      "rarities": [
        "Common"
      ],
      "count": {
        "Common": 1
      }
    },
    {
      "card_name": "Bujincarnation",
      "set_number": "JOTL-EN063",
      "rarities": [
        "Rare"
      ],
      "count": {
        "Rare": 1
      }
    },
    {
      "card_name": "Vertical Landing",
      "set_number": "JOTL-EN064",
      "rarities": [
        "Common"
      ],
      "count": {
        "Common": 1
      }
    },
    {
      "card_name": "Fire Formation - Yoko",
      "set_number": "JOTL-EN065",
      "rarities": [
        "Super Rare"
      ],
      "count": {
        "Super Rare": 1
      }
    },
    {
      "card_name": "Archfiend Palabyrinth",
      "set_number": "JOTL-EN066",
      "rarities": [
        "Rare"
      ],
      "count": {
        "Rare": 1
      }
    },
    {
      "card_name": "Transmodify",
      "set_number": "JOTL-EN067",
      "rarities": [
        "Secret Rare"
      ],
      "count": {
        "Secret Rare": 1
      }
    },
    {
      "card_name": "Black and White Wave",
      "set_number": "JOTL-EN068",
      "rarities": [
        "Common"
      ],
      "count": {
        "Common": 1
      }
    },
    {
      "card_name": "Single Purchase",
      "set_number": "JOTL-EN069",
      "rarities": [
        "Short Print"
      ],
      "count": {
        "Short Print": 1
      }
    },
    {
      "card_name": "Reverse Glasses",
      "set_number": "JOTL-EN070",
      "rarities": [
        "Common"
      ],
      "count": {
        "Common": 1
      }
    },
    {
      "card_name": "Xyz Revenge Shuffle",
      "set_number": "JOTL-EN071",
      "rarities": [
        "Common"
      ],
      "count": {
        "Common": 1
      }
    },
    {
      "card_name": "Corrupted Keys",
      "set_number": "JOTL-EN072",
      "rarities": [
        "Rare"
      ],
      "count": {
        "Rare": 1
      }
    },
    {
      "card_name": "Vain Betrayer",
      "set_number": "JOTL-EN073",
      "rarities": [
        "Common"
      ],
      "count": {
        "Common": 1
      }
    },
    {
      "card_name": "Bujin Regalia - The Sword",
      "set_number": "JOTL-EN074",
      "rarities": [
        "Common"
      ],
      "count": {
        "Common": 1
      }
    },
    {
      "card_name": "Bujinfidel",
      "set_number": "JOTL-EN075",
      "rarities": [
        "Common"
      ],
      "count": {
        "Common": 1
      }
    },
    {
      "card_name": "Sonic Boom",
      "set_number": "JOTL-EN076",
      "rarities": [
        "Common"
      ],
      "count": {
        "Common": 1
      }
    },
    {
      "card_name": "Traptrix Trap Hole Nightmare",
      "set_number": "JOTL-EN077",
      "rarities": [
        "Super Rare"
      ],
      "count": {
        "Super Rare": 1
      }
    },
    {
      "card_name": "Xyz Reversal",
      "set_number": "JOTL-EN078",
      "rarities": [
        "Common"
      ],
      "count": {
        "Common": 1
      }
    },
    {
      "card_name": "Shapesister",
      "set_number": "JOTL-EN079",
      "rarities": [
        "Ultra Rare"
      ],
      "count": {
        "Ultra Rare": 1
      }
    },
    {
      "card_name": "Armageddon Designator",
      "set_number": "JOTL-EN080",
      "rarities": [
        "Short Print"
      ],
      "count": {
        "Short Print": 1
      }
    },
    {
      "card_name": "Bujingi Warg",
      "set_number": "JOTL-EN081",
      "rarities": [
        "Common"
      ],
      "count": {
        "Common": 1
      }
    },
    {
      "card_name": "Mecha Phantom Beast Aerosguin",
      "set_number": "JOTL-EN082",
      "rarities": [
        "Ultra Rare"
      ],
      "count": {
        "Ultra Rare": 1
      }
    },
    {
      "card_name": "Cockadoodledoo",
      "set_number": "JOTL-EN083",
      "rarities": [
        "Ultra Rare"
      ],
      "count": {
        "Ultra Rare": 1
      }
    },
    {
      "card_name": "Noble Knight Drystan",
      "set_number": "JOTL-EN084",
      "rarities": [
        "Secret Rare"
      ],
      "count": {
        "Secret Rare": 1
      }
    },
    {
      "card_name": "Tour Bus To Forbidden Realms",
      "set_number": "JOTL-EN085",
      "rarities": [
        "Rare"
      ],
      "count": {
        "Rare": 1
      }
    },
    {
      "card_name": "Confronting the \"C\"",
      "set_number": "JOTL-EN086",
      "rarities": [
        "Rare"
      ],
      "count": {
        "Rare": 1
      }
    },
    {
      "card_name": "Angel of Zera",
      "set_number": "JOTL-EN087",
      "rarities": [
        "Secret Rare"
      ],
      "count": {
        "Secret Rare": 1
      }
    },
    {
      "card_name": "Xyz Encore",
      "set_number": "JOTL-EN088",
      "rarities": [
        "Ultra Rare"
      ],
      "count": {
        "Ultra Rare": 1
      }
    },
    {
      "card_name": "Moon Dance Ritual",
      "set_number": "JOTL-EN089",
      "rarities": [
        "Rare"
      ],
      "count": {
        "Rare": 1
      }
    },
    {
      "card_name": "The Atmosphere",
      "set_number": "JOTL-EN090",
      "rarities": [
        "Common"
      ],
      "count": {
        "Common": 1
      }
    },
    {
      "card_name": "Junk Blader",
      "set_number": "JOTL-EN091",
      "rarities": [
        "Common"
      ],
      "count": {
        "Common": 1
      }
    },
    {
      "card_name": "Coach Captain Bearman",
      "set_number": "JOTL-EN092",
      "rarities": [
        "Ultra Rare"
      ],
      "count": {
        "Ultra Rare": 1
      }
    },
    {
      "card_name": "Coach Soldier Wolfbark",
      "set_number": "JOTL-EN093",
      "rarities": [
        "Secret Rare"
      ],
      "count": {
        "Secret Rare": 1
      }
    },
    {
      "card_name": "Brotherhood of the Fire Fist - Rooster",
      "set_number": "JOTL-EN094",
      "rarities": [
        "Secret Rare"
      ],
      "count": {
        "Secret Rare": 1
      }
    },
    {
      "card_name": "Fire King Avatar Yaksha",
      "set_number": "JOTL-EN095",
      "rarities": [
        "Super Rare"
      ],
      "count": {
        "Super Rare": 1
      }
    },
    {
      "card_name": "Fishborg Archer",
      "set_number": "JOTL-EN096",
      "rarities": [
        "Common"
      ],
      "count": {
        "Common": 1
      }
    },
    {
      "card_name": "Fencing Fire Ferret",
      "set_number": "JOTL-EN097",
      "rarities": [
        "Common"
      ],
      "count": {
        "Common": 1
      }
    },
    {
      "card_name": "Kujakujaku",
      "set_number": "JOTL-EN098",
      "rarities": [
        "Common"
      ],
      "count": {
        "Common": 1
      }
    },
    {
      "card_name": "Madolche Chickolates",
      "set_number": "JOTL-EN099",
      "rarities": [
        "Common"
      ],
      "count": {
        "Common": 1
      }
    }
  ]
}
