{
  "name": "Legacy of the Valiant",
  "type": "Booster Pack",
  "date": "2013-11-16",
  "distribution": "booster_pack",
  "prefix": "LVAL",
  "sub_sets": [],
  "load": true,
  "cards": [
    {
      "card_name": "Sylvan Bladefender",
      "set_number": "LVAL-EN000",
      "rarities": [
        "Super Rare"
      ],
      "count": {
        "Super Rare": 1
      }
    },
    {
      "card_name": "White Duston",
      "set_number": "LVAL-EN001",
      "rarities": [
        "Short Print"
      ],
      "count": {
        "Short Print": 1
      }
    },
    {
      "card_name": "ZW - Asura Strike",
      "set_number": "LVAL-EN002",
      "rarities": [
        "Rare"
      ],
      "count": {
        "Rare": 1
      }
    },
    {
      "card_name": "Gillagillancer",
      "set_number": "LVAL-EN003",
      "rarities": [
        "Common"
      ],
      "count": {
        "Common": 1
      }
    },
    {
      "card_name": "Rainbow Kuriboh",
      "set_number": "LVAL-EN004",
      "rarities": [
        "Secret Rare"
      ],
      "count": {
        "Secret Rare": 1
      }
    },
    {
      "card_name": "Overlay Sentinel",
      "set_number": "LVAL-EN005",
      "rarities": [
        "Common"
      ],
      "count": {
        "Common": 1
      }
    },
    {
      "card_name": "Overlay Booster",
      "set_number": "LVAL-EN006",
      "rarities": [
        "Common"
      ],
      "count": {
        "Common": 1
      }
    },
    {
      "card_name": "Photon Chargeman",
      "set_number": "LVAL-EN007",
      "rarities": [
        "Common"
      ],
      "count": {
        "Common": 1
      }
    },
    {
      "card_name": "Chronomaly Moai Carrier",
      "set_number": "LVAL-EN008",
      "rarities": [
        "Common"
      ],
      "count": {
        "Common": 1
      }
    },
    {
      "card_name": "Chronomaly Winged Sphinx",
      "set_number": "LVAL-EN009",
      "rarities": [
        "Common"
      ],
      "count": {
        "Common": 1
      }
    },
    {
      "card_name": "Deep-Space Cruiser IX",
      "set_number": "LVAL-EN010",
      "rarities": [
        "Common"
      ],
      "count": {
        "Common": 1
      }
    },
    {
      "card_name": "Gorgonic Golem",
      "set_number": "LVAL-EN011",
      "rarities": [
        "Common"
      ],
      "count": {
        "Common": 1
      }
    },
    {
      "card_name": "Gorgonic Gargoyle",
      "set_number": "LVAL-EN012",
      "rarities": [
        "Common"
      ],
      "count": {
        "Common": 1
      }
    },
    {
      "card_name": "Gorgonic Ghoul",
      "set_number": "LVAL-EN013",
      "rarities": [
        "Common"
      ],
      "count": {
        "Common": 1
      }
    },
    {
      "card_name": "Gorgonic Cerberus",
      "set_number": "LVAL-EN014",
      "rarities": [
        "Common"
      ],
      "count": {
        "Common": 1
      }
    },
    {
      "card_name": "Sylvan Peaskeeper",
      "set_number": "LVAL-EN015",
      "rarities": [
        "Rare"
      ],
      "count": {
        "Rare": 1
      }
    },
    {
      "card_name": "Sylvan Komushroomo",
      "set_number": "LVAL-EN016",
      "rarities": [
        "Rare"
      ],
      "count": {
        "Rare": 1
      }
    },
    {
      "card_name": "Sylvan Marshalleaf",
      "set_number": "LVAL-EN017",
      "rarities": [
        "Ultra Rare"
      ],
      "count": {
        "Ultra Rare": 1
      }
    },
    {
      "card_name": "Sylvan Flowerknight",
      "set_number": "LVAL-EN018",
      "rarities": [
        "Super Rare"
      ],
      "count": {
        "Super Rare": 1
      }
    },
    {
      "card_name": "Sylvan Guardioak",
      "set_number": "LVAL-EN019",
      "rarities": [
        "Common"
      ],
      "count": {
        "Common": 1
      }
    },
    {
      "card_name": "Sylvan Hermitree",
      "set_number": "LVAL-EN020",
      "rarities": [
        "Ultra Rare"
      ],
      "count": {
        "Ultra Rare": 1
      }
    },
    {
      "card_name": "Ghostrick Jackfrost",
      "set_number": "LVAL-EN021",
      "rarities": [
        "Common"
      ],
      "count": {
        "Common": 1
      }
    },
    {
      "card_name": "Ghostrick Mary",
      "set_number": "LVAL-EN022",
      "rarities": [
        "Super Rare"
      ],
      "count": {
        "Super Rare": 1
      }
    },
    {
      "card_name": "Ghostrick Nekomusume",
      "set_number": "LVAL-EN023",
      "rarities": [
        "Common"
      ],
      "count": {
        "Common": 1
      }
    },
    {
      "card_name": "Ghostrick Skeleton",
      "set_number": "LVAL-EN024",
      "rarities": [
        "Common"
      ],
      "count": {
        "Common": 1
      }
    },
    {
      "card_name": "Ghostrick Mummy",
      "set_number": "LVAL-EN025",
      "rarities": [
        "Common"
      ],
      "count": {
        "Common": 1
      }
    },
    {
      "card_name": "Bujin Arasuda",
      "set_number": "LVAL-EN026",
      "rarities": [
        "Ultra Rare"
      ],
      "count": {
        "Ultra Rare": 1
      }
    },
    {
      "card_name": "Bujingi Peacock",
      "set_number": "LVAL-EN027",
      "rarities": [
        "Rare"
      ],
      "count": {
        "Rare": 1
      }
    },
    {
      "card_name": "Bujingi Swallow",
      "set_number": "LVAL-EN028",
      "rarities": [
        "Common"
      ],
      "count": {
        "Common": 1
      }
    },
    {
      "card_name": "Bujingi Fox",
      "set_number": "LVAL-EN029",
      "rarities": [
        "Rare"
      ],
      "count": {
        "Rare": 1
      }
    },
    {
      "card_name": "Bujingi Hare",
      "set_number": "LVAL-EN030",
      "rarities": [
        "Super Rare"
      ],
      "count": {
        "Super Rare": 1
      }
    },
    {
      "card_name": "Gravekeeper's Nobleman",
      "set_number": "LVAL-EN031",
      "rarities": [
        "Ultra Rare"
      ],
      "count": {
        "Ultra Rare": 1
      }
    },
    {
      "card_name": "Gravekeeper's Ambusher",
      "set_number": "LVAL-EN032",
      "rarities": [
        "Common"
      ],
      "count": {
        "Common": 1
      }
    },
    {
      "card_name": "Gravekeeper's Shaman",
      "set_number": "LVAL-EN033",
      "rarities": [
        "Super Rare"
      ],
      "count": {
        "Super Rare": 1
      }
    },
    {
      "card_name": "Gravekeeper's Oracle",
      "set_number": "LVAL-EN034",
      "rarities": [
        "Ultra Rare"
      ],
      "count": {
        "Ultra Rare": 1
      }
    },
    {
      "card_name": "Mystic Macrocarpa Seed",
      "set_number": "LVAL-EN035",
      "rarities": [
        "Common"
      ],
      "count": {
        "Common": 1
      }
    },
    {
      "card_name": "Kalantosa, Mystical Beast of the Forest",
      "set_number": "LVAL-EN036",
      "rarities": [
        "Common"
      ],
      "count": {
        "Common": 1
      }
    },
    {
      "card_name": "Nikitama",
      "set_number": "LVAL-EN037",
      "rarities": [
        "Rare"
      ],
      "count": {
        "Rare": 1
      }
    },
    {
      "card_name": "Black Brachios",
      "set_number": "LVAL-EN038",
      "rarities": [
        "Common"
      ],
      "count": {
        "Common": 1
      }
    },
    {
      "card_name": "ChirubimÃ©, Princess of Autumn Leaves",
      "set_number": "LVAL-EN039",
      "rarities": [
        "Super Rare"
      ],
      "count": {
        "Super Rare": 1
      }
    },
    {
      "card_name": "Mobius the Mega Monarch",
      "set_number": "LVAL-EN040",
      "rarities": [
        "Secret Rare",
        "Ghost Rare"
      ],
      "count": {
        "Secret Rare": 1,
        "Ghost Rare": 1
      }
    },
    {
      "card_name": "Sirenorca",
      "set_number": "LVAL-EN041",
      "rarities": [
        "Common"
      ],
      "count": {
        "Common": 1
      }
    },
    {
      "card_name": "Xyz Avenger",
      "set_number": "LVAL-EN042",
      "rarities": [
        "Common"
      ],
      "count": {
        "Common": 1
      }
    },
    {
      "card_name": "Tackle Crusader",
      "set_number": "LVAL-EN043",
      "rarities": [
        "Common"
      ],
      "count": {
        "Common": 1
      }
    },
    {
      "card_name": "Majiosheldon",
      "set_number": "LVAL-EN044",
      "rarities": [
        "Short Print"
      ],
      "count": {
        "Short Print": 1
      }
    },
    {
      "card_name": "Paladin of Photon Dragon",
      "set_number": "LVAL-EN045",
      "rarities": [
        "Rare"
      ],
      "count": {
        "Rare": 1
      }
    },
    {
      "card_name": "Number C101: Silent Honor DARK",
      "set_number": "LVAL-EN046",
      "rarities": [
        "Ultimate Rare",
        "Ultra Rare"
      ],
      "count": {
        "Ultimate Rare": 1,
        "Ultra Rare": 1
      }
    },
    {
      "card_name": "Number 101: Silent Honor ARK",
      "set_number": "LVAL-EN047",
      "rarities": [
        "Ultimate Rare",
        "Ultra Rare"
      ],
      "count": {
        "Ultimate Rare": 1,
        "Ultra Rare": 1
      }
    },
    {
      "card_name": "Number 39: Utopia Roots",
      "set_number": "LVAL-EN048",
      "rarities": [
        "Ultimate Rare",
        "Rare"
      ],
      "count": {
        "Ultimate Rare": 1,
        "Rare": 1
      }
    },
    {
      "card_name": "Number C69: Heraldry Crest of Horror",
      "set_number": "LVAL-EN049",
      "rarities": [
        "Rare"
      ],
      "count": {
        "Rare": 1
      }
    },
    {
      "card_name": "Number C92: Heart-eartH Chaos Dragon",
      "set_number": "LVAL-EN050",
      "rarities": [
        "Rare"
      ],
      "count": {
        "Rare": 1
      }
    },
    {
      "card_name": "Gorgonic Guardian",
      "set_number": "LVAL-EN051",
      "rarities": [
        "Common"
      ],
      "count": {
        "Common": 1
      }
    },
    {
      "card_name": "Alsei, the Sylvan High Protector",
      "set_number": "LVAL-EN052",
      "rarities": [
        "Ultra Rare"
      ],
      "count": {
        "Ultra Rare": 1
      }
    },
    {
      "card_name": "Ghostrick Dullahan",
      "set_number": "LVAL-EN053",
      "rarities": [
        "Rare"
      ],
      "count": {
        "Rare": 1
      }
    },
    {
      "card_name": "Bujintei Tsukuyomi",
      "set_number": "LVAL-EN054",
      "rarities": [
        "Ultimate Rare",
        "Ultra Rare"
      ],
      "count": {
        "Ultimate Rare": 1,
        "Ultra Rare": 1
      }
    },
    {
      "card_name": "Fairy Knight Ingunar",
      "set_number": "LVAL-EN055",
      "rarities": [
        "Super Rare"
      ],
      "count": {
        "Super Rare": 1
      }
    },
    {
      "card_name": "Evilswarm Exciton Knight",
      "set_number": "LVAL-EN056",
      "rarities": [
        "Secret Rare"
      ],
      "count": {
        "Secret Rare": 1
      }
    },
    {
      "card_name": "Downerd Magician",
      "set_number": "LVAL-EN057",
      "rarities": [
        "Secret Rare"
      ],
      "count": {
        "Secret Rare": 1
      }
    },
    {
      "card_name": "Leo, the Keeper of the Sacred Tree",
      "set_number": "LVAL-EN058",
      "rarities": [
        "Rare"
      ],
      "count": {
        "Rare": 1
      }
    },
    {
      "card_name": "Rank-Up-Magic Astral Force",
      "set_number": "LVAL-EN059",
      "rarities": [
        "Ultimate Rare",
        "Ultra Rare"
      ],
      "count": {
        "Ultimate Rare": 1,
        "Ultra Rare": 1
      }
    },
    {
      "card_name": "Rank-Down-Magic Numeron Fall",
      "set_number": "LVAL-EN060",
      "rarities": [
        "Rare"
      ],
      "count": {
        "Rare": 1
      }
    },
    {
      "card_name": "Xyz Shift",
      "set_number": "LVAL-EN061",
      "rarities": [
        "Common"
      ],
      "count": {
        "Common": 1
      }
    },
    {
      "card_name": "Luminous Dragon Ritual",
      "set_number": "LVAL-EN062",
      "rarities": [
        "Common"
      ],
      "count": {
        "Common": 1
      }
    },
    {
      "card_name": "Mount Sylvania",
      "set_number": "LVAL-EN063",
      "rarities": [
        "Super Rare"
      ],
      "count": {
        "Super Rare": 1
      }
    },
    {
      "card_name": "Ghostrick Museum",
      "set_number": "LVAL-EN064",
      "rarities": [
        "Common"
      ],
      "count": {
        "Common": 1
      }
    },
    {
      "card_name": "Bujinunity",
      "set_number": "LVAL-EN065",
      "rarities": [
        "Rare"
      ],
      "count": {
        "Rare": 1
      }
    },
    {
      "card_name": "Hidden Temples of Necrovalley",
      "set_number": "LVAL-EN066",
      "rarities": [
        "Rare"
      ],
      "count": {
        "Rare": 1
      }
    },
    {
      "card_name": "Onomatopaira",
      "set_number": "LVAL-EN067",
      "rarities": [
        "Rare"
      ],
      "count": {
        "Rare": 1
      }
    },
    {
      "card_name": "Xyz Override",
      "set_number": "LVAL-EN068",
      "rarities": [
        "Common"
      ],
      "count": {
        "Common": 1
      }
    },
    {
      "card_name": "Stand-Off",
      "set_number": "LVAL-EN069",
      "rarities": [
        "Short Print"
      ],
      "count": {
        "Short Print": 1
      }
    },
    {
      "card_name": "Shared Ride",
      "set_number": "LVAL-EN070",
      "rarities": [
        "Secret Rare"
      ],
      "count": {
        "Secret Rare": 1
      }
    },
    {
      "card_name": "Release, Reverse, Burst",
      "set_number": "LVAL-EN071",
      "rarities": [
        "Common"
      ],
      "count": {
        "Common": 1
      }
    },
    {
      "card_name": "Purge Ray",
      "set_number": "LVAL-EN072",
      "rarities": [
        "Common"
      ],
      "count": {
        "Common": 1
      }
    },
    {
      "card_name": "Sylvan Blessing",
      "set_number": "LVAL-EN073",
      "rarities": [
        "Common"
      ],
      "count": {
        "Common": 1
      }
    },
    {
      "card_name": "Ghostrick-Go-Round",
      "set_number": "LVAL-EN074",
      "rarities": [
        "Rare"
      ],
      "count": {
        "Rare": 1
      }
    },
    {
      "card_name": "Bujin Regalia - The Jewel",
      "set_number": "LVAL-EN075",
      "rarities": [
        "Common"
      ],
      "count": {
        "Common": 1
      }
    },
    {
      "card_name": "Imperial Tombs of Necrovalley",
      "set_number": "LVAL-EN076",
      "rarities": [
        "Secret Rare"
      ],
      "count": {
        "Secret Rare": 1
      }
    },
    {
      "card_name": "The Monarchs Awaken",
      "set_number": "LVAL-EN077",
      "rarities": [
        "Common"
      ],
      "count": {
        "Common": 1
      }
    },
    {
      "card_name": "Skill Prisoner",
      "set_number": "LVAL-EN078",
      "rarities": [
        "Super Rare"
      ],
      "count": {
        "Super Rare": 1
      }
    },
    {
      "card_name": "Oath of Companionship",
      "set_number": "LVAL-EN079",
      "rarities": [
        "Rare"
      ],
      "count": {
        "Rare": 1
      }
    },
    {
      "card_name": "Duston Roller",
      "set_number": "LVAL-EN080",
      "rarities": [
        "Short Print"
      ],
      "count": {
        "Short Print": 1
      }
    },
    {
      "card_name": "Sylvan Mikorange",
      "set_number": "LVAL-EN081",
      "rarities": [
        "Rare"
      ],
      "count": {
        "Rare": 1
      }
    },
    {
      "card_name": "Ghostrick Yeti",
      "set_number": "LVAL-EN082",
      "rarities": [
        "Common"
      ],
      "count": {
        "Common": 1
      }
    },
    {
      "card_name": "Bujingi Pavo",
      "set_number": "LVAL-EN083",
      "rarities": [
        "Super Rare"
      ],
      "count": {
        "Super Rare": 1
      }
    },
    {
      "card_name": "Gravekeeper's Heretic",
      "set_number": "LVAL-EN084",
      "rarities": [
        "Rare"
      ],
      "count": {
        "Rare": 1
      }
    },
    {
      "card_name": "Noble Knight Peredur",
      "set_number": "LVAL-EN085",
      "rarities": [
        "Super Rare"
      ],
      "count": {
        "Super Rare": 1
      }
    },
    {
      "card_name": "Gwenhwyfar, Queen of Noble Arms",
      "set_number": "LVAL-EN086",
      "rarities": [
        "Secret Rare"
      ],
      "count": {
        "Secret Rare": 1
      }
    },
    {
      "card_name": "Powered Inzektron",
      "set_number": "LVAL-EN087",
      "rarities": [
        "Super Rare"
      ],
      "count": {
        "Super Rare": 1
      }
    },
    {
      "card_name": "Obedience Schooled",
      "set_number": "LVAL-EN088",
      "rarities": [
        "Super Rare"
      ],
      "count": {
        "Super Rare": 1
      }
    },
    {
      "card_name": "The First Monarch",
      "set_number": "LVAL-EN089",
      "rarities": [
        "Secret Rare"
      ],
      "count": {
        "Secret Rare": 1
      }
    },
    {
      "card_name": "Dark Artist",
      "set_number": "LVAL-EN090",
      "rarities": [
        "Common"
      ],
      "count": {
        "Common": 1
      }
    },
    {
      "card_name": "Swordsman from a Distant Land",
      "set_number": "LVAL-EN091",
      "rarities": [
        "Common"
      ],
      "count": {
        "Common": 1
      }
    },
    {
      "card_name": "Queen Angel of Roses",
      "set_number": "LVAL-EN092",
      "rarities": [
        "Super Rare"
      ],
      "count": {
        "Super Rare": 1
      }
    },
    {
      "card_name": "Rose Witch",
      "set_number": "LVAL-EN093",
      "rarities": [
        "Common"
      ],
      "count": {
        "Common": 1
      }
    },
    {
      "card_name": "Snapdragon",
      "set_number": "LVAL-EN094",
      "rarities": [
        "Common"
      ],
      "count": {
        "Common": 1
      }
    },
    {
      "card_name": "Alpacaribou, Mystical Beast of the Forest",
      "set_number": "LVAL-EN095",
      "rarities": [
        "Common"
      ],
      "count": {
        "Common": 1
      }
    },
    {
      "card_name": "Mighty Warrior",
      "set_number": "LVAL-EN096",
      "rarities": [
        "Common"
      ],
      "count": {
        "Common": 1
      }
    },
    {
      "card_name": "Dododo Buster",
      "set_number": "LVAL-EN097",
      "rarities": [
        "Common"
      ],
      "count": {
        "Common": 1
      }
    },
    {
      "card_name": "Interplanetarypurplythorny Beast",
      "set_number": "LVAL-EN098",
      "rarities": [
        "Common"
      ],
      "count": {
        "Common": 1
      }
    },
    {
      "card_name": "Starship Spy Plane",
      "set_number": "LVAL-EN099",
      "rarities": [
        "Common"
      ],
      "count": {
        "Common": 1
      }
    }
  ]
}
