{
  "name": "Legendary Dragon Decks",
  "type": "Misc",
  "date": "2017-10-06",
  "distribution": "misc",
  "prefix": "LEDD",
  "sub_sets": [],
  "load": true,
  "cards": [
    {
      "card_name": "Dark Magician the Dragon Knight",
      "set_number": "LEDD-ENA00",
      "rarities": [
        "Ultra Rare"
      ],
      "count": {
        "Ultra Rare": 1
      }
    },
    {
      "card_name": "Dark Magician",
      "set_number": "LEDD-ENA01",
      "rarities": [
        "Common"
      ],
      "count": {
        "Common": 1
      }
    },
    {
      "card_name": "Dark Magician Girl",
      "set_number": "LEDD-ENA02",
      "rarities": [
        "Common"
      ],
      "count": {
        "Common": 1
      }
    },
    {
      "card_name": "Apprentice Illusion Magician",
      "set_number": "LEDD-ENA03",
      "rarities": [
        "Ultra Rare"
      ],
      "count": {
        "Ultra Rare": 1
      }
    },
    {
      "card_name": "Magician's Robe",
      "set_number": "LEDD-ENA04",
      "rarities": [
        "Common"
      ],
      "count": {
        "Common": 1
      }
    },
    {
      "card_name": "Magician's Rod",
      "set_number": "LEDD-ENA05",
      "rarities": [
        "Common"
      ],
      "count": {
        "Common": 1
      }
    },
    {
      "card_name": "Skilled Dark Magician",
      "set_number": "LEDD-ENA06",
      "rarities": [
        "Common"
      ],
      "count": {
        "Common": 1
      }
    },
    {
      "card_name": "Legendary Knight Timaeus",
      "set_number": "LEDD-ENA07",
      "rarities": [
        "Common"
      ],
      "count": {
        "Common": 1
      }
    },
    {
      "card_name": "Legendary Knight Critias",
      "set_number": "LEDD-ENA08",
      "rarities": [
        "Common"
      ],
      "count": {
        "Common": 1
      }
    },
    {
      "card_name": "Legendary Knight Hermos",
      "set_number": "LEDD-ENA09",
      "rarities": [
        "Common"
      ],
      "count": {
        "Common": 1
      }
    },
    {
      "card_name": "Breaker the Magical Warrior",
      "set_number": "LEDD-ENA10",
      "rarities": [
        "Common"
      ],
      "count": {
        "Common": 1
      }
    },
    {
      "card_name": "Magical Exemplar",
      "set_number": "LEDD-ENA11",
      "rarities": [
        "Common"
      ],
      "count": {
        "Common": 1
      }
    },
    {
      "card_name": "Big Shield Gardna",
      "set_number": "LEDD-ENA12",
      "rarities": [
        "Common"
      ],
      "count": {
        "Common": 1
      }
    },
    {
      "card_name": "Absolute Crusader",
      "set_number": "LEDD-ENA13",
      "rarities": [
        "Common"
      ],
      "count": {
        "Common": 1
      }
    },
    {
      "card_name": "Dark Magic Curtain",
      "set_number": "LEDD-ENA14",
      "rarities": [
        "Common"
      ],
      "count": {
        "Common": 1
      }
    },
    {
      "card_name": "Dark Magical Circle",
      "set_number": "LEDD-ENA15",
      "rarities": [
        "Ultra Rare"
      ],
      "count": {
        "Ultra Rare": 1
      }
    },
    {
      "card_name": "Illusion Magic",
      "set_number": "LEDD-ENA16",
      "rarities": [
        "Common"
      ],
      "count": {
        "Common": 1
      }
    },
    {
      "card_name": "Dark Magic Expanded",
      "set_number": "LEDD-ENA17",
      "rarities": [
        "Common"
      ],
      "count": {
        "Common": 1
      }
    },
    {
      "card_name": "Dark Magic Inheritance",
      "set_number": "LEDD-ENA18",
      "rarities": [
        "Common"
      ],
      "count": {
        "Common": 1
      }
    },
    {
      "card_name": "Thousand Knives",
      "set_number": "LEDD-ENA19",
      "rarities": [
        "Common"
      ],
      "count": {
        "Common": 1
      }
    },
    {
      "card_name": "Dark Magic Attack",
      "set_number": "LEDD-ENA20",
      "rarities": [
        "Common"
      ],
      "count": {
        "Common": 1
      }
    },
    {
      "card_name": "The Eye of Timaeus",
      "set_number": "LEDD-ENA21",
      "rarities": [
        "Common"
      ],
      "count": {
        "Common": 1
      }
    },
    {
      "card_name": "The Fang of Critias",
      "set_number": "LEDD-ENA22",
      "rarities": [
        "Common"
      ],
      "count": {
        "Common": 1
      }
    },
    {
      "card_name": "The Claw of Hermos",
      "set_number": "LEDD-ENA23",
      "rarities": [
        "Common"
      ],
      "count": {
        "Common": 1
      }
    },
    {
      "card_name": "Legend of Heart",
      "set_number": "LEDD-ENA24",
      "rarities": [
        "Common"
      ],
      "count": {
        "Common": 1
      }
    },
    {
      "card_name": "Swords of Revealing Light",
      "set_number": "LEDD-ENA25",
      "rarities": [
        "Common"
      ],
      "count": {
        "Common": 1
      }
    },
    {
      "card_name": "Pot of Duality",
      "set_number": "LEDD-ENA26",
      "rarities": [
        "Common"
      ],
      "count": {
        "Common": 1
      }
    },
    {
      "card_name": "Reinforcement of the Army",
      "set_number": "LEDD-ENA27",
      "rarities": [
        "Common"
      ],
      "count": {
        "Common": 1
      }
    },
    {
      "card_name": "Eternal Soul",
      "set_number": "LEDD-ENA28",
      "rarities": [
        "Ultra Rare"
      ],
      "count": {
        "Ultra Rare": 1
      }
    },
    {
      "card_name": "Magician Navigation",
      "set_number": "LEDD-ENA29",
      "rarities": [
        "Ultra Rare"
      ],
      "count": {
        "Ultra Rare": 1
      }
    },
    {
      "card_name": "Dark Renewal",
      "set_number": "LEDD-ENA30",
      "rarities": [
        "Common"
      ],
      "count": {
        "Common": 1
      }
    },
    {
      "card_name": "Crush Card Virus",
      "set_number": "LEDD-ENA31",
      "rarities": [
        "Common"
      ],
      "count": {
        "Common": 1
      }
    },
    {
      "card_name": "Mirror Force",
      "set_number": "LEDD-ENA32",
      "rarities": [
        "Common"
      ],
      "count": {
        "Common": 1
      }
    },
    {
      "card_name": "Tyrant Wing",
      "set_number": "LEDD-ENA33",
      "rarities": [
        "Common"
      ],
      "count": {
        "Common": 1
      }
    },
    {
      "card_name": "Dark Paladin",
      "set_number": "LEDD-ENA34",
      "rarities": [
        "Common"
      ],
      "count": {
        "Common": 1
      }
    },
    {
      "card_name": "Amulet Dragon",
      "set_number": "LEDD-ENA35",
      "rarities": [
        "Common"
      ],
      "count": {
        "Common": 1
      }
    },
    {
      "card_name": "Dark Magician Girl the Dragon Knight",
      "set_number": "LEDD-ENA36",
      "rarities": [
        "Common"
      ],
      "count": {
        "Common": 1
      }
    },
    {
      "card_name": "Doom Virus Dragon",
      "set_number": "LEDD-ENA37",
      "rarities": [
        "Common"
      ],
      "count": {
        "Common": 1
      }
    },
    {
      "card_name": "Tyrant Burst Dragon",
      "set_number": "LEDD-ENA38",
      "rarities": [
        "Common"
      ],
      "count": {
        "Common": 1
      }
    },
    {
      "card_name": "Mirror Force Dragon",
      "set_number": "LEDD-ENA39",
      "rarities": [
        "Common"
      ],
      "count": {
        "Common": 1
      }
    },
    {
      "card_name": "Time Magic Hammer",
      "set_number": "LEDD-ENA40",
      "rarities": [
        "Common"
      ],
      "count": {
        "Common": 1
      }
    },
    {
      "card_name": "Rocket Hermos Cannon",
      "set_number": "LEDD-ENA41",
      "rarities": [
        "Common"
      ],
      "count": {
        "Common": 1
      }
    },
    {
      "card_name": "Goddess Bow",
      "set_number": "LEDD-ENA42",
      "rarities": [
        "Common"
      ],
      "count": {
        "Common": 1
      }
    },
    {
      "card_name": "Red-Eyes Black Dragon Sword",
      "set_number": "LEDD-ENA43",
      "rarities": [
        "Common"
      ],
      "count": {
        "Common": 1
      }
    },
    {
      "card_name": "Chimeratech Megafleet Dragon",
      "set_number": "LEDD-ENB00",
      "rarities": [
        "Ultra Rare"
      ],
      "count": {
        "Ultra Rare": 1
      }
    },
    {
      "card_name": "Cyber Dragon",
      "set_number": "LEDD-ENB01",
      "rarities": [
        "Common"
      ],
      "count": {
        "Common": 1
      }
    },
    {
      "card_name": "Cyber Dragon Zwei",
      "set_number": "LEDD-ENB02",
      "rarities": [
        "Common"
      ],
      "count": {
        "Common": 1
      }
    },
    {
      "card_name": "Cyber Dragon Drei",
      "set_number": "LEDD-ENB03",
      "rarities": [
        "Common"
      ],
      "count": {
        "Common": 1
      }
    },
    {
      "card_name": "Cyber Dragon Core",
      "set_number": "LEDD-ENB04",
      "rarities": [
        "Common"
      ],
      "count": {
        "Common": 1
      }
    },
    {
      "card_name": "Proto-Cyber Dragon",
      "set_number": "LEDD-ENB05",
      "rarities": [
        "Common"
      ],
      "count": {
        "Common": 1
      }
    },
    {
      "card_name": "Cyber Valley",
      "set_number": "LEDD-ENB06",
      "rarities": [
        "Common"
      ],
      "count": {
        "Common": 1
      }
    },
    {
      "card_name": "Cyber Phoenix",
      "set_number": "LEDD-ENB07",
      "rarities": [
        "Common"
      ],
      "count": {
        "Common": 1
      }
    },
    {
      "card_name": "Cyber Dinosaur",
      "set_number": "LEDD-ENB08",
      "rarities": [
        "Common"
      ],
      "count": {
        "Common": 1
      }
    },
    {
      "card_name": "Cyber Eltanin",
      "set_number": "LEDD-ENB09",
      "rarities": [
        "Common"
      ],
      "count": {
        "Common": 1
      }
    },
    {
      "card_name": "Armored Cybern",
      "set_number": "LEDD-ENB10",
      "rarities": [
        "Common"
      ],
      "count": {
        "Common": 1
      }
    },
    {
      "card_name": "Machina Fortress",
      "set_number": "LEDD-ENB11",
      "rarities": [
        "Common"
      ],
      "count": {
        "Common": 1
      }
    },
    {
      "card_name": "Cyber Repair Plant",
      "set_number": "LEDD-ENB12",
      "rarities": [
        "Ultra Rare",
        "Common"
      ],
      "count": {
        "Ultra Rare": 1,
        "Common": 1
      }
    },
    {
      "card_name": "Cybernetic Fusion Support",
      "set_number": "LEDD-ENB13",
      "rarities": [
        "Common"
      ],
      "count": {
        "Common": 1
      }
    },
    {
      "card_name": "Evolution Burst",
      "set_number": "LEDD-ENB14",
      "rarities": [
        "Common"
      ],
      "count": {
        "Common": 1
      }
    },
    {
      "card_name": "Power Bond",
      "set_number": "LEDD-ENB15",
      "rarities": [
        "Common"
      ],
      "count": {
        "Common": 1
      }
    },
    {
      "card_name": "Overload Fusion",
      "set_number": "LEDD-ENB16",
      "rarities": [
        "Common"
      ],
      "count": {
        "Common": 1
      }
    },
    {
      "card_name": "Future Fusion",
      "set_number": "LEDD-ENB17",
      "rarities": [
        "Common"
      ],
      "count": {
        "Common": 1
      }
    },
    {
      "card_name": "Limiter Removal",
      "set_number": "LEDD-ENB18",
      "rarities": [
        "Common"
      ],
      "count": {
        "Common": 1
      }
    },
    {
      "card_name": "Machina Armored Unit",
      "set_number": "LEDD-ENB19",
      "rarities": [
        "Common"
      ],
      "count": {
        "Common": 1
      }
    },
    {
      "card_name": "Cyber Network",
      "set_number": "LEDD-ENB20",
      "rarities": [
        "Ultra Rare",
        "Common"
      ],
      "count": {
        "Ultra Rare": 1,
        "Common": 1
      }
    },
    {
      "card_name": "Cyber Shadow Gardna",
      "set_number": "LEDD-ENB21",
      "rarities": [
        "Common"
      ],
      "count": {
        "Common": 1
      }
    },
    {
      "card_name": "Storming Mirror Force",
      "set_number": "LEDD-ENB22",
      "rarities": [
        "Common"
      ],
      "count": {
        "Common": 1
      }
    },
    {
      "card_name": "Quaking Mirror Force",
      "set_number": "LEDD-ENB23",
      "rarities": [
        "Common"
      ],
      "count": {
        "Common": 1
      }
    },
    {
      "card_name": "Drowning Mirror Force",
      "set_number": "LEDD-ENB24",
      "rarities": [
        "Common"
      ],
      "count": {
        "Common": 1
      }
    },
    {
      "card_name": "Cyber End Dragon",
      "set_number": "LEDD-ENB25",
      "rarities": [
        "Common"
      ],
      "count": {
        "Common": 1
      }
    },
    {
      "card_name": "Cyber Twin Dragon",
      "set_number": "LEDD-ENB26",
      "rarities": [
        "Common"
      ],
      "count": {
        "Common": 1
      }
    },
    {
      "card_name": "Chimeratech Overdragon",
      "set_number": "LEDD-ENB27",
      "rarities": [
        "Common"
      ],
      "count": {
        "Common": 1
      }
    },
    {
      "card_name": "Chimeratech Fortress Dragon",
      "set_number": "LEDD-ENB28",
      "rarities": [
        "Common"
      ],
      "count": {
        "Common": 1
      }
    },
    {
      "card_name": "Chimeratech Rampage Dragon",
      "set_number": "LEDD-ENB29",
      "rarities": [
        "Ultra Rare",
        "Common"
      ],
      "count": {
        "Ultra Rare": 1,
        "Common": 1
      }
    },
    {
      "card_name": "Cyber Dragon Nova",
      "set_number": "LEDD-ENB30",
      "rarities": [
        "Common"
      ],
      "count": {
        "Common": 1
      }
    },
    {
      "card_name": "Cyber Dragon Infinity",
      "set_number": "LEDD-ENB31",
      "rarities": [
        "Ultra Rare"
      ],
      "count": {
        "Ultra Rare": 1
      }
    },
    {
      "card_name": "Odd-Eyes Arc Pendulum Dragon",
      "set_number": "LEDD-ENC00",
      "rarities": [
        "Ultra Rare"
      ],
      "count": {
        "Ultra Rare": 1
      }
    },
    {
      "card_name": "Odd-Eyes Pendulum Dragon",
      "set_number": "LEDD-ENC01",
      "rarities": [
        "Ultra Rare",
        "Common"
      ],
      "count": {
        "Ultra Rare": 1,
        "Common": 1
      }
    },
    {
      "card_name": "Supreme King Dragon Odd-Eyes",
      "set_number": "LEDD-ENC02",
      "rarities": [
        "Common"
      ],
      "count": {
        "Common": 1
      }
    },
    {
      "card_name": "Odd-Eyes Phantom Dragon",
      "set_number": "LEDD-ENC03",
      "rarities": [
        "Common"
      ],
      "count": {
        "Common": 1
      }
    },
    {
      "card_name": "Odd-Eyes Persona Dragon",
      "set_number": "LEDD-ENC04",
      "rarities": [
        "Common"
      ],
      "count": {
        "Common": 1
      }
    },
    {
      "card_name": "Odd-Eyes Mirage Dragon",
      "set_number": "LEDD-ENC05",
      "rarities": [
        "Common"
      ],
      "count": {
        "Common": 1
      }
    },
    {
      "card_name": "Performapal Odd-Eyes Light Phoenix",
      "set_number": "LEDD-ENC06",
      "rarities": [
        "Common"
      ],
      "count": {
        "Common": 1
      }
    },
    {
      "card_name": "Performapal Odd-Eyes Unicorn",
      "set_number": "LEDD-ENC07",
      "rarities": [
        "Common"
      ],
      "count": {
        "Common": 1
      }
    },
    {
      "card_name": "Performapal Skullcrobat Joker",
      "set_number": "LEDD-ENC08",
      "rarities": [
        "Common"
      ],
      "count": {
        "Common": 1
      }
    },
    {
      "card_name": "Performapal Rain Goat",
      "set_number": "LEDD-ENC09",
      "rarities": [
        "Common"
      ],
      "count": {
        "Common": 1
      }
    },
    {
      "card_name": "Performapal U Go Golem",
      "set_number": "LEDD-ENC10",
      "rarities": [
        "Common"
      ],
      "count": {
        "Common": 1
      }
    },
    {
      "card_name": "Nobledragon Magician",
      "set_number": "LEDD-ENC11",
      "rarities": [
        "Common"
      ],
      "count": {
        "Common": 1
      }
    },
    {
      "card_name": "Odd-Eyes Gravity Dragon",
      "set_number": "LEDD-ENC12",
      "rarities": [
        "Common"
      ],
      "count": {
        "Common": 1
      }
    },
    {
      "card_name": "Sky Iris",
      "set_number": "LEDD-ENC13",
      "rarities": [
        "Common"
      ],
      "count": {
        "Common": 1
      }
    },
    {
      "card_name": "Odd-Eyes Fusion",
      "set_number": "LEDD-ENC14",
      "rarities": [
        "Common"
      ],
      "count": {
        "Common": 1
      }
    },
    {
      "card_name": "Odd-Eyes Advent",
      "set_number": "LEDD-ENC15",
      "rarities": [
        "Common"
      ],
      "count": {
        "Common": 1
      }
    },
    {
      "card_name": "Spiral Flame Strike",
      "set_number": "LEDD-ENC16",
      "rarities": [
        "Common"
      ],
      "count": {
        "Common": 1
      }
    },
    {
      "card_name": "Duelist Alliance",
      "set_number": "LEDD-ENC17",
      "rarities": [
        "Common"
      ],
      "count": {
        "Common": 1
      }
    },
    {
      "card_name": "Pendulum Impenetrable",
      "set_number": "LEDD-ENC18",
      "rarities": [
        "Common"
      ],
      "count": {
        "Common": 1
      }
    },
    {
      "card_name": "Pendulum Storm",
      "set_number": "LEDD-ENC19",
      "rarities": [
        "Common"
      ],
      "count": {
        "Common": 1
      }
    },
    {
      "card_name": "Pot of Riches",
      "set_number": "LEDD-ENC20",
      "rarities": [
        "Common"
      ],
      "count": {
        "Common": 1
      }
    },
    {
      "card_name": "Terraforming",
      "set_number": "LEDD-ENC21",
      "rarities": [
        "Common"
      ],
      "count": {
        "Common": 1
      }
    },
    {
      "card_name": "Echo Oscillation",
      "set_number": "LEDD-ENC22",
      "rarities": [
        "Common"
      ],
      "count": {
        "Common": 1
      }
    },
    {
      "card_name": "Pendulum Reborn",
      "set_number": "LEDD-ENC23",
      "rarities": [
        "Common"
      ],
      "count": {
        "Common": 1
      }
    },
    {
      "card_name": "Pendulum Switch",
      "set_number": "LEDD-ENC24",
      "rarities": [
        "Common"
      ],
      "count": {
        "Common": 1
      }
    },
    {
      "card_name": "Starving Venom Fusion Dragon",
      "set_number": "LEDD-ENC25",
      "rarities": [
        "Ultra Rare"
      ],
      "count": {
        "Ultra Rare": 1
      }
    },
    {
      "card_name": "Supreme King Dragon Starving Venom",
      "set_number": "LEDD-ENC26",
      "rarities": [
        "Common"
      ],
      "count": {
        "Common": 1
      }
    },
    {
      "card_name": "Odd-Eyes Vortex Dragon",
      "set_number": "LEDD-ENC27",
      "rarities": [
        "Common"
      ],
      "count": {
        "Common": 1
      }
    },
    {
      "card_name": "Performapal Gatlinghoul",
      "set_number": "LEDD-ENC28",
      "rarities": [
        "Common"
      ],
      "count": {
        "Common": 1
      }
    },
    {
      "card_name": "Clear Wing Synchro Dragon",
      "set_number": "LEDD-ENC29",
      "rarities": [
        "Ultra Rare"
      ],
      "count": {
        "Ultra Rare": 1
      }
    },
    {
      "card_name": "Supreme King Dragon Clear Wing",
      "set_number": "LEDD-ENC30",
      "rarities": [
        "Common"
      ],
      "count": {
        "Common": 1
      }
    },
    {
      "card_name": "Odd-Eyes Meteorburst Dragon",
      "set_number": "LEDD-ENC31",
      "rarities": [
        "Common"
      ],
      "count": {
        "Common": 1
      }
    },
    {
      "card_name": "Dark Rebellion Xyz Dragon",
      "set_number": "LEDD-ENC32",
      "rarities": [
        "Ultra Rare"
      ],
      "count": {
        "Ultra Rare": 1
      }
    },
    {
      "card_name": "Supreme King Dragon Dark Rebellion",
      "set_number": "LEDD-ENC33",
      "rarities": [
        "Common"
      ],
      "count": {
        "Common": 1
      }
    },
    {
      "card_name": "Odd-Eyes Absolute Dragon",
      "set_number": "LEDD-ENC34",
      "rarities": [
        "Common"
      ],
      "count": {
        "Common": 1
      }
    }
  ]
}
