{
  "name": "Legendary Collection 4: Joey's World Mega Pack",
  "type": "Mega Pack",
  "date": "2013-10-10",
  "distribution": "mega_pack",
  "prefix": "LCJW",
  "sub_sets": [],
  "load": true,
  "cards": [
    {
      "card_name": "Flame Manipulator",
      "set_number": "LCJW-EN001",
      "rarities": [
        "Common"
      ],
      "count": {
        "Common": 1
      }
    },
    {
      "card_name": "Masaki the Legendary Swordsman",
      "set_number": "LCJW-EN002",
      "rarities": [
        "Common"
      ],
      "count": {
        "Common": 1
      }
    },
    {
      "card_name": "Red-Eyes B. Dragon",
      "set_number": "LCJW-EN003",
      "rarities": [
        "Ultra Rare"
      ],
      "count": {
        "Ultra Rare": 1
      }
    },
    {
      "card_name": "Rude Kaiser",
      "set_number": "LCJW-EN004",
      "rarities": [
        "Common"
      ],
      "count": {
        "Common": 1
      }
    },
    {
      "card_name": "Rock Ogre Grotto #1",
      "set_number": "LCJW-EN005",
      "rarities": [
        "Common"
      ],
      "count": {
        "Common": 1
      }
    },
    {
      "card_name": "Baby Dragon",
      "set_number": "LCJW-EN006",
      "rarities": [
        "Super Rare"
      ],
      "count": {
        "Super Rare": 1
      }
    },
    {
      "card_name": "Axe Raider",
      "set_number": "LCJW-EN007",
      "rarities": [
        "Common"
      ],
      "count": {
        "Common": 1
      }
    },
    {
      "card_name": "Tiger Axe",
      "set_number": "LCJW-EN008",
      "rarities": [
        "Common"
      ],
      "count": {
        "Common": 1
      }
    },
    {
      "card_name": "Garoozis",
      "set_number": "LCJW-EN009",
      "rarities": [
        "Common"
      ],
      "count": {
        "Common": 1
      }
    },
    {
      "card_name": "Swordsman of Landstar",
      "set_number": "LCJW-EN010",
      "rarities": [
        "Common"
      ],
      "count": {
        "Common": 1
      }
    },
    {
      "card_name": "Cyber-Tech Alligator",
      "set_number": "LCJW-EN011",
      "rarities": [
        "Common"
      ],
      "count": {
        "Common": 1
      }
    },
    {
      "card_name": "Alligator's Sword",
      "set_number": "LCJW-EN012",
      "rarities": [
        "Common"
      ],
      "count": {
        "Common": 1
      }
    },
    {
      "card_name": "Meotoko",
      "set_number": "LCJW-EN013",
      "rarities": [
        "Common"
      ],
      "count": {
        "Common": 1
      }
    },
    {
      "card_name": "Kageningen",
      "set_number": "LCJW-EN014",
      "rarities": [
        "Common"
      ],
      "count": {
        "Common": 1
      }
    },
    {
      "card_name": "Stone Armadiller",
      "set_number": "LCJW-EN015",
      "rarities": [
        "Common"
      ],
      "count": {
        "Common": 1
      }
    },
    {
      "card_name": "Anthrosaurus",
      "set_number": "LCJW-EN016",
      "rarities": [
        "Common"
      ],
      "count": {
        "Common": 1
      }
    },
    {
      "card_name": "Skull Stalker",
      "set_number": "LCJW-EN017",
      "rarities": [
        "Common"
      ],
      "count": {
        "Common": 1
      }
    },
    {
      "card_name": "Wolf",
      "set_number": "LCJW-EN018",
      "rarities": [
        "Common"
      ],
      "count": {
        "Common": 1
      }
    },
    {
      "card_name": "Hero of the East",
      "set_number": "LCJW-EN019",
      "rarities": [
        "Common"
      ],
      "count": {
        "Common": 1
      }
    },
    {
      "card_name": "Swamp Battleguard",
      "set_number": "LCJW-EN020",
      "rarities": [
        "Common"
      ],
      "count": {
        "Common": 1
      }
    },
    {
      "card_name": "Time Wizard",
      "set_number": "LCJW-EN021",
      "rarities": [
        "Common"
      ],
      "count": {
        "Common": 1
      }
    },
    {
      "card_name": "Lava Battleguard",
      "set_number": "LCJW-EN022",
      "rarities": [
        "Common"
      ],
      "count": {
        "Common": 1
      }
    },
    {
      "card_name": "Jinzo",
      "set_number": "LCJW-EN023",
      "rarities": [
        "Rare"
      ],
      "count": {
        "Rare": 1
      }
    },
    {
      "card_name": "The Legendary Fisherman",
      "set_number": "LCJW-EN024",
      "rarities": [
        "Common"
      ],
      "count": {
        "Common": 1
      }
    },
    {
      "card_name": "Sword Hunter",
      "set_number": "LCJW-EN025",
      "rarities": [
        "Common"
      ],
      "count": {
        "Common": 1
      }
    },
    {
      "card_name": "Hayabusa Knight",
      "set_number": "LCJW-EN026",
      "rarities": [
        "Common"
      ],
      "count": {
        "Common": 1
      }
    },
    {
      "card_name": "Mad Sword Beast",
      "set_number": "LCJW-EN027",
      "rarities": [
        "Common"
      ],
      "count": {
        "Common": 1
      }
    },
    {
      "card_name": "Goblin Attack Force",
      "set_number": "LCJW-EN028",
      "rarities": [
        "Common"
      ],
      "count": {
        "Common": 1
      }
    },
    {
      "card_name": "The Fiend Megacyber",
      "set_number": "LCJW-EN029",
      "rarities": [
        "Common"
      ],
      "count": {
        "Common": 1
      }
    },
    {
      "card_name": "Gearfried the Iron Knight",
      "set_number": "LCJW-EN030",
      "rarities": [
        "Common"
      ],
      "count": {
        "Common": 1
      }
    },
    {
      "card_name": "Red-Eyes Black Metal Dragon",
      "set_number": "LCJW-EN031",
      "rarities": [
        "Common"
      ],
      "count": {
        "Common": 1
      }
    },
    {
      "card_name": "Marauding Captain",
      "set_number": "LCJW-EN032",
      "rarities": [
        "Common"
      ],
      "count": {
        "Common": 1
      }
    },
    {
      "card_name": "Fiber Jar",
      "set_number": "LCJW-EN033",
      "rarities": [
        "Common"
      ],
      "count": {
        "Common": 1
      }
    },
    {
      "card_name": "Sasuke Samurai",
      "set_number": "LCJW-EN034",
      "rarities": [
        "Common"
      ],
      "count": {
        "Common": 1
      }
    },
    {
      "card_name": "Neko Mane King",
      "set_number": "LCJW-EN035",
      "rarities": [
        "Common"
      ],
      "count": {
        "Common": 1
      }
    },
    {
      "card_name": "Little-Winguard",
      "set_number": "LCJW-EN036",
      "rarities": [
        "Common"
      ],
      "count": {
        "Common": 1
      }
    },
    {
      "card_name": "Insect Queen",
      "set_number": "LCJW-EN037",
      "rarities": [
        "Common"
      ],
      "count": {
        "Common": 1
      }
    },
    {
      "card_name": "Black Dragon's Chick",
      "set_number": "LCJW-EN038",
      "rarities": [
        "Super Rare"
      ],
      "count": {
        "Super Rare": 1
      }
    },
    {
      "card_name": "Red-Eyes Darkness Dragon",
      "set_number": "LCJW-EN039",
      "rarities": [
        "Common"
      ],
      "count": {
        "Common": 1
      }
    },
    {
      "card_name": "Gearfried the Swordmaster",
      "set_number": "LCJW-EN040",
      "rarities": [
        "Common"
      ],
      "count": {
        "Common": 1
      }
    },
    {
      "card_name": "Gilford the Lightning",
      "set_number": "LCJW-EN041",
      "rarities": [
        "Common"
      ],
      "count": {
        "Common": 1
      }
    },
    {
      "card_name": "Rocket Warrior",
      "set_number": "LCJW-EN042",
      "rarities": [
        "Common"
      ],
      "count": {
        "Common": 1
      }
    },
    {
      "card_name": "Panther Warrior",
      "set_number": "LCJW-EN043",
      "rarities": [
        "Common"
      ],
      "count": {
        "Common": 1
      }
    },
    {
      "card_name": "Gilford the Legend",
      "set_number": "LCJW-EN044",
      "rarities": [
        "Common"
      ],
      "count": {
        "Common": 1
      }
    },
    {
      "card_name": "Copycat",
      "set_number": "LCJW-EN045",
      "rarities": [
        "Common"
      ],
      "count": {
        "Common": 1
      }
    },
    {
      "card_name": "Divine Knight Ishzark",
      "set_number": "LCJW-EN046",
      "rarities": [
        "Common"
      ],
      "count": {
        "Common": 1
      }
    },
    {
      "card_name": "Maximum Six",
      "set_number": "LCJW-EN047",
      "rarities": [
        "Common"
      ],
      "count": {
        "Common": 1
      }
    },
    {
      "card_name": "Comrade Swordsman of Landstar",
      "set_number": "LCJW-EN048",
      "rarities": [
        "Common"
      ],
      "count": {
        "Common": 1
      }
    },
    {
      "card_name": "Red-Eyes Wyvern",
      "set_number": "LCJW-EN049",
      "rarities": [
        "Common"
      ],
      "count": {
        "Common": 1
      }
    },
    {
      "card_name": "Red-Eyes Darkness Metal Dragon",
      "set_number": "LCJW-EN050",
      "rarities": [
        "Secret Rare"
      ],
      "count": {
        "Secret Rare": 1
      }
    },
    {
      "card_name": "Phoenix Gearfried",
      "set_number": "LCJW-EN051",
      "rarities": [
        "Common"
      ],
      "count": {
        "Common": 1
      }
    },
    {
      "card_name": "Lightray Gearfried",
      "set_number": "LCJW-EN052",
      "rarities": [
        "Common"
      ],
      "count": {
        "Common": 1
      }
    },
    {
      "card_name": "Flame Swordsman",
      "set_number": "LCJW-EN053",
      "rarities": [
        "Common"
      ],
      "count": {
        "Common": 1
      }
    },
    {
      "card_name": "B. Skull Dragon",
      "set_number": "LCJW-EN054",
      "rarities": [
        "Rare"
      ],
      "count": {
        "Rare": 1
      }
    },
    {
      "card_name": "Thousand Dragon",
      "set_number": "LCJW-EN055",
      "rarities": [
        "Common"
      ],
      "count": {
        "Common": 1
      }
    },
    {
      "card_name": "Alligator's Sword Dragon",
      "set_number": "LCJW-EN056",
      "rarities": [
        "Common"
      ],
      "count": {
        "Common": 1
      }
    },
    {
      "card_name": "Raigeki",
      "set_number": "LCJW-EN057",
      "rarities": [
        "Secret Rare"
      ],
      "count": {
        "Secret Rare": 1
      }
    },
    {
      "card_name": "Hinotama",
      "set_number": "LCJW-EN058",
      "rarities": [
        "Common"
      ],
      "count": {
        "Common": 1
      }
    },
    {
      "card_name": "Polymerization",
      "set_number": "LCJW-EN059",
      "rarities": [
        "Super Rare"
      ],
      "count": {
        "Super Rare": 1
      }
    },
    {
      "card_name": "Monster Reborn",
      "set_number": "LCJW-EN060",
      "rarities": [
        "Ultra Rare"
      ],
      "count": {
        "Ultra Rare": 1
      }
    },
    {
      "card_name": "Pot of Greed",
      "set_number": "LCJW-EN061",
      "rarities": [
        "Secret Rare"
      ],
      "count": {
        "Secret Rare": 1
      }
    },
    {
      "card_name": "Salamandra",
      "set_number": "LCJW-EN062",
      "rarities": [
        "Common"
      ],
      "count": {
        "Common": 1
      }
    },
    {
      "card_name": "Giant Trunade",
      "set_number": "LCJW-EN063",
      "rarities": [
        "Common"
      ],
      "count": {
        "Common": 1
      }
    },
    {
      "card_name": "Premature Burial",
      "set_number": "LCJW-EN064",
      "rarities": [
        "Common"
      ],
      "count": {
        "Common": 1
      }
    },
    {
      "card_name": "Graceful Dice",
      "set_number": "LCJW-EN065",
      "rarities": [
        "Common"
      ],
      "count": {
        "Common": 1
      }
    },
    {
      "card_name": "Scapegoat",
      "set_number": "LCJW-EN066",
      "rarities": [
        "Secret Rare"
      ],
      "count": {
        "Secret Rare": 1
      }
    },
    {
      "card_name": "The Warrior Returning Alive",
      "set_number": "LCJW-EN067",
      "rarities": [
        "Common"
      ],
      "count": {
        "Common": 1
      }
    },
    {
      "card_name": "Meteor of Destruction",
      "set_number": "LCJW-EN068",
      "rarities": [
        "Common"
      ],
      "count": {
        "Common": 1
      }
    },
    {
      "card_name": "Release Restraint",
      "set_number": "LCJW-EN069",
      "rarities": [
        "Common"
      ],
      "count": {
        "Common": 1
      }
    },
    {
      "card_name": "Foolish Burial",
      "set_number": "LCJW-EN070",
      "rarities": [
        "Secret Rare"
      ],
      "count": {
        "Secret Rare": 1
      }
    },
    {
      "card_name": "Silent Doom",
      "set_number": "LCJW-EN071",
      "rarities": [
        "Super Rare"
      ],
      "count": {
        "Super Rare": 1
      }
    },
    {
      "card_name": "Dangerous Machine Type-6",
      "set_number": "LCJW-EN072",
      "rarities": [
        "Common"
      ],
      "count": {
        "Common": 1
      }
    },
    {
      "card_name": "Trap Hole",
      "set_number": "LCJW-EN073",
      "rarities": [
        "Common"
      ],
      "count": {
        "Common": 1
      }
    },
    {
      "card_name": "Skull Dice",
      "set_number": "LCJW-EN074",
      "rarities": [
        "Common"
      ],
      "count": {
        "Common": 1
      }
    },
    {
      "card_name": "Metalmorph",
      "set_number": "LCJW-EN075",
      "rarities": [
        "Common"
      ],
      "count": {
        "Common": 1
      }
    },
    {
      "card_name": "Fairy Box",
      "set_number": "LCJW-EN076",
      "rarities": [
        "Common"
      ],
      "count": {
        "Common": 1
      }
    },
    {
      "card_name": "Collected Power",
      "set_number": "LCJW-EN077",
      "rarities": [
        "Common"
      ],
      "count": {
        "Common": 1
      }
    },
    {
      "card_name": "Bottomless Trap Hole",
      "set_number": "LCJW-EN078",
      "rarities": [
        "Secret Rare"
      ],
      "count": {
        "Secret Rare": 1
      }
    },
    {
      "card_name": "Drop Off",
      "set_number": "LCJW-EN079",
      "rarities": [
        "Common"
      ],
      "count": {
        "Common": 1
      }
    },
    {
      "card_name": "Magical Arm Shield",
      "set_number": "LCJW-EN080",
      "rarities": [
        "Common"
      ],
      "count": {
        "Common": 1
      }
    },
    {
      "card_name": "Kunai with Chain",
      "set_number": "LCJW-EN081",
      "rarities": [
        "Common"
      ],
      "count": {
        "Common": 1
      }
    },
    {
      "card_name": "Harpie Lady",
      "set_number": "LCJW-EN082",
      "rarities": [
        "Super Rare"
      ],
      "count": {
        "Super Rare": 1
      }
    },
    {
      "card_name": "Harpie Girl",
      "set_number": "LCJW-EN083",
      "rarities": [
        "Common"
      ],
      "count": {
        "Common": 1
      }
    },
    {
      "card_name": "Dunames Dark Witch",
      "set_number": "LCJW-EN084",
      "rarities": [
        "Ultra Rare"
      ],
      "count": {
        "Ultra Rare": 1
      }
    },
    {
      "card_name": "Harpie Lady Sisters",
      "set_number": "LCJW-EN085",
      "rarities": [
        "Common"
      ],
      "count": {
        "Common": 1
      }
    },
    {
      "card_name": "Harpie's Pet Dragon",
      "set_number": "LCJW-EN086",
      "rarities": [
        "Ultra Rare"
      ],
      "count": {
        "Ultra Rare": 1
      }
    },
    {
      "card_name": "Amazoness Paladin",
      "set_number": "LCJW-EN087",
      "rarities": [
        "Super Rare"
      ],
      "count": {
        "Super Rare": 1
      }
    },
    {
      "card_name": "Amazoness Fighter",
      "set_number": "LCJW-EN088",
      "rarities": [
        "Common"
      ],
      "count": {
        "Common": 1
      }
    },
    {
      "card_name": "Amazoness Tiger",
      "set_number": "LCJW-EN089",
      "rarities": [
        "Ultra Rare"
      ],
      "count": {
        "Ultra Rare": 1
      }
    },
    {
      "card_name": "Harpie Lady 1",
      "set_number": "LCJW-EN090",
      "rarities": [
        "Super Rare"
      ],
      "count": {
        "Super Rare": 1
      }
    },
    {
      "card_name": "Harpie Lady 2",
      "set_number": "LCJW-EN091",
      "rarities": [
        "Super Rare"
      ],
      "count": {
        "Super Rare": 1
      }
    },
    {
      "card_name": "Harpie Lady 3",
      "set_number": "LCJW-EN092",
      "rarities": [
        "Super Rare"
      ],
      "count": {
        "Super Rare": 1
      }
    },
    {
      "card_name": "Harpie's Pet Baby Dragon",
      "set_number": "LCJW-EN093",
      "rarities": [
        "Common"
      ],
      "count": {
        "Common": 1
      }
    },
    {
      "card_name": "Harpie Queen",
      "set_number": "LCJW-EN094",
      "rarities": [
        "Ultra Rare"
      ],
      "count": {
        "Ultra Rare": 1
      }
    },
    {
      "card_name": "Amazoness Scouts",
      "set_number": "LCJW-EN095",
      "rarities": [
        "Common"
      ],
      "count": {
        "Common": 1
      }
    },
    {
      "card_name": "Cyber Harpie Lady",
      "set_number": "LCJW-EN096",
      "rarities": [
        "Common"
      ],
      "count": {
        "Common": 1
      }
    },
    {
      "card_name": "Harpie Dancer",
      "set_number": "LCJW-EN097",
      "rarities": [
        "Ultra Rare"
      ],
      "count": {
        "Ultra Rare": 1
      }
    },
    {
      "card_name": "Elegant Egotist",
      "set_number": "LCJW-EN098",
      "rarities": [
        "Super Rare"
      ],
      "count": {
        "Super Rare": 1
      }
    },
    {
      "card_name": "Harpie's Feather Duster",
      "set_number": "LCJW-EN099",
      "rarities": [
        "Secret Rare"
      ],
      "count": {
        "Secret Rare": 1
      }
    },
    {
      "card_name": "Amazoness Spellcaster",
      "set_number": "LCJW-EN100",
      "rarities": [
        "Common"
      ],
      "count": {
        "Common": 1
      }
    },
    {
      "card_name": "Spell Reproduction",
      "set_number": "LCJW-EN101",
      "rarities": [
        "Common"
      ],
      "count": {
        "Common": 1
      }
    },
    {
      "card_name": "Harpies' Hunting Ground",
      "set_number": "LCJW-EN102",
      "rarities": [
        "Super Rare"
      ],
      "count": {
        "Super Rare": 1
      }
    },
    {
      "card_name": "Triangle Ecstasy Spark",
      "set_number": "LCJW-EN103",
      "rarities": [
        "Common"
      ],
      "count": {
        "Common": 1
      }
    },
    {
      "card_name": "Amazoness Village",
      "set_number": "LCJW-EN104",
      "rarities": [
        "Common"
      ],
      "count": {
        "Common": 1
      }
    },
    {
      "card_name": "Cyber Shield",
      "set_number": "LCJW-EN105",
      "rarities": [
        "Common"
      ],
      "count": {
        "Common": 1
      }
    },
    {
      "card_name": "Fairy's Hand Mirror",
      "set_number": "LCJW-EN106",
      "rarities": [
        "Common"
      ],
      "count": {
        "Common": 1
      }
    },
    {
      "card_name": "Mirror Wall",
      "set_number": "LCJW-EN107",
      "rarities": [
        "Common"
      ],
      "count": {
        "Common": 1
      }
    },
    {
      "card_name": "Gravity Bind",
      "set_number": "LCJW-EN108",
      "rarities": [
        "Common"
      ],
      "count": {
        "Common": 1
      }
    },
    {
      "card_name": "Shadow of Eyes",
      "set_number": "LCJW-EN109",
      "rarities": [
        "Common"
      ],
      "count": {
        "Common": 1
      }
    },
    {
      "card_name": "Gryphon Wing",
      "set_number": "LCJW-EN110",
      "rarities": [
        "Common"
      ],
      "count": {
        "Common": 1
      }
    },
    {
      "card_name": "Trap Jammer",
      "set_number": "LCJW-EN111",
      "rarities": [
        "Secret Rare"
      ],
      "count": {
        "Secret Rare": 1
      }
    },
    {
      "card_name": "Hysteric Party",
      "set_number": "LCJW-EN112",
      "rarities": [
        "Super Rare"
      ],
      "count": {
        "Super Rare": 1
      }
    },
    {
      "card_name": "Revival Jam",
      "set_number": "LCJW-EN113",
      "rarities": [
        "Common"
      ],
      "count": {
        "Common": 1
      }
    },
    {
      "card_name": "Dark Jeroid",
      "set_number": "LCJW-EN114",
      "rarities": [
        "Common"
      ],
      "count": {
        "Common": 1
      }
    },
    {
      "card_name": "Newdoria",
      "set_number": "LCJW-EN115",
      "rarities": [
        "Common"
      ],
      "count": {
        "Common": 1
      }
    },
    {
      "card_name": "Helpoemer",
      "set_number": "LCJW-EN116",
      "rarities": [
        "Common"
      ],
      "count": {
        "Common": 1
      }
    },
    {
      "card_name": "Lava Golem",
      "set_number": "LCJW-EN117",
      "rarities": [
        "Rare"
      ],
      "count": {
        "Rare": 1
      }
    },
    {
      "card_name": "Drillago",
      "set_number": "LCJW-EN118",
      "rarities": [
        "Common"
      ],
      "count": {
        "Common": 1
      }
    },
    {
      "card_name": "Lekunga",
      "set_number": "LCJW-EN119",
      "rarities": [
        "Common"
      ],
      "count": {
        "Common": 1
      }
    },
    {
      "card_name": "Lord Poison",
      "set_number": "LCJW-EN120",
      "rarities": [
        "Common"
      ],
      "count": {
        "Common": 1
      }
    },
    {
      "card_name": "Makyura the Destructor",
      "set_number": "LCJW-EN121",
      "rarities": [
        "Common"
      ],
      "count": {
        "Common": 1
      }
    },
    {
      "card_name": "Legendary Fiend",
      "set_number": "LCJW-EN122",
      "rarities": [
        "Common"
      ],
      "count": {
        "Common": 1
      }
    },
    {
      "card_name": "Black Pendant",
      "set_number": "LCJW-EN123",
      "rarities": [
        "Common"
      ],
      "count": {
        "Common": 1
      }
    },
    {
      "card_name": "Jam Breeding Machine",
      "set_number": "LCJW-EN124",
      "rarities": [
        "Common"
      ],
      "count": {
        "Common": 1
      }
    },
    {
      "card_name": "Vengeful Bog Spirit",
      "set_number": "LCJW-EN125",
      "rarities": [
        "Common"
      ],
      "count": {
        "Common": 1
      }
    },
    {
      "card_name": "Card of Sanctity",
      "set_number": "LCJW-EN126",
      "rarities": [
        "Common"
      ],
      "count": {
        "Common": 1
      }
    },
    {
      "card_name": "Magical Stone Excavation",
      "set_number": "LCJW-EN127",
      "rarities": [
        "Common"
      ],
      "count": {
        "Common": 1
      }
    },
    {
      "card_name": "Spell of Pain",
      "set_number": "LCJW-EN128",
      "rarities": [
        "Common"
      ],
      "count": {
        "Common": 1
      }
    },
    {
      "card_name": "Magic Jammer",
      "set_number": "LCJW-EN129",
      "rarities": [
        "Common"
      ],
      "count": {
        "Common": 1
      }
    },
    {
      "card_name": "Mirror Force",
      "set_number": "LCJW-EN130",
      "rarities": [
        "Secret Rare"
      ],
      "count": {
        "Secret Rare": 1
      }
    },
    {
      "card_name": "Jam Defender",
      "set_number": "LCJW-EN131",
      "rarities": [
        "Common"
      ],
      "count": {
        "Common": 1
      }
    },
    {
      "card_name": "Coffin Seller",
      "set_number": "LCJW-EN132",
      "rarities": [
        "Common"
      ],
      "count": {
        "Common": 1
      }
    },
    {
      "card_name": "Rope of Life",
      "set_number": "LCJW-EN133",
      "rarities": [
        "Common"
      ],
      "count": {
        "Common": 1
      }
    },
    {
      "card_name": "Nightmare Wheel",
      "set_number": "LCJW-EN134",
      "rarities": [
        "Common"
      ],
      "count": {
        "Common": 1
      }
    },
    {
      "card_name": "Judgment of Anubis",
      "set_number": "LCJW-EN135",
      "rarities": [
        "Common"
      ],
      "count": {
        "Common": 1
      }
    },
    {
      "card_name": "Malevolent Catastrophe",
      "set_number": "LCJW-EN136",
      "rarities": [
        "Common"
      ],
      "count": {
        "Common": 1
      }
    },
    {
      "card_name": "Relieve Monster",
      "set_number": "LCJW-EN137",
      "rarities": [
        "Common"
      ],
      "count": {
        "Common": 1
      }
    },
    {
      "card_name": "Metal Reflect Slime",
      "set_number": "LCJW-EN138",
      "rarities": [
        "Common"
      ],
      "count": {
        "Common": 1
      }
    },
    {
      "card_name": "Serpent Night Dragon",
      "set_number": "LCJW-EN139",
      "rarities": [
        "Common"
      ],
      "count": {
        "Common": 1
      }
    },
    {
      "card_name": "Two-Headed King Rex",
      "set_number": "LCJW-EN140",
      "rarities": [
        "Common"
      ],
      "count": {
        "Common": 1
      }
    },
    {
      "card_name": "Crawling Dragon #2",
      "set_number": "LCJW-EN141",
      "rarities": [
        "Common"
      ],
      "count": {
        "Common": 1
      }
    },
    {
      "card_name": "Kabazauls",
      "set_number": "LCJW-EN142",
      "rarities": [
        "Secret Rare"
      ],
      "count": {
        "Secret Rare": 1
      }
    },
    {
      "card_name": "Sabersaurus",
      "set_number": "LCJW-EN143",
      "rarities": [
        "Secret Rare"
      ],
      "count": {
        "Secret Rare": 1
      }
    },
    {
      "card_name": "Tomozaurus",
      "set_number": "LCJW-EN144",
      "rarities": [
        "Common"
      ],
      "count": {
        "Common": 1
      }
    },
    {
      "card_name": "Little D",
      "set_number": "LCJW-EN145",
      "rarities": [
        "Common"
      ],
      "count": {
        "Common": 1
      }
    },
    {
      "card_name": "Sword Arm of Dragon",
      "set_number": "LCJW-EN146",
      "rarities": [
        "Common"
      ],
      "count": {
        "Common": 1
      }
    },
    {
      "card_name": "Megazowler",
      "set_number": "LCJW-EN147",
      "rarities": [
        "Common"
      ],
      "count": {
        "Common": 1
      }
    },
    {
      "card_name": "Gilasaurus",
      "set_number": "LCJW-EN148",
      "rarities": [
        "Common"
      ],
      "count": {
        "Common": 1
      }
    },
    {
      "card_name": "Tyrant Dragon",
      "set_number": "LCJW-EN149",
      "rarities": [
        "Common"
      ],
      "count": {
        "Common": 1
      }
    },
    {
      "card_name": "Dark Driceratops",
      "set_number": "LCJW-EN150",
      "rarities": [
        "Common"
      ],
      "count": {
        "Common": 1
      }
    },
    {
      "card_name": "Hyper Hammerhead",
      "set_number": "LCJW-EN151",
      "rarities": [
        "Common"
      ],
      "count": {
        "Common": 1
      }
    },
    {
      "card_name": "Black Tyranno",
      "set_number": "LCJW-EN152",
      "rarities": [
        "Common"
      ],
      "count": {
        "Common": 1
      }
    },
    {
      "card_name": "Tyranno Infinity",
      "set_number": "LCJW-EN153",
      "rarities": [
        "Common"
      ],
      "count": {
        "Common": 1
      }
    },
    {
      "card_name": "Black Ptera",
      "set_number": "LCJW-EN154",
      "rarities": [
        "Common"
      ],
      "count": {
        "Common": 1
      }
    },
    {
      "card_name": "Black Stego",
      "set_number": "LCJW-EN155",
      "rarities": [
        "Common"
      ],
      "count": {
        "Common": 1
      }
    },
    {
      "card_name": "Miracle Jurassic Egg",
      "set_number": "LCJW-EN156",
      "rarities": [
        "Common"
      ],
      "count": {
        "Common": 1
      }
    },
    {
      "card_name": "Babycerasaurus",
      "set_number": "LCJW-EN157",
      "rarities": [
        "Common"
      ],
      "count": {
        "Common": 1
      }
    },
    {
      "card_name": "Destroyersaurus",
      "set_number": "LCJW-EN158",
      "rarities": [
        "Secret Rare"
      ],
      "count": {
        "Secret Rare": 1
      }
    },
    {
      "card_name": "Bracchio-raidus",
      "set_number": "LCJW-EN159",
      "rarities": [
        "Common"
      ],
      "count": {
        "Common": 1
      }
    },
    {
      "card_name": "Ultra Evolution Pill",
      "set_number": "LCJW-EN160",
      "rarities": [
        "Common"
      ],
      "count": {
        "Common": 1
      }
    },
    {
      "card_name": "Big Evolution Pill",
      "set_number": "LCJW-EN161",
      "rarities": [
        "Common"
      ],
      "count": {
        "Common": 1
      }
    },
    {
      "card_name": "Tail Swipe",
      "set_number": "LCJW-EN162",
      "rarities": [
        "Common"
      ],
      "count": {
        "Common": 1
      }
    },
    {
      "card_name": "Jurassic World",
      "set_number": "LCJW-EN163",
      "rarities": [
        "Common"
      ],
      "count": {
        "Common": 1
      }
    },
    {
      "card_name": "Fossil Dig",
      "set_number": "LCJW-EN164",
      "rarities": [
        "Common"
      ],
      "count": {
        "Common": 1
      }
    },
    {
      "card_name": "Fossil Excavation",
      "set_number": "LCJW-EN165",
      "rarities": [
        "Common"
      ],
      "count": {
        "Common": 1
      }
    },
    {
      "card_name": "Hunting Instinct",
      "set_number": "LCJW-EN166",
      "rarities": [
        "Common"
      ],
      "count": {
        "Common": 1
      }
    },
    {
      "card_name": "Survival Instinct",
      "set_number": "LCJW-EN167",
      "rarities": [
        "Common"
      ],
      "count": {
        "Common": 1
      }
    },
    {
      "card_name": "Volcanic Eruption",
      "set_number": "LCJW-EN168",
      "rarities": [
        "Common"
      ],
      "count": {
        "Common": 1
      }
    },
    {
      "card_name": "Seismic Shockwave",
      "set_number": "LCJW-EN169",
      "rarities": [
        "Common"
      ],
      "count": {
        "Common": 1
      }
    },
    {
      "card_name": "Seiyaryu",
      "set_number": "LCJW-EN170",
      "rarities": [
        "Common"
      ],
      "count": {
        "Common": 1
      }
    },
    {
      "card_name": "Launcher Spider",
      "set_number": "LCJW-EN171",
      "rarities": [
        "Common"
      ],
      "count": {
        "Common": 1
      }
    },
    {
      "card_name": "Slot Machine",
      "set_number": "LCJW-EN172",
      "rarities": [
        "Common"
      ],
      "count": {
        "Common": 1
      }
    },
    {
      "card_name": "Zoa",
      "set_number": "LCJW-EN173",
      "rarities": [
        "Common"
      ],
      "count": {
        "Common": 1
      }
    },
    {
      "card_name": "Ancient Tool",
      "set_number": "LCJW-EN174",
      "rarities": [
        "Common"
      ],
      "count": {
        "Common": 1
      }
    },
    {
      "card_name": "Giganto",
      "set_number": "LCJW-EN175",
      "rarities": [
        "Common"
      ],
      "count": {
        "Common": 1
      }
    },
    {
      "card_name": "Sword Slasher",
      "set_number": "LCJW-EN176",
      "rarities": [
        "Common"
      ],
      "count": {
        "Common": 1
      }
    },
    {
      "card_name": "Barrel Dragon",
      "set_number": "LCJW-EN177",
      "rarities": [
        "Common"
      ],
      "count": {
        "Common": 1
      }
    },
    {
      "card_name": "Metalzoa",
      "set_number": "LCJW-EN178",
      "rarities": [
        "Common"
      ],
      "count": {
        "Common": 1
      }
    },
    {
      "card_name": "Machine King",
      "set_number": "LCJW-EN179",
      "rarities": [
        "Common"
      ],
      "count": {
        "Common": 1
      }
    },
    {
      "card_name": "Blast Sphere",
      "set_number": "LCJW-EN180",
      "rarities": [
        "Common"
      ],
      "count": {
        "Common": 1
      }
    },
    {
      "card_name": "Solemn Judgment",
      "set_number": "LCJW-EN182",
      "rarities": [
        "Secret Rare"
      ],
      "count": {
        "Secret Rare": 1
      }
    },
    {
      "card_name": "Dragon Zombie",
      "set_number": "LCJW-EN183",
      "rarities": [
        "Common"
      ],
      "count": {
        "Common": 1
      }
    },
    {
      "card_name": "Armored Zombie",
      "set_number": "LCJW-EN184",
      "rarities": [
        "Common"
      ],
      "count": {
        "Common": 1
      }
    },
    {
      "card_name": "The Snake Hair",
      "set_number": "LCJW-EN185",
      "rarities": [
        "Common"
      ],
      "count": {
        "Common": 1
      }
    },
    {
      "card_name": "Vampire Baby",
      "set_number": "LCJW-EN186",
      "rarities": [
        "Common"
      ],
      "count": {
        "Common": 1
      }
    },
    {
      "card_name": "Patrician of Darkness",
      "set_number": "LCJW-EN187",
      "rarities": [
        "Common"
      ],
      "count": {
        "Common": 1
      }
    },
    {
      "card_name": "Dark Dust Spirit",
      "set_number": "LCJW-EN188",
      "rarities": [
        "Common"
      ],
      "count": {
        "Common": 1
      }
    },
    {
      "card_name": "Pyramid Turtle",
      "set_number": "LCJW-EN189",
      "rarities": [
        "Super Rare"
      ],
      "count": {
        "Super Rare": 1
      }
    },
    {
      "card_name": "Spirit Reaper",
      "set_number": "LCJW-EN190",
      "rarities": [
        "Ultra Rare"
      ],
      "count": {
        "Ultra Rare": 1
      }
    },
    {
      "card_name": "Vampire Lord",
      "set_number": "LCJW-EN191",
      "rarities": [
        "Common"
      ],
      "count": {
        "Common": 1
      }
    },
    {
      "card_name": "Despair from the Dark",
      "set_number": "LCJW-EN192",
      "rarities": [
        "Common"
      ],
      "count": {
        "Common": 1
      }
    },
    {
      "card_name": "Fear from the Dark",
      "set_number": "LCJW-EN193",
      "rarities": [
        "Common"
      ],
      "count": {
        "Common": 1
      }
    },
    {
      "card_name": "Ryu Kokki",
      "set_number": "LCJW-EN194",
      "rarities": [
        "Common"
      ],
      "count": {
        "Common": 1
      }
    },
    {
      "card_name": "Soul-Absorbing Bone Tower",
      "set_number": "LCJW-EN195",
      "rarities": [
        "Common"
      ],
      "count": {
        "Common": 1
      }
    },
    {
      "card_name": "Vampire Lady",
      "set_number": "LCJW-EN196",
      "rarities": [
        "Common"
      ],
      "count": {
        "Common": 1
      }
    },
    {
      "card_name": "Regenerating Mummy",
      "set_number": "LCJW-EN197",
      "rarities": [
        "Common"
      ],
      "count": {
        "Common": 1
      }
    },
    {
      "card_name": "Vampire Genesis",
      "set_number": "LCJW-EN198",
      "rarities": [
        "Common"
      ],
      "count": {
        "Common": 1
      }
    },
    {
      "card_name": "Reborn Zombie",
      "set_number": "LCJW-EN199",
      "rarities": [
        "Common"
      ],
      "count": {
        "Common": 1
      }
    },
    {
      "card_name": "Plague Wolf",
      "set_number": "LCJW-EN200",
      "rarities": [
        "Common"
      ],
      "count": {
        "Common": 1
      }
    },
    {
      "card_name": "Return Zombie",
      "set_number": "LCJW-EN201",
      "rarities": [
        "Common"
      ],
      "count": {
        "Common": 1
      }
    },
    {
      "card_name": "Zombie Master",
      "set_number": "LCJW-EN202",
      "rarities": [
        "Common"
      ],
      "count": {
        "Common": 1
      }
    },
    {
      "card_name": "Il Blud",
      "set_number": "LCJW-EN203",
      "rarities": [
        "Common"
      ],
      "count": {
        "Common": 1
      }
    },
    {
      "card_name": "Vampire's Curse",
      "set_number": "LCJW-EN204",
      "rarities": [
        "Common"
      ],
      "count": {
        "Common": 1
      }
    },
    {
      "card_name": "Goblin Zombie",
      "set_number": "LCJW-EN205",
      "rarities": [
        "Common"
      ],
      "count": {
        "Common": 1
      }
    },
    {
      "card_name": "Red-Eyes Zombie Dragon",
      "set_number": "LCJW-EN206",
      "rarities": [
        "Rare"
      ],
      "count": {
        "Rare": 1
      }
    },
    {
      "card_name": "Malevolent Mech - Goku En",
      "set_number": "LCJW-EN207",
      "rarities": [
        "Common"
      ],
      "count": {
        "Common": 1
      }
    },
    {
      "card_name": "Paladin of the Cursed Dragon",
      "set_number": "LCJW-EN208",
      "rarities": [
        "Common"
      ],
      "count": {
        "Common": 1
      }
    },
    {
      "card_name": "Skull Conductor",
      "set_number": "LCJW-EN209",
      "rarities": [
        "Common"
      ],
      "count": {
        "Common": 1
      }
    },
    {
      "card_name": "Great Mammoth of Goldfine",
      "set_number": "LCJW-EN210",
      "rarities": [
        "Common"
      ],
      "count": {
        "Common": 1
      }
    },
    {
      "card_name": "Book of Life",
      "set_number": "LCJW-EN211",
      "rarities": [
        "Ultra Rare"
      ],
      "count": {
        "Ultra Rare": 1
      }
    },
    {
      "card_name": "Call of the Mummy",
      "set_number": "LCJW-EN212",
      "rarities": [
        "Super Rare"
      ],
      "count": {
        "Super Rare": 1
      }
    },
    {
      "card_name": "Zombie World",
      "set_number": "LCJW-EN213",
      "rarities": [
        "Ultra Rare"
      ],
      "count": {
        "Ultra Rare": 1
      }
    },
    {
      "card_name": "Everliving Underworld Cannon",
      "set_number": "LCJW-EN214",
      "rarities": [
        "Common"
      ],
      "count": {
        "Common": 1
      }
    },
    {
      "card_name": "Pyramid of Wonders",
      "set_number": "LCJW-EN215",
      "rarities": [
        "Common"
      ],
      "count": {
        "Common": 1
      }
    },
    {
      "card_name": "Overpowering Eye",
      "set_number": "LCJW-EN216",
      "rarities": [
        "Common"
      ],
      "count": {
        "Common": 1
      }
    },
    {
      "card_name": "Call of the Haunted",
      "set_number": "LCJW-EN217",
      "rarities": [
        "Super Rare"
      ],
      "count": {
        "Super Rare": 1
      }
    },
    {
      "card_name": "Tutan Mask",
      "set_number": "LCJW-EN218",
      "rarities": [
        "Common"
      ],
      "count": {
        "Common": 1
      }
    },
    {
      "card_name": "Trap of the Imperial Tomb",
      "set_number": "LCJW-EN219",
      "rarities": [
        "Common"
      ],
      "count": {
        "Common": 1
      }
    },
    {
      "card_name": "Labyrinth Wall",
      "set_number": "LCJW-EN220",
      "rarities": [
        "Common"
      ],
      "count": {
        "Common": 1
      }
    },
    {
      "card_name": "Dungeon Worm",
      "set_number": "LCJW-EN221",
      "rarities": [
        "Common"
      ],
      "count": {
        "Common": 1
      }
    },
    {
      "card_name": "Monster Tamer",
      "set_number": "LCJW-EN222",
      "rarities": [
        "Common"
      ],
      "count": {
        "Common": 1
      }
    },
    {
      "card_name": "Gate Guardian",
      "set_number": "LCJW-EN223",
      "rarities": [
        "Common"
      ],
      "count": {
        "Common": 1
      }
    },
    {
      "card_name": "Sanga of the Thunder",
      "set_number": "LCJW-EN224",
      "rarities": [
        "Common"
      ],
      "count": {
        "Common": 1
      }
    },
    {
      "card_name": "Kazejin",
      "set_number": "LCJW-EN225",
      "rarities": [
        "Common"
      ],
      "count": {
        "Common": 1
      }
    },
    {
      "card_name": "Suijin",
      "set_number": "LCJW-EN226",
      "rarities": [
        "Common"
      ],
      "count": {
        "Common": 1
      }
    },
    {
      "card_name": "Jirai Gumo",
      "set_number": "LCJW-EN227",
      "rarities": [
        "Common"
      ],
      "count": {
        "Common": 1
      }
    },
    {
      "card_name": "Shadow Ghoul",
      "set_number": "LCJW-EN228",
      "rarities": [
        "Common"
      ],
      "count": {
        "Common": 1
      }
    },
    {
      "card_name": "Wall Shadow",
      "set_number": "LCJW-EN229",
      "rarities": [
        "Common"
      ],
      "count": {
        "Common": 1
      }
    },
    {
      "card_name": "Labyrinth Tank",
      "set_number": "LCJW-EN230",
      "rarities": [
        "Common"
      ],
      "count": {
        "Common": 1
      }
    },
    {
      "card_name": "Magical Labyrinth",
      "set_number": "LCJW-EN231",
      "rarities": [
        "Common"
      ],
      "count": {
        "Common": 1
      }
    },
    {
      "card_name": "Fairy Meteor Crush",
      "set_number": "LCJW-EN232",
      "rarities": [
        "Common"
      ],
      "count": {
        "Common": 1
      }
    },
    {
      "card_name": "Tribute Doll",
      "set_number": "LCJW-EN233",
      "rarities": [
        "Common"
      ],
      "count": {
        "Common": 1
      }
    },
    {
      "card_name": "Riryoku",
      "set_number": "LCJW-EN234",
      "rarities": [
        "Common"
      ],
      "count": {
        "Common": 1
      }
    },
    {
      "card_name": "Summoned Skull",
      "set_number": "LCJW-EN235",
      "rarities": [
        "Rare"
      ],
      "count": {
        "Rare": 1
      }
    },
    {
      "card_name": "Beast of Talwar",
      "set_number": "LCJW-EN236",
      "rarities": [
        "Rare"
      ],
      "count": {
        "Rare": 1
      }
    },
    {
      "card_name": "Toon Summoned Skull",
      "set_number": "LCJW-EN237",
      "rarities": [
        "Rare"
      ],
      "count": {
        "Rare": 1
      }
    },
    {
      "card_name": "Lesser Fiend",
      "set_number": "LCJW-EN238",
      "rarities": [
        "Rare"
      ],
      "count": {
        "Rare": 1
      }
    },
    {
      "card_name": "Shadow Tamer",
      "set_number": "LCJW-EN239",
      "rarities": [
        "Rare"
      ],
      "count": {
        "Rare": 1
      }
    },
    {
      "card_name": "Fiend Skull Dragon",
      "set_number": "LCJW-EN240",
      "rarities": [
        "Rare"
      ],
      "count": {
        "Rare": 1
      }
    },
    {
      "card_name": "A Deal with Dark Ruler",
      "set_number": "LCJW-EN241",
      "rarities": [
        "Rare"
      ],
      "count": {
        "Rare": 1
      }
    },
    {
      "card_name": "Beiige, Vanguard of Dark World",
      "set_number": "LCJW-EN242",
      "rarities": [
        "Ultra Rare"
      ],
      "count": {
        "Ultra Rare": 1
      }
    },
    {
      "card_name": "Broww, Huntsman of Dark World",
      "set_number": "LCJW-EN243",
      "rarities": [
        "Secret Rare"
      ],
      "count": {
        "Secret Rare": 1
      }
    },
    {
      "card_name": "Brron, Mad King of Dark World",
      "set_number": "LCJW-EN244",
      "rarities": [
        "Ultra Rare"
      ],
      "count": {
        "Ultra Rare": 1
      }
    },
    {
      "card_name": "Sillva, Warlord of Dark World",
      "set_number": "LCJW-EN245",
      "rarities": [
        "Secret Rare"
      ],
      "count": {
        "Secret Rare": 1
      }
    },
    {
      "card_name": "Goldd, Wu-Lord of Dark World",
      "set_number": "LCJW-EN246",
      "rarities": [
        "Secret Rare"
      ],
      "count": {
        "Secret Rare": 1
      }
    },
    {
      "card_name": "Scarr, Scout of Dark World",
      "set_number": "LCJW-EN247",
      "rarities": [
        "Common"
      ],
      "count": {
        "Common": 1
      }
    },
    {
      "card_name": "Snoww, Unlight of Dark World",
      "set_number": "LCJW-EN248",
      "rarities": [
        "Secret Rare"
      ],
      "count": {
        "Secret Rare": 1
      }
    },
    {
      "card_name": "Dark World Lightning",
      "set_number": "LCJW-EN249",
      "rarities": [
        "Secret Rare"
      ],
      "count": {
        "Secret Rare": 1
      }
    },
    {
      "card_name": "Gateway to Dark World",
      "set_number": "LCJW-EN250",
      "rarities": [
        "Secret Rare"
      ],
      "count": {
        "Secret Rare": 1
      }
    },
    {
      "card_name": "Dark World Dealings",
      "set_number": "LCJW-EN251",
      "rarities": [
        "Super Rare"
      ],
      "count": {
        "Super Rare": 1
      }
    },
    {
      "card_name": "Dark World Grimoire",
      "set_number": "LCJW-EN252",
      "rarities": [
        "Common"
      ],
      "count": {
        "Common": 1
      }
    },
    {
      "card_name": "The Gates of Dark World",
      "set_number": "LCJW-EN253",
      "rarities": [
        "Ultra Rare"
      ],
      "count": {
        "Ultra Rare": 1
      }
    },
    {
      "card_name": "The Forces of Darkness",
      "set_number": "LCJW-EN254",
      "rarities": [
        "Common"
      ],
      "count": {
        "Common": 1
      }
    },
    {
      "card_name": "Gravekeeper's Spy",
      "set_number": "LCJW-EN255",
      "rarities": [
        "Secret Rare"
      ],
      "count": {
        "Secret Rare": 1
      }
    },
    {
      "card_name": "Gravekeeper's Curse",
      "set_number": "LCJW-EN256",
      "rarities": [
        "Common"
      ],
      "count": {
        "Common": 1
      }
    },
    {
      "card_name": "Gravekeeper's Vassal",
      "set_number": "LCJW-EN257",
      "rarities": [
        "Common"
      ],
      "count": {
        "Common": 1
      }
    },
    {
      "card_name": "Gravekeeper's Priestess",
      "set_number": "LCJW-EN258",
      "rarities": [
        "Rare"
      ],
      "count": {
        "Rare": 1
      }
    },
    {
      "card_name": "Gravekeeper's Visionary",
      "set_number": "LCJW-EN259",
      "rarities": [
        "Rare"
      ],
      "count": {
        "Rare": 1
      }
    },
    {
      "card_name": "Necrovalley",
      "set_number": "LCJW-EN260",
      "rarities": [
        "Common"
      ],
      "count": {
        "Common": 1
      }
    },
    {
      "card_name": "Gravekeeper's Stele",
      "set_number": "LCJW-EN261",
      "rarities": [
        "Ultra Rare"
      ],
      "count": {
        "Ultra Rare": 1
      }
    },
    {
      "card_name": "Dice Jar",
      "set_number": "LCJW-EN262",
      "rarities": [
        "Common"
      ],
      "count": {
        "Common": 1
      }
    },
    {
      "card_name": "Roulette Barrel",
      "set_number": "LCJW-EN263",
      "rarities": [
        "Common"
      ],
      "count": {
        "Common": 1
      }
    },
    {
      "card_name": "Blowback Dragon",
      "set_number": "LCJW-EN264",
      "rarities": [
        "Common"
      ],
      "count": {
        "Common": 1
      }
    },
    {
      "card_name": "Snipe Hunter",
      "set_number": "LCJW-EN265",
      "rarities": [
        "Common"
      ],
      "count": {
        "Common": 1
      }
    },
    {
      "card_name": "Twin-Barrel Dragon",
      "set_number": "LCJW-EN266",
      "rarities": [
        "Common"
      ],
      "count": {
        "Common": 1
      }
    },
    {
      "card_name": "Gatling Dragon",
      "set_number": "LCJW-EN267",
      "rarities": [
        "Common"
      ],
      "count": {
        "Common": 1
      }
    },
    {
      "card_name": "Second Coin Toss",
      "set_number": "LCJW-EN268",
      "rarities": [
        "Common"
      ],
      "count": {
        "Common": 1
      }
    },
    {
      "card_name": "Blind Destruction",
      "set_number": "LCJW-EN269",
      "rarities": [
        "Common"
      ],
      "count": {
        "Common": 1
      }
    },
    {
      "card_name": "Needle Wall",
      "set_number": "LCJW-EN270",
      "rarities": [
        "Common"
      ],
      "count": {
        "Common": 1
      }
    },
    {
      "card_name": "Dice Re-Roll",
      "set_number": "LCJW-EN271",
      "rarities": [
        "Common"
      ],
      "count": {
        "Common": 1
      }
    },
    {
      "card_name": "Dice Try!",
      "set_number": "LCJW-EN272",
      "rarities": [
        "Common"
      ],
      "count": {
        "Common": 1
      }
    },
    {
      "card_name": "Sixth Sense",
      "set_number": "LCJW-EN273",
      "rarities": [
        "Common"
      ],
      "count": {
        "Common": 1
      }
    },
    {
      "card_name": "Adhesion Trap Hole",
      "set_number": "LCJW-EN274",
      "rarities": [
        "Common"
      ],
      "count": {
        "Common": 1
      }
    },
    {
      "card_name": "D.D. Trap Hole",
      "set_number": "LCJW-EN275",
      "rarities": [
        "Common"
      ],
      "count": {
        "Common": 1
      }
    },
    {
      "card_name": "Giant Trap Hole",
      "set_number": "LCJW-EN276",
      "rarities": [
        "Common"
      ],
      "count": {
        "Common": 1
      }
    },
    {
      "card_name": "Treacherous Trap Hole",
      "set_number": "LCJW-EN277",
      "rarities": [
        "Common"
      ],
      "count": {
        "Common": 1
      }
    },
    {
      "card_name": "Chaos Trap Hole",
      "set_number": "LCJW-EN278",
      "rarities": [
        "Common"
      ],
      "count": {
        "Common": 1
      }
    },
    {
      "card_name": "Cave Dragon",
      "set_number": "LCJW-EN279",
      "rarities": [
        "Common"
      ],
      "count": {
        "Common": 1
      }
    },
    {
      "card_name": "Injection Fairy Lily",
      "set_number": "LCJW-EN280",
      "rarities": [
        "Common"
      ],
      "count": {
        "Common": 1
      }
    },
    {
      "card_name": "Berserk Dragon",
      "set_number": "LCJW-EN281",
      "rarities": [
        "Common"
      ],
      "count": {
        "Common": 1
      }
    },
    {
      "card_name": "Strike Ninja",
      "set_number": "LCJW-EN282",
      "rarities": [
        "Common"
      ],
      "count": {
        "Common": 1
      }
    },
    {
      "card_name": "Dark Hole",
      "set_number": "LCJW-EN283",
      "rarities": [
        "Secret Rare"
      ],
      "count": {
        "Secret Rare": 1
      }
    },
    {
      "card_name": "Heavy Storm",
      "set_number": "LCJW-EN284",
      "rarities": [
        "Ultra Rare"
      ],
      "count": {
        "Ultra Rare": 1
      }
    },
    {
      "card_name": "Mystical Space Typhoon",
      "set_number": "LCJW-EN285",
      "rarities": [
        "Secret Rare"
      ],
      "count": {
        "Secret Rare": 1
      }
    },
    {
      "card_name": "Reinforcement of the Army",
      "set_number": "LCJW-EN286",
      "rarities": [
        "Ultra Rare"
      ],
      "count": {
        "Ultra Rare": 1
      }
    },
    {
      "card_name": "Super Rejuvenation",
      "set_number": "LCJW-EN287",
      "rarities": [
        "Super Rare"
      ],
      "count": {
        "Super Rare": 1
      }
    },
    {
      "card_name": "Book of Moon",
      "set_number": "LCJW-EN288",
      "rarities": [
        "Secret Rare"
      ],
      "count": {
        "Secret Rare": 1
      }
    },
    {
      "card_name": "Stray Lambs",
      "set_number": "LCJW-EN289",
      "rarities": [
        "Ultra Rare"
      ],
      "count": {
        "Ultra Rare": 1
      }
    },
    {
      "card_name": "Pot of Avarice",
      "set_number": "LCJW-EN290",
      "rarities": [
        "Secret Rare"
      ],
      "count": {
        "Secret Rare": 1
      }
    },
    {
      "card_name": "Trade-In",
      "set_number": "LCJW-EN291",
      "rarities": [
        "Ultra Rare"
      ],
      "count": {
        "Ultra Rare": 1
      }
    },
    {
      "card_name": "Horn of Heaven",
      "set_number": "LCJW-EN292",
      "rarities": [
        "Ultra Rare"
      ],
      "count": {
        "Ultra Rare": 1
      }
    },
    {
      "card_name": "Chain Destruction",
      "set_number": "LCJW-EN293",
      "rarities": [
        "Rare"
      ],
      "count": {
        "Rare": 1
      }
    },
    {
      "card_name": "Torrential Tribute",
      "set_number": "LCJW-EN294",
      "rarities": [
        "Secret Rare"
      ],
      "count": {
        "Secret Rare": 1
      }
    },
    {
      "card_name": "Compulsory Evacuation Device",
      "set_number": "LCJW-EN295",
      "rarities": [
        "Secret Rare"
      ],
      "count": {
        "Secret Rare": 1
      }
    },
    {
      "card_name": "Spirit Barrier",
      "set_number": "LCJW-EN296",
      "rarities": [
        "Common"
      ],
      "count": {
        "Common": 1
      }
    },
    {
      "card_name": "Black Horn of Heaven",
      "set_number": "LCJW-EN297",
      "rarities": [
        "Ultra Rare"
      ],
      "count": {
        "Ultra Rare": 1
      }
    },
    {
      "card_name": "Imperial Iron Wall",
      "set_number": "LCJW-EN298",
      "rarities": [
        "Ultra Rare"
      ],
      "count": {
        "Ultra Rare": 1
      }
    }
  ]
}
