{
  "name": "Legendary Collection",
  "type": "Legendary Collection",
  "date": "2010-09-30",
  "distribution": "legendary_collection",
  "prefix": "LC01",
  "sub_sets": [],
  "load": true,
  "cards": [
    {
      "card_name": "Obelisk the Tormentor",
      "set_number": "LC01-EN001",
      "rarities": [
        "Ultra Rare"
      ],
      "count": {
        "Ultra Rare": 1
      }
    },
    {
      "card_name": "Slifer the Sky Dragon",
      "set_number": "LC01-EN002",
      "rarities": [
        "Ultra Rare"
      ],
      "count": {
        "Ultra Rare": 1
      }
    },
    {
      "card_name": "The Winged Dragon of Ra",
      "set_number": "LC01-EN003",
      "rarities": [
        "Ultra Rare"
      ],
      "count": {
        "Ultra Rare": 1
      }
    },
    {
      "card_name": "Blue-Eyes White Dragon",
      "set_number": "LC01-EN004",
      "rarities": [
        "Ultra Rare"
      ],
      "count": {
        "Ultra Rare": 1
      }
    },
    {
      "card_name": "Dark Magician",
      "set_number": "LC01-EN005",
      "rarities": [
        "Ultra Rare"
      ],
      "count": {
        "Ultra Rare": 1
      }
    },
    {
      "card_name": "Red-Eyes B. Dragon",
      "set_number": "LC01-EN006",
      "rarities": [
        "Ultra Rare"
      ],
      "count": {
        "Ultra Rare": 1
      }
    }
  ]
}
