{
  "name": "Legendary Collection 2: The Duel Academy Years Mega Pack",
  "type": "Mega Pack",
  "date": "2011-10-04",
  "distribution": "mega_pack",
  "prefix": "LCGX",
  "sub_sets": [],
  "load": true,
  "cards": [
    {
      "card_name": "Elemental HERO Avian",
      "set_number": "LCGX-EN001",
      "rarities": [
        "Common"
      ],
      "count": {
        "Common": 1
      }
    },
    {
      "card_name": "Elemental HERO Burstinatrix",
      "set_number": "LCGX-EN003",
      "rarities": [
        "Common"
      ],
      "count": {
        "Common": 1
      }
    },
    {
      "card_name": "Elemental HERO Clayman",
      "set_number": "LCGX-EN005",
      "rarities": [
        "Common"
      ],
      "count": {
        "Common": 1
      }
    },
    {
      "card_name": "Elemental HERO Sparkman",
      "set_number": "LCGX-EN006",
      "rarities": [
        "Common"
      ],
      "count": {
        "Common": 1
      }
    },
    {
      "card_name": "Elemental HERO Neos",
      "set_number": "LCGX-EN008",
      "rarities": [
        "Common"
      ],
      "count": {
        "Common": 1
      }
    },
    {
      "card_name": "Winged Kuriboh",
      "set_number": "LCGX-EN009",
      "rarities": [
        "Common"
      ],
      "count": {
        "Common": 1
      }
    },
    {
      "card_name": "Winged Kuriboh LV10",
      "set_number": "LCGX-EN010",
      "rarities": [
        "Common"
      ],
      "count": {
        "Common": 1
      }
    },
    {
      "card_name": "Wroughtweiler",
      "set_number": "LCGX-EN011",
      "rarities": [
        "Common"
      ],
      "count": {
        "Common": 1
      }
    },
    {
      "card_name": "Elemental HERO Bubbleman",
      "set_number": "LCGX-EN012",
      "rarities": [
        "Common"
      ],
      "count": {
        "Common": 1
      }
    },
    {
      "card_name": "Elemental HERO Bladedge",
      "set_number": "LCGX-EN013",
      "rarities": [
        "Common"
      ],
      "count": {
        "Common": 1
      }
    },
    {
      "card_name": "Elemental HERO Wildheart",
      "set_number": "LCGX-EN014",
      "rarities": [
        "Common"
      ],
      "count": {
        "Common": 1
      }
    },
    {
      "card_name": "Elemental HERO Necroshade",
      "set_number": "LCGX-EN015",
      "rarities": [
        "Rare"
      ],
      "count": {
        "Rare": 1
      }
    },
    {
      "card_name": "Hero Kid",
      "set_number": "LCGX-EN016",
      "rarities": [
        "Common"
      ],
      "count": {
        "Common": 1
      }
    },
    {
      "card_name": "Neo-Spacian Aqua Dolphin",
      "set_number": "LCGX-EN017",
      "rarities": [
        "Common"
      ],
      "count": {
        "Common": 1
      }
    },
    {
      "card_name": "Neo-Spacian Flare Scarab",
      "set_number": "LCGX-EN018",
      "rarities": [
        "Common"
      ],
      "count": {
        "Common": 1
      }
    },
    {
      "card_name": "Neo-Spacian Dark Panther",
      "set_number": "LCGX-EN019",
      "rarities": [
        "Common"
      ],
      "count": {
        "Common": 1
      }
    },
    {
      "card_name": "Card Trooper",
      "set_number": "LCGX-EN020",
      "rarities": [
        "Common"
      ],
      "count": {
        "Common": 1
      }
    },
    {
      "card_name": "Neo-Spacian Air Hummingbird",
      "set_number": "LCGX-EN021",
      "rarities": [
        "Common"
      ],
      "count": {
        "Common": 1
      }
    },
    {
      "card_name": "Neo-Spacian Grand Mole",
      "set_number": "LCGX-EN022",
      "rarities": [
        "Common"
      ],
      "count": {
        "Common": 1
      }
    },
    {
      "card_name": "Neo-Spacian Glow Moss",
      "set_number": "LCGX-EN023",
      "rarities": [
        "Common"
      ],
      "count": {
        "Common": 1
      }
    },
    {
      "card_name": "Elemental HERO Stratos",
      "set_number": "LCGX-EN024",
      "rarities": [
        "Common"
      ],
      "count": {
        "Common": 1
      }
    },
    {
      "card_name": "Elemental HERO Ocean",
      "set_number": "LCGX-EN025",
      "rarities": [
        "Rare"
      ],
      "count": {
        "Rare": 1
      }
    },
    {
      "card_name": "Elemental HERO Captain Gold",
      "set_number": "LCGX-EN026",
      "rarities": [
        "Common"
      ],
      "count": {
        "Common": 1
      }
    },
    {
      "card_name": "Necro Gardna",
      "set_number": "LCGX-EN027",
      "rarities": [
        "Secret Rare"
      ],
      "count": {
        "Secret Rare": 1
      }
    },
    {
      "card_name": "Elemental HERO Neos Alius",
      "set_number": "LCGX-EN028",
      "rarities": [
        "Secret Rare"
      ],
      "count": {
        "Secret Rare": 1
      }
    },
    {
      "card_name": "Evil HERO Malicious Edge",
      "set_number": "LCGX-EN029",
      "rarities": [
        "Secret Rare"
      ],
      "count": {
        "Secret Rare": 1
      }
    },
    {
      "card_name": "Evil HERO Infernal Gainer",
      "set_number": "LCGX-EN030",
      "rarities": [
        "Common"
      ],
      "count": {
        "Common": 1
      }
    },
    {
      "card_name": "Evil HERO Infernal Prodigy",
      "set_number": "LCGX-EN031",
      "rarities": [
        "Rare"
      ],
      "count": {
        "Rare": 1
      }
    },
    {
      "card_name": "Card Ejector",
      "set_number": "LCGX-EN032",
      "rarities": [
        "Super Rare"
      ],
      "count": {
        "Super Rare": 1
      }
    },
    {
      "card_name": "Elemental HERO Prisma",
      "set_number": "LCGX-EN033",
      "rarities": [
        "Common"
      ],
      "count": {
        "Common": 1
      }
    },
    {
      "card_name": "Elemental HERO Woodsman",
      "set_number": "LCGX-EN034",
      "rarities": [
        "Super Rare"
      ],
      "count": {
        "Super Rare": 1
      }
    },
    {
      "card_name": "Elemental HERO Knospe",
      "set_number": "LCGX-EN035",
      "rarities": [
        "Rare"
      ],
      "count": {
        "Rare": 1
      }
    },
    {
      "card_name": "Elemental HERO Poison Rose",
      "set_number": "LCGX-EN036",
      "rarities": [
        "Rare"
      ],
      "count": {
        "Rare": 1
      }
    },
    {
      "card_name": "Elemental HERO Heat",
      "set_number": "LCGX-EN037",
      "rarities": [
        "Common"
      ],
      "count": {
        "Common": 1
      }
    },
    {
      "card_name": "Elemental HERO Lady Heat",
      "set_number": "LCGX-EN038",
      "rarities": [
        "Common"
      ],
      "count": {
        "Common": 1
      }
    },
    {
      "card_name": "Elemental HERO Voltic",
      "set_number": "LCGX-EN039",
      "rarities": [
        "Common"
      ],
      "count": {
        "Common": 1
      }
    },
    {
      "card_name": "Neos Wiseman",
      "set_number": "LCGX-EN040",
      "rarities": [
        "Ultra Rare"
      ],
      "count": {
        "Ultra Rare": 1
      }
    },
    {
      "card_name": "Gallis the Star Beast",
      "set_number": "LCGX-EN041",
      "rarities": [
        "Secret Rare"
      ],
      "count": {
        "Secret Rare": 1
      }
    },
    {
      "card_name": "Dandylion",
      "set_number": "LCGX-EN042",
      "rarities": [
        "Secret Rare"
      ],
      "count": {
        "Secret Rare": 1
      }
    },
    {
      "card_name": "Winged Kuriboh LV9",
      "set_number": "LCGX-EN043",
      "rarities": [
        "Secret Rare"
      ],
      "count": {
        "Secret Rare": 1
      }
    },
    {
      "card_name": "Card Blocker",
      "set_number": "LCGX-EN044",
      "rarities": [
        "Ultra Rare"
      ],
      "count": {
        "Ultra Rare": 1
      }
    },
    {
      "card_name": "Elemental HERO Flame Wingman",
      "set_number": "LCGX-EN045",
      "rarities": [
        "Secret Rare"
      ],
      "count": {
        "Secret Rare": 1
      }
    },
    {
      "card_name": "Elemental HERO Thunder Giant",
      "set_number": "LCGX-EN046",
      "rarities": [
        "Common"
      ],
      "count": {
        "Common": 1
      }
    },
    {
      "card_name": "Elemental HERO Rampart Blaster",
      "set_number": "LCGX-EN047",
      "rarities": [
        "Super Rare"
      ],
      "count": {
        "Super Rare": 1
      }
    },
    {
      "card_name": "Elemental HERO Tempest",
      "set_number": "LCGX-EN048",
      "rarities": [
        "Super Rare"
      ],
      "count": {
        "Super Rare": 1
      }
    },
    {
      "card_name": "Elemental HERO Wildedge",
      "set_number": "LCGX-EN049",
      "rarities": [
        "Common"
      ],
      "count": {
        "Common": 1
      }
    },
    {
      "card_name": "Elemental HERO Shining Flare Wingman",
      "set_number": "LCGX-EN050",
      "rarities": [
        "Secret Rare"
      ],
      "count": {
        "Secret Rare": 1
      }
    },
    {
      "card_name": "Elemental HERO Steam Healer",
      "set_number": "LCGX-EN051",
      "rarities": [
        "Rare"
      ],
      "count": {
        "Rare": 1
      }
    },
    {
      "card_name": "Elemental HERO Electrum",
      "set_number": "LCGX-EN052",
      "rarities": [
        "Ultra Rare"
      ],
      "count": {
        "Ultra Rare": 1
      }
    },
    {
      "card_name": "Elemental HERO Mudballman",
      "set_number": "LCGX-EN053",
      "rarities": [
        "Super Rare"
      ],
      "count": {
        "Super Rare": 1
      }
    },
    {
      "card_name": "Elemental HERO Mariner",
      "set_number": "LCGX-EN054",
      "rarities": [
        "Common"
      ],
      "count": {
        "Common": 1
      }
    },
    {
      "card_name": "Elemental HERO Wild Wingman",
      "set_number": "LCGX-EN055",
      "rarities": [
        "Common"
      ],
      "count": {
        "Common": 1
      }
    },
    {
      "card_name": "Elemental HERO Necroid Shaman",
      "set_number": "LCGX-EN056",
      "rarities": [
        "Common"
      ],
      "count": {
        "Common": 1
      }
    },
    {
      "card_name": "Elemental HERO Aqua Neos",
      "set_number": "LCGX-EN057",
      "rarities": [
        "Super Rare"
      ],
      "count": {
        "Super Rare": 1
      }
    },
    {
      "card_name": "Elemental HERO Flare Neos",
      "set_number": "LCGX-EN058",
      "rarities": [
        "Common"
      ],
      "count": {
        "Common": 1
      }
    },
    {
      "card_name": "Elemental HERO Dark Neos",
      "set_number": "LCGX-EN059",
      "rarities": [
        "Secret Rare"
      ],
      "count": {
        "Secret Rare": 1
      }
    },
    {
      "card_name": "Elemental HERO Grand Neos",
      "set_number": "LCGX-EN060",
      "rarities": [
        "Super Rare"
      ],
      "count": {
        "Super Rare": 1
      }
    },
    {
      "card_name": "Elemental HERO Glow Neos",
      "set_number": "LCGX-EN061",
      "rarities": [
        "Rare"
      ],
      "count": {
        "Rare": 1
      }
    },
    {
      "card_name": "Elemental HERO Marine Neos",
      "set_number": "LCGX-EN062",
      "rarities": [
        "Common"
      ],
      "count": {
        "Common": 1
      }
    },
    {
      "card_name": "Elemental HERO Darkbright",
      "set_number": "LCGX-EN063",
      "rarities": [
        "Super Rare"
      ],
      "count": {
        "Super Rare": 1
      }
    },
    {
      "card_name": "Elemental HERO Magma Neos",
      "set_number": "LCGX-EN064",
      "rarities": [
        "Super Rare"
      ],
      "count": {
        "Super Rare": 1
      }
    },
    {
      "card_name": "Elemental HERO Chaos Neos",
      "set_number": "LCGX-EN065",
      "rarities": [
        "Ultra Rare"
      ],
      "count": {
        "Ultra Rare": 1
      }
    },
    {
      "card_name": "Elemental HERO Plasma Vice",
      "set_number": "LCGX-EN066",
      "rarities": [
        "Common"
      ],
      "count": {
        "Common": 1
      }
    },
    {
      "card_name": "Evil HERO Inferno Wing",
      "set_number": "LCGX-EN067",
      "rarities": [
        "Super Rare"
      ],
      "count": {
        "Super Rare": 1
      }
    },
    {
      "card_name": "Evil HERO Lightning Golem",
      "set_number": "LCGX-EN068",
      "rarities": [
        "Super Rare"
      ],
      "count": {
        "Super Rare": 1
      }
    },
    {
      "card_name": "Evil HERO Dark Gaia",
      "set_number": "LCGX-EN069",
      "rarities": [
        "Super Rare"
      ],
      "count": {
        "Super Rare": 1
      }
    },
    {
      "card_name": "Evil HERO Wild Cyclone",
      "set_number": "LCGX-EN070",
      "rarities": [
        "Super Rare"
      ],
      "count": {
        "Super Rare": 1
      }
    },
    {
      "card_name": "Evil HERO Infernal Sniper",
      "set_number": "LCGX-EN071",
      "rarities": [
        "Ultra Rare"
      ],
      "count": {
        "Ultra Rare": 1
      }
    },
    {
      "card_name": "Evil HERO Malicious Fiend",
      "set_number": "LCGX-EN072",
      "rarities": [
        "Super Rare"
      ],
      "count": {
        "Super Rare": 1
      }
    },
    {
      "card_name": "Elemental HERO Storm Neos",
      "set_number": "LCGX-EN073",
      "rarities": [
        "Common"
      ],
      "count": {
        "Common": 1
      }
    },
    {
      "card_name": "Rainbow Neos",
      "set_number": "LCGX-EN074",
      "rarities": [
        "Super Rare"
      ],
      "count": {
        "Super Rare": 1
      }
    },
    {
      "card_name": "Elemental HERO Terra Firma",
      "set_number": "LCGX-EN075",
      "rarities": [
        "Super Rare"
      ],
      "count": {
        "Super Rare": 1
      }
    },
    {
      "card_name": "Elemental HERO Inferno",
      "set_number": "LCGX-EN076",
      "rarities": [
        "Super Rare"
      ],
      "count": {
        "Super Rare": 1
      }
    },
    {
      "card_name": "Elemental HERO Divine Neos",
      "set_number": "LCGX-EN077",
      "rarities": [
        "Ultra Rare"
      ],
      "count": {
        "Ultra Rare": 1
      }
    },
    {
      "card_name": "Miracle Fusion",
      "set_number": "LCGX-EN078",
      "rarities": [
        "Ultra Rare"
      ],
      "count": {
        "Ultra Rare": 1
      }
    },
    {
      "card_name": "Transcendent Wings",
      "set_number": "LCGX-EN079",
      "rarities": [
        "Common"
      ],
      "count": {
        "Common": 1
      }
    },
    {
      "card_name": "Bubble Shuffle",
      "set_number": "LCGX-EN080",
      "rarities": [
        "Rare"
      ],
      "count": {
        "Rare": 1
      }
    },
    {
      "card_name": "Spark Blaster",
      "set_number": "LCGX-EN081",
      "rarities": [
        "Common"
      ],
      "count": {
        "Common": 1
      }
    },
    {
      "card_name": "Skyscraper",
      "set_number": "LCGX-EN082",
      "rarities": [
        "Common"
      ],
      "count": {
        "Common": 1
      }
    },
    {
      "card_name": "Feather Shot",
      "set_number": "LCGX-EN083",
      "rarities": [
        "Rare"
      ],
      "count": {
        "Rare": 1
      }
    },
    {
      "card_name": "Burst Return",
      "set_number": "LCGX-EN084",
      "rarities": [
        "Rare"
      ],
      "count": {
        "Rare": 1
      }
    },
    {
      "card_name": "Hero Heart",
      "set_number": "LCGX-EN085",
      "rarities": [
        "Common"
      ],
      "count": {
        "Common": 1
      }
    },
    {
      "card_name": "Cyclone Boomerang",
      "set_number": "LCGX-EN086",
      "rarities": [
        "Common"
      ],
      "count": {
        "Common": 1
      }
    },
    {
      "card_name": "The Flute of Summoning Kuriboh",
      "set_number": "LCGX-EN087",
      "rarities": [
        "Ultra Rare"
      ],
      "count": {
        "Ultra Rare": 1
      }
    },
    {
      "card_name": "H - Heated Heart",
      "set_number": "LCGX-EN088",
      "rarities": [
        "Common"
      ],
      "count": {
        "Common": 1
      }
    },
    {
      "card_name": "E - Emergency Call",
      "set_number": "LCGX-EN089",
      "rarities": [
        "Common"
      ],
      "count": {
        "Common": 1
      }
    },
    {
      "card_name": "R - Righteous Justice",
      "set_number": "LCGX-EN090",
      "rarities": [
        "Common"
      ],
      "count": {
        "Common": 1
      }
    },
    {
      "card_name": "O - Oversoul",
      "set_number": "LCGX-EN091",
      "rarities": [
        "Common"
      ],
      "count": {
        "Common": 1
      }
    },
    {
      "card_name": "Hero Flash!!",
      "set_number": "LCGX-EN092",
      "rarities": [
        "Rare"
      ],
      "count": {
        "Rare": 1
      }
    },
    {
      "card_name": "Fake Hero",
      "set_number": "LCGX-EN093",
      "rarities": [
        "Rare"
      ],
      "count": {
        "Rare": 1
      }
    },
    {
      "card_name": "Neo Space",
      "set_number": "LCGX-EN094",
      "rarities": [
        "Rare"
      ],
      "count": {
        "Rare": 1
      }
    },
    {
      "card_name": "Instant Fusion",
      "set_number": "LCGX-EN095",
      "rarities": [
        "Ultra Rare"
      ],
      "count": {
        "Ultra Rare": 1
      }
    },
    {
      "card_name": "Neos Force",
      "set_number": "LCGX-EN096",
      "rarities": [
        "Common"
      ],
      "count": {
        "Common": 1
      }
    },
    {
      "card_name": "Skyscraper 2 - Hero City",
      "set_number": "LCGX-EN097",
      "rarities": [
        "Secret Rare"
      ],
      "count": {
        "Secret Rare": 1
      }
    },
    {
      "card_name": "Fifth Hope",
      "set_number": "LCGX-EN098",
      "rarities": [
        "Secret Rare"
      ],
      "count": {
        "Secret Rare": 1
      }
    },
    {
      "card_name": "Dark Fusion",
      "set_number": "LCGX-EN099",
      "rarities": [
        "Ultra Rare"
      ],
      "count": {
        "Ultra Rare": 1
      }
    },
    {
      "card_name": "Dark Calling",
      "set_number": "LCGX-EN100",
      "rarities": [
        "Rare"
      ],
      "count": {
        "Rare": 1
      }
    },
    {
      "card_name": "Super Polymerization",
      "set_number": "LCGX-EN101",
      "rarities": [
        "Secret Rare"
      ],
      "count": {
        "Secret Rare": 1
      }
    },
    {
      "card_name": "Instant Neo Space",
      "set_number": "LCGX-EN102",
      "rarities": [
        "Common"
      ],
      "count": {
        "Common": 1
      }
    },
    {
      "card_name": "Hero Mask",
      "set_number": "LCGX-EN103",
      "rarities": [
        "Common"
      ],
      "count": {
        "Common": 1
      }
    },
    {
      "card_name": "Space Gift",
      "set_number": "LCGX-EN104",
      "rarities": [
        "Common"
      ],
      "count": {
        "Common": 1
      }
    },
    {
      "card_name": "Rose Bud",
      "set_number": "LCGX-EN105",
      "rarities": [
        "Rare"
      ],
      "count": {
        "Rare": 1
      }
    },
    {
      "card_name": "HERO's Bond",
      "set_number": "LCGX-EN106",
      "rarities": [
        "Common"
      ],
      "count": {
        "Common": 1
      }
    },
    {
      "card_name": "Hero Signal",
      "set_number": "LCGX-EN107",
      "rarities": [
        "Common"
      ],
      "count": {
        "Common": 1
      }
    },
    {
      "card_name": "Hero Barrier",
      "set_number": "LCGX-EN108",
      "rarities": [
        "Common"
      ],
      "count": {
        "Common": 1
      }
    },
    {
      "card_name": "Feather Wind",
      "set_number": "LCGX-EN109",
      "rarities": [
        "Common"
      ],
      "count": {
        "Common": 1
      }
    },
    {
      "card_name": "Hero Ring",
      "set_number": "LCGX-EN110",
      "rarities": [
        "Super Rare"
      ],
      "count": {
        "Super Rare": 1
      }
    },
    {
      "card_name": "Clay Charge",
      "set_number": "LCGX-EN111",
      "rarities": [
        "Common"
      ],
      "count": {
        "Common": 1
      }
    },
    {
      "card_name": "Miracle Kids",
      "set_number": "LCGX-EN112",
      "rarities": [
        "Common"
      ],
      "count": {
        "Common": 1
      }
    },
    {
      "card_name": "Edge Hammer",
      "set_number": "LCGX-EN113",
      "rarities": [
        "Common"
      ],
      "count": {
        "Common": 1
      }
    },
    {
      "card_name": "Kid Guard",
      "set_number": "LCGX-EN114",
      "rarities": [
        "Ultra Rare"
      ],
      "count": {
        "Ultra Rare": 1
      }
    },
    {
      "card_name": "Elemental Recharge",
      "set_number": "LCGX-EN115",
      "rarities": [
        "Common"
      ],
      "count": {
        "Common": 1
      }
    },
    {
      "card_name": "Change of Hero - Reflector Ray",
      "set_number": "LCGX-EN116",
      "rarities": [
        "Common"
      ],
      "count": {
        "Common": 1
      }
    },
    {
      "card_name": "Hero Spirit",
      "set_number": "LCGX-EN117",
      "rarities": [
        "Common"
      ],
      "count": {
        "Common": 1
      }
    },
    {
      "card_name": "Hero Counterattack",
      "set_number": "LCGX-EN118",
      "rarities": [
        "Common"
      ],
      "count": {
        "Common": 1
      }
    },
    {
      "card_name": "Mirror Gate",
      "set_number": "LCGX-EN119",
      "rarities": [
        "Ultra Rare"
      ],
      "count": {
        "Ultra Rare": 1
      }
    },
    {
      "card_name": "Hero Blast",
      "set_number": "LCGX-EN120",
      "rarities": [
        "Common"
      ],
      "count": {
        "Common": 1
      }
    },
    {
      "card_name": "Terra Firma Gravity",
      "set_number": "LCGX-EN121",
      "rarities": [
        "Rare"
      ],
      "count": {
        "Rare": 1
      }
    },
    {
      "card_name": "Destiny HERO - Doom Lord",
      "set_number": "LCGX-EN122",
      "rarities": [
        "Common"
      ],
      "count": {
        "Common": 1
      }
    },
    {
      "card_name": "Destiny HERO - Captain Tenacious",
      "set_number": "LCGX-EN123",
      "rarities": [
        "Common"
      ],
      "count": {
        "Common": 1
      }
    },
    {
      "card_name": "Destiny HERO - Diamond Dude",
      "set_number": "LCGX-EN124",
      "rarities": [
        "Super Rare"
      ],
      "count": {
        "Super Rare": 1
      }
    },
    {
      "card_name": "Destiny HERO - Dreadmaster",
      "set_number": "LCGX-EN125",
      "rarities": [
        "Super Rare"
      ],
      "count": {
        "Super Rare": 1
      }
    },
    {
      "card_name": "Destiny HERO - Double Dude",
      "set_number": "LCGX-EN126",
      "rarities": [
        "Common"
      ],
      "count": {
        "Common": 1
      }
    },
    {
      "card_name": "Destiny HERO - Defender",
      "set_number": "LCGX-EN127",
      "rarities": [
        "Rare"
      ],
      "count": {
        "Rare": 1
      }
    },
    {
      "card_name": "Destiny HERO - Dogma",
      "set_number": "LCGX-EN128",
      "rarities": [
        "Super Rare"
      ],
      "count": {
        "Super Rare": 1
      }
    },
    {
      "card_name": "Destiny HERO - Blade Master",
      "set_number": "LCGX-EN129",
      "rarities": [
        "Common"
      ],
      "count": {
        "Common": 1
      }
    },
    {
      "card_name": "Destiny HERO - Fear Monger",
      "set_number": "LCGX-EN130",
      "rarities": [
        "Common"
      ],
      "count": {
        "Common": 1
      }
    },
    {
      "card_name": "Destiny HERO - Dasher",
      "set_number": "LCGX-EN131",
      "rarities": [
        "Common"
      ],
      "count": {
        "Common": 1
      }
    },
    {
      "card_name": "Destiny HERO - Malicious",
      "set_number": "LCGX-EN132",
      "rarities": [
        "Common"
      ],
      "count": {
        "Common": 1
      }
    },
    {
      "card_name": "Destiny HERO - Plasma",
      "set_number": "LCGX-EN134",
      "rarities": [
        "Super Rare"
      ],
      "count": {
        "Super Rare": 1
      }
    },
    {
      "card_name": "Destiny HERO - Dunker",
      "set_number": "LCGX-EN135",
      "rarities": [
        "Common"
      ],
      "count": {
        "Common": 1
      }
    },
    {
      "card_name": "Destiny HERO - Departed",
      "set_number": "LCGX-EN136",
      "rarities": [
        "Common"
      ],
      "count": {
        "Common": 1
      }
    },
    {
      "card_name": "Destiny HERO - Dread Servant",
      "set_number": "LCGX-EN137",
      "rarities": [
        "Common"
      ],
      "count": {
        "Common": 1
      }
    },
    {
      "card_name": "Elemental HERO Phoenix Enforcer",
      "set_number": "LCGX-EN138",
      "rarities": [
        "Super Rare"
      ],
      "count": {
        "Super Rare": 1
      }
    },
    {
      "card_name": "Elemental HERO Shining Phoenix Enforcer",
      "set_number": "LCGX-EN139",
      "rarities": [
        "Secret Rare"
      ],
      "count": {
        "Secret Rare": 1
      }
    },
    {
      "card_name": "Destiny End Dragoon",
      "set_number": "LCGX-EN140",
      "rarities": [
        "Super Rare"
      ],
      "count": {
        "Super Rare": 1
      }
    },
    {
      "card_name": "Clock Tower Prison",
      "set_number": "LCGX-EN141",
      "rarities": [
        "Common"
      ],
      "count": {
        "Common": 1
      }
    },
    {
      "card_name": "D - Spirit",
      "set_number": "LCGX-EN142",
      "rarities": [
        "Common"
      ],
      "count": {
        "Common": 1
      }
    },
    {
      "card_name": "Cyclone Blade",
      "set_number": "LCGX-EN143",
      "rarities": [
        "Common"
      ],
      "count": {
        "Common": 1
      }
    },
    {
      "card_name": "Dark City",
      "set_number": "LCGX-EN144",
      "rarities": [
        "Common"
      ],
      "count": {
        "Common": 1
      }
    },
    {
      "card_name": "Destiny Draw",
      "set_number": "LCGX-EN145",
      "rarities": [
        "Secret Rare"
      ],
      "count": {
        "Secret Rare": 1
      }
    },
    {
      "card_name": "Over Destiny",
      "set_number": "LCGX-EN146",
      "rarities": [
        "Rare"
      ],
      "count": {
        "Rare": 1
      }
    },
    {
      "card_name": "D - Formation",
      "set_number": "LCGX-EN147",
      "rarities": [
        "Common"
      ],
      "count": {
        "Common": 1
      }
    },
    {
      "card_name": "Destiny Signal",
      "set_number": "LCGX-EN148",
      "rarities": [
        "Common"
      ],
      "count": {
        "Common": 1
      }
    },
    {
      "card_name": "D - Time",
      "set_number": "LCGX-EN149",
      "rarities": [
        "Rare"
      ],
      "count": {
        "Rare": 1
      }
    },
    {
      "card_name": "D - Shield",
      "set_number": "LCGX-EN150",
      "rarities": [
        "Common"
      ],
      "count": {
        "Common": 1
      }
    },
    {
      "card_name": "Destiny Mirage",
      "set_number": "LCGX-EN151",
      "rarities": [
        "Rare"
      ],
      "count": {
        "Rare": 1
      }
    },
    {
      "card_name": "D - Chain",
      "set_number": "LCGX-EN152",
      "rarities": [
        "Common"
      ],
      "count": {
        "Common": 1
      }
    },
    {
      "card_name": "D - Counter",
      "set_number": "LCGX-EN153",
      "rarities": [
        "Common"
      ],
      "count": {
        "Common": 1
      }
    },
    {
      "card_name": "D - Fortune",
      "set_number": "LCGX-EN154",
      "rarities": [
        "Common"
      ],
      "count": {
        "Common": 1
      }
    },
    {
      "card_name": "Crystal Beast Ruby Carbuncle",
      "set_number": "LCGX-EN155",
      "rarities": [
        "Common"
      ],
      "count": {
        "Common": 1
      }
    },
    {
      "card_name": "Crystal Beast Amethyst Cat",
      "set_number": "LCGX-EN156",
      "rarities": [
        "Common"
      ],
      "count": {
        "Common": 1
      }
    },
    {
      "card_name": "Crystal Beast Emerald Tortoise",
      "set_number": "LCGX-EN157",
      "rarities": [
        "Common"
      ],
      "count": {
        "Common": 1
      }
    },
    {
      "card_name": "Crystal Beast Topaz Tiger",
      "set_number": "LCGX-EN158",
      "rarities": [
        "Common"
      ],
      "count": {
        "Common": 1
      }
    },
    {
      "card_name": "Crystal Beast Amber Mammoth",
      "set_number": "LCGX-EN159",
      "rarities": [
        "Common"
      ],
      "count": {
        "Common": 1
      }
    },
    {
      "card_name": "Crystal Beast Cobalt Eagle",
      "set_number": "LCGX-EN160",
      "rarities": [
        "Common"
      ],
      "count": {
        "Common": 1
      }
    },
    {
      "card_name": "Crystal Beast Sapphire Pegasus",
      "set_number": "LCGX-EN161",
      "rarities": [
        "Super Rare"
      ],
      "count": {
        "Super Rare": 1
      }
    },
    {
      "card_name": "Rainbow Dragon",
      "set_number": "LCGX-EN162",
      "rarities": [
        "Ultra Rare"
      ],
      "count": {
        "Ultra Rare": 1
      }
    },
    {
      "card_name": "Crystal Beacon",
      "set_number": "LCGX-EN163",
      "rarities": [
        "Rare"
      ],
      "count": {
        "Rare": 1
      }
    },
    {
      "card_name": "Rare Value",
      "set_number": "LCGX-EN164",
      "rarities": [
        "Super Rare"
      ],
      "count": {
        "Super Rare": 1
      }
    },
    {
      "card_name": "Crystal Blessing",
      "set_number": "LCGX-EN165",
      "rarities": [
        "Rare"
      ],
      "count": {
        "Rare": 1
      }
    },
    {
      "card_name": "Crystal Abundance",
      "set_number": "LCGX-EN166",
      "rarities": [
        "Rare"
      ],
      "count": {
        "Rare": 1
      }
    },
    {
      "card_name": "Crystal Promise",
      "set_number": "LCGX-EN167",
      "rarities": [
        "Rare"
      ],
      "count": {
        "Rare": 1
      }
    },
    {
      "card_name": "Ancient City - Rainbow Ruins",
      "set_number": "LCGX-EN168",
      "rarities": [
        "Common"
      ],
      "count": {
        "Common": 1
      }
    },
    {
      "card_name": "Crystal Release",
      "set_number": "LCGX-EN169",
      "rarities": [
        "Ultra Rare"
      ],
      "count": {
        "Ultra Rare": 1
      }
    },
    {
      "card_name": "Crystal Tree",
      "set_number": "LCGX-EN170",
      "rarities": [
        "Ultra Rare"
      ],
      "count": {
        "Ultra Rare": 1
      }
    },
    {
      "card_name": "Crystal Raigeki",
      "set_number": "LCGX-EN171",
      "rarities": [
        "Common"
      ],
      "count": {
        "Common": 1
      }
    },
    {
      "card_name": "Crystal Pair",
      "set_number": "LCGX-EN172",
      "rarities": [
        "Common"
      ],
      "count": {
        "Common": 1
      }
    },
    {
      "card_name": "Rainbow Path",
      "set_number": "LCGX-EN173",
      "rarities": [
        "Common"
      ],
      "count": {
        "Common": 1
      }
    },
    {
      "card_name": "Rainbow Gravity",
      "set_number": "LCGX-EN174",
      "rarities": [
        "Common"
      ],
      "count": {
        "Common": 1
      }
    },
    {
      "card_name": "Cyber Dragon",
      "set_number": "LCGX-EN175",
      "rarities": [
        "Ultra Rare"
      ],
      "count": {
        "Ultra Rare": 1
      }
    },
    {
      "card_name": "Proto-Cyber Dragon",
      "set_number": "LCGX-EN177",
      "rarities": [
        "Ultra Rare"
      ],
      "count": {
        "Ultra Rare": 1
      }
    },
    {
      "card_name": "Cyber Phoenix",
      "set_number": "LCGX-EN178",
      "rarities": [
        "Ultra Rare"
      ],
      "count": {
        "Ultra Rare": 1
      }
    },
    {
      "card_name": "Cyber Valley",
      "set_number": "LCGX-EN179",
      "rarities": [
        "Ultra Rare"
      ],
      "count": {
        "Ultra Rare": 1
      }
    },
    {
      "card_name": "Cyber Twin Dragon",
      "set_number": "LCGX-EN180",
      "rarities": [
        "Secret Rare"
      ],
      "count": {
        "Secret Rare": 1
      }
    },
    {
      "card_name": "Cyber End Dragon",
      "set_number": "LCGX-EN181",
      "rarities": [
        "Secret Rare"
      ],
      "count": {
        "Secret Rare": 1
      }
    },
    {
      "card_name": "Chimeratech Overdragon",
      "set_number": "LCGX-EN183",
      "rarities": [
        "Secret Rare"
      ],
      "count": {
        "Secret Rare": 1
      }
    },
    {
      "card_name": "Power Bond",
      "set_number": "LCGX-EN184",
      "rarities": [
        "Secret Rare"
      ],
      "count": {
        "Secret Rare": 1
      }
    },
    {
      "card_name": "Overload Fusion",
      "set_number": "LCGX-EN185",
      "rarities": [
        "Rare"
      ],
      "count": {
        "Rare": 1
      }
    },
    {
      "card_name": "Future Fusion",
      "set_number": "LCGX-EN186",
      "rarities": [
        "Ultra Rare"
      ],
      "count": {
        "Ultra Rare": 1
      }
    },
    {
      "card_name": "Magical Mallet",
      "set_number": "LCGX-EN187",
      "rarities": [
        "Ultra Rare"
      ],
      "count": {
        "Ultra Rare": 1
      }
    },
    {
      "card_name": "Dark End Dragon",
      "set_number": "LCGX-EN188",
      "rarities": [
        "Secret Rare"
      ],
      "count": {
        "Secret Rare": 1
      }
    },
    {
      "card_name": "Light End Dragon",
      "set_number": "LCGX-EN189",
      "rarities": [
        "Ultra Rare"
      ],
      "count": {
        "Ultra Rare": 1
      }
    },
    {
      "card_name": "Hydrogeddon",
      "set_number": "LCGX-EN190",
      "rarities": [
        "Ultra Rare"
      ],
      "count": {
        "Ultra Rare": 1
      }
    },
    {
      "card_name": "Vennominaga the Deity of Poisonous Snakes",
      "set_number": "LCGX-EN191",
      "rarities": [
        "Ultra Rare"
      ],
      "count": {
        "Ultra Rare": 1
      }
    },
    {
      "card_name": "Vennominon the King of Poisonous Snakes",
      "set_number": "LCGX-EN192",
      "rarities": [
        "Super Rare"
      ],
      "count": {
        "Super Rare": 1
      }
    },
    {
      "card_name": "Phantom of Chaos",
      "set_number": "LCGX-EN193",
      "rarities": [
        "Secret Rare"
      ],
      "count": {
        "Secret Rare": 1
      }
    },
    {
      "card_name": "Phantom Skyblaster",
      "set_number": "LCGX-EN194",
      "rarities": [
        "Secret Rare"
      ],
      "count": {
        "Secret Rare": 1
      }
    },
    {
      "card_name": "Grave Squirmer",
      "set_number": "LCGX-EN195",
      "rarities": [
        "Common"
      ],
      "count": {
        "Common": 1
      }
    },
    {
      "card_name": "Grinder Golem",
      "set_number": "LCGX-EN196",
      "rarities": [
        "Common"
      ],
      "count": {
        "Common": 1
      }
    },
    {
      "card_name": "Yubel",
      "set_number": "LCGX-EN197",
      "rarities": [
        "Secret Rare"
      ],
      "count": {
        "Secret Rare": 1
      }
    },
    {
      "card_name": "Yubel - Terror Incarnate",
      "set_number": "LCGX-EN198",
      "rarities": [
        "Secret Rare"
      ],
      "count": {
        "Secret Rare": 1
      }
    },
    {
      "card_name": "Yubel - The Ultimate Nightmare",
      "set_number": "LCGX-EN199",
      "rarities": [
        "Secret Rare"
      ],
      "count": {
        "Secret Rare": 1
      }
    },
    {
      "card_name": "Mezuki",
      "set_number": "LCGX-EN200",
      "rarities": [
        "Common"
      ],
      "count": {
        "Common": 1
      }
    },
    {
      "card_name": "Cold Enchanter",
      "set_number": "LCGX-EN201",
      "rarities": [
        "Common"
      ],
      "count": {
        "Common": 1
      }
    },
    {
      "card_name": "Ice Master",
      "set_number": "LCGX-EN202",
      "rarities": [
        "Common"
      ],
      "count": {
        "Common": 1
      }
    },
    {
      "card_name": "Thunder King Rai-Oh",
      "set_number": "LCGX-EN203",
      "rarities": [
        "Common"
      ],
      "count": {
        "Common": 1
      }
    },
    {
      "card_name": "Darkness Destroyer",
      "set_number": "LCGX-EN204",
      "rarities": [
        "Secret Rare"
      ],
      "count": {
        "Secret Rare": 1
      }
    },
    {
      "card_name": "White Night Dragon",
      "set_number": "LCGX-EN205",
      "rarities": [
        "Ultra Rare"
      ],
      "count": {
        "Ultra Rare": 1
      }
    },
    {
      "card_name": "Kasha",
      "set_number": "LCGX-EN206",
      "rarities": [
        "Ultra Rare"
      ],
      "count": {
        "Ultra Rare": 1
      }
    },
    {
      "card_name": "Ice Queen",
      "set_number": "LCGX-EN207",
      "rarities": [
        "Ultra Rare"
      ],
      "count": {
        "Ultra Rare": 1
      }
    },
    {
      "card_name": "Shutendoji",
      "set_number": "LCGX-EN208",
      "rarities": [
        "Ultra Rare"
      ],
      "count": {
        "Ultra Rare": 1
      }
    },
    {
      "card_name": "Clear Vice Dragon",
      "set_number": "LCGX-EN209",
      "rarities": [
        "Super Rare"
      ],
      "count": {
        "Super Rare": 1
      }
    },
    {
      "card_name": "Darklord Desire",
      "set_number": "LCGX-EN210",
      "rarities": [
        "Super Rare"
      ],
      "count": {
        "Super Rare": 1
      }
    },
    {
      "card_name": "Armityle the Chaos Phantom",
      "set_number": "LCGX-EN211",
      "rarities": [
        "Ultra Rare"
      ],
      "count": {
        "Ultra Rare": 1
      }
    },
    {
      "card_name": "Fusion Recovery",
      "set_number": "LCGX-EN212",
      "rarities": [
        "Common"
      ],
      "count": {
        "Common": 1
      }
    },
    {
      "card_name": "System Down",
      "set_number": "LCGX-EN213",
      "rarities": [
        "Common"
      ],
      "count": {
        "Common": 1
      }
    },
    {
      "card_name": "Grand Convergence",
      "set_number": "LCGX-EN214",
      "rarities": [
        "Rare"
      ],
      "count": {
        "Rare": 1
      }
    },
    {
      "card_name": "Dimensional Fissure",
      "set_number": "LCGX-EN215",
      "rarities": [
        "Secret Rare"
      ],
      "count": {
        "Secret Rare": 1
      }
    },
    {
      "card_name": "Venom Swamp",
      "set_number": "LCGX-EN216",
      "rarities": [
        "Common"
      ],
      "count": {
        "Common": 1
      }
    },
    {
      "card_name": "Clear World",
      "set_number": "LCGX-EN217",
      "rarities": [
        "Super Rare"
      ],
      "count": {
        "Super Rare": 1
      }
    },
    {
      "card_name": "Macro Cosmos",
      "set_number": "LCGX-EN218",
      "rarities": [
        "Ultra Rare"
      ],
      "count": {
        "Ultra Rare": 1
      }
    },
    {
      "card_name": "Rise of the Snake Deity",
      "set_number": "LCGX-EN219",
      "rarities": [
        "Common"
      ],
      "count": {
        "Common": 1
      }
    },
    {
      "card_name": "Dimensional Prison",
      "set_number": "LCGX-EN220",
      "rarities": [
        "Ultra Rare"
      ],
      "count": {
        "Ultra Rare": 1
      }
    },
    {
      "card_name": "Offering to the Snake Deity",
      "set_number": "LCGX-EN221",
      "rarities": [
        "Common"
      ],
      "count": {
        "Common": 1
      }
    },
    {
      "card_name": "Chamberlain of the Six Samurai",
      "set_number": "LCGX-EN222",
      "rarities": [
        "Common"
      ],
      "count": {
        "Common": 1
      }
    },
    {
      "card_name": "Gladiator Beast Andal",
      "set_number": "LCGX-EN223",
      "rarities": [
        "Common"
      ],
      "count": {
        "Common": 1
      }
    },
    {
      "card_name": "D.D. Survivor",
      "set_number": "LCGX-EN224",
      "rarities": [
        "Common"
      ],
      "count": {
        "Common": 1
      }
    },
    {
      "card_name": "Banisher of the Radiance",
      "set_number": "LCGX-EN225",
      "rarities": [
        "Secret Rare"
      ],
      "count": {
        "Secret Rare": 1
      }
    },
    {
      "card_name": "Grandmaster of the Six Samurai",
      "set_number": "LCGX-EN226",
      "rarities": [
        "Common"
      ],
      "count": {
        "Common": 1
      }
    },
    {
      "card_name": "The Six Samurai - Yaichi",
      "set_number": "LCGX-EN227",
      "rarities": [
        "Common"
      ],
      "count": {
        "Common": 1
      }
    },
    {
      "card_name": "The Six Samurai - Kamon",
      "set_number": "LCGX-EN228",
      "rarities": [
        "Common"
      ],
      "count": {
        "Common": 1
      }
    },
    {
      "card_name": "The Six Samurai - Yariza",
      "set_number": "LCGX-EN229",
      "rarities": [
        "Common"
      ],
      "count": {
        "Common": 1
      }
    },
    {
      "card_name": "The Six Samurai - Nisashi",
      "set_number": "LCGX-EN230",
      "rarities": [
        "Common"
      ],
      "count": {
        "Common": 1
      }
    },
    {
      "card_name": "The Six Samurai - Zanji",
      "set_number": "LCGX-EN231",
      "rarities": [
        "Common"
      ],
      "count": {
        "Common": 1
      }
    },
    {
      "card_name": "The Six Samurai - Irou",
      "set_number": "LCGX-EN232",
      "rarities": [
        "Common"
      ],
      "count": {
        "Common": 1
      }
    },
    {
      "card_name": "Great Shogun Shien",
      "set_number": "LCGX-EN233",
      "rarities": [
        "Secret Rare"
      ],
      "count": {
        "Secret Rare": 1
      }
    },
    {
      "card_name": "D.D. Crow",
      "set_number": "LCGX-EN234",
      "rarities": [
        "Super Rare"
      ],
      "count": {
        "Super Rare": 1
      }
    },
    {
      "card_name": "Gladiator Beast Octavius",
      "set_number": "LCGX-EN235",
      "rarities": [
        "Ultra Rare"
      ],
      "count": {
        "Ultra Rare": 1
      }
    },
    {
      "card_name": "Gladiator Beast Murmillo",
      "set_number": "LCGX-EN236",
      "rarities": [
        "Secret Rare"
      ],
      "count": {
        "Secret Rare": 1
      }
    },
    {
      "card_name": "Gladiator Beast Bestiari",
      "set_number": "LCGX-EN237",
      "rarities": [
        "Secret Rare"
      ],
      "count": {
        "Secret Rare": 1
      }
    },
    {
      "card_name": "Gladiator Beast Laquari",
      "set_number": "LCGX-EN238",
      "rarities": [
        "Secret Rare"
      ],
      "count": {
        "Secret Rare": 1
      }
    },
    {
      "card_name": "Gladiator Beast Hoplomus",
      "set_number": "LCGX-EN239",
      "rarities": [
        "Secret Rare"
      ],
      "count": {
        "Secret Rare": 1
      }
    },
    {
      "card_name": "Gladiator Beast Secutor",
      "set_number": "LCGX-EN240",
      "rarities": [
        "Secret Rare"
      ],
      "count": {
        "Secret Rare": 1
      }
    },
    {
      "card_name": "Enishi, Shien's Chancellor",
      "set_number": "LCGX-EN241",
      "rarities": [
        "Super Rare"
      ],
      "count": {
        "Super Rare": 1
      }
    },
    {
      "card_name": "Test Tiger",
      "set_number": "LCGX-EN242",
      "rarities": [
        "Secret Rare"
      ],
      "count": {
        "Secret Rare": 1
      }
    },
    {
      "card_name": "Rainbow Dark Dragon",
      "set_number": "LCGX-EN243",
      "rarities": [
        "Ultra Rare"
      ],
      "count": {
        "Ultra Rare": 1
      }
    },
    {
      "card_name": "Gladiator Beast Darius",
      "set_number": "LCGX-EN244",
      "rarities": [
        "Secret Rare"
      ],
      "count": {
        "Secret Rare": 1
      }
    },
    {
      "card_name": "Jain, Lightsworn Paladin",
      "set_number": "LCGX-EN245",
      "rarities": [
        "Ultra Rare"
      ],
      "count": {
        "Ultra Rare": 1
      }
    },
    {
      "card_name": "Garoth, Lightsworn Warrior",
      "set_number": "LCGX-EN246",
      "rarities": [
        "Ultra Rare"
      ],
      "count": {
        "Ultra Rare": 1
      }
    },
    {
      "card_name": "Lumina, Lightsworn Summoner",
      "set_number": "LCGX-EN247",
      "rarities": [
        "Ultra Rare"
      ],
      "count": {
        "Ultra Rare": 1
      }
    },
    {
      "card_name": "Wulf, Lightsworn Beast",
      "set_number": "LCGX-EN248",
      "rarities": [
        "Ultra Rare"
      ],
      "count": {
        "Ultra Rare": 1
      }
    },
    {
      "card_name": "Judgment Dragon",
      "set_number": "LCGX-EN249",
      "rarities": [
        "Common"
      ],
      "count": {
        "Common": 1
      }
    },
    {
      "card_name": "Aurkus, Lightsworn Druid",
      "set_number": "LCGX-EN250",
      "rarities": [
        "Ultra Rare"
      ],
      "count": {
        "Ultra Rare": 1
      }
    },
    {
      "card_name": "Gladiator Beast Equeste",
      "set_number": "LCGX-EN251",
      "rarities": [
        "Secret Rare"
      ],
      "count": {
        "Secret Rare": 1
      }
    },
    {
      "card_name": "Gladiator Beast Lanista",
      "set_number": "LCGX-EN252",
      "rarities": [
        "Ultra Rare"
      ],
      "count": {
        "Ultra Rare": 1
      }
    },
    {
      "card_name": "Gladiator Beast Heraklinos",
      "set_number": "LCGX-EN253",
      "rarities": [
        "Super Rare"
      ],
      "count": {
        "Super Rare": 1
      }
    },
    {
      "card_name": "Gladiator Beast's Respite",
      "set_number": "LCGX-EN254",
      "rarities": [
        "Rare"
      ],
      "count": {
        "Rare": 1
      }
    },
    {
      "card_name": "Gladiator's Return",
      "set_number": "LCGX-EN255",
      "rarities": [
        "Rare"
      ],
      "count": {
        "Rare": 1
      }
    },
    {
      "card_name": "Cunning of the Six Samurai",
      "set_number": "LCGX-EN256",
      "rarities": [
        "Common"
      ],
      "count": {
        "Common": 1
      }
    },
    {
      "card_name": "Gladiator Proving Ground",
      "set_number": "LCGX-EN257",
      "rarities": [
        "Rare"
      ],
      "count": {
        "Rare": 1
      }
    },
    {
      "card_name": "Light of Redemption",
      "set_number": "LCGX-EN258",
      "rarities": [
        "Common"
      ],
      "count": {
        "Common": 1
      }
    },
    {
      "card_name": "Gateway of the Six",
      "set_number": "LCGX-EN259",
      "rarities": [
        "Common"
      ],
      "count": {
        "Common": 1
      }
    },
    {
      "card_name": "Non-Fusion Area",
      "set_number": "LCGX-EN260",
      "rarities": [
        "Common"
      ],
      "count": {
        "Common": 1
      }
    },
    {
      "card_name": "Success Probability 0%",
      "set_number": "LCGX-EN261",
      "rarities": [
        "Common"
      ],
      "count": {
        "Common": 1
      }
    },
    {
      "card_name": "Return of the Six Samurai",
      "set_number": "LCGX-EN262",
      "rarities": [
        "Common"
      ],
      "count": {
        "Common": 1
      }
    },
    {
      "card_name": "Swiftstrike Armor",
      "set_number": "LCGX-EN263",
      "rarities": [
        "Rare"
      ],
      "count": {
        "Rare": 1
      }
    },
    {
      "card_name": "Double-Edged Sword Technique",
      "set_number": "LCGX-EN264",
      "rarities": [
        "Common"
      ],
      "count": {
        "Common": 1
      }
    },
    {
      "card_name": "Defensive Tactics",
      "set_number": "LCGX-EN265",
      "rarities": [
        "Ultra Rare"
      ],
      "count": {
        "Ultra Rare": 1
      }
    },
    {
      "card_name": "Gladiator Beast War Chariot",
      "set_number": "LCGX-EN266",
      "rarities": [
        "Secret Rare"
      ],
      "count": {
        "Secret Rare": 1
      }
    }
  ]
}
