{
  "name": "Legendary Decks II",
  "type": "Shonen Jump",
  "date": "2016-10-07",
  "distribution": "shonen_jump",
  "prefix": "LDK2",
  "sub_sets": [],
  "load": true,
  "cards": [
    {
      "card_name": "Red-Eyes B. Dragon",
      "set_number": "LDK2-ENJ01",
      "rarities": [
        "Common"
      ],
      "count": {
        "Common": 1
      }
    },
    {
      "card_name": "Red-Eyes Black Flare Dragon",
      "set_number": "LDK2-ENJ02",
      "rarities": [
        "Common"
      ],
      "count": {
        "Common": 1
      }
    },
    {
      "card_name": "Red-Eyes Archfiend of Lightning",
      "set_number": "LDK2-ENJ03",
      "rarities": [
        "Common"
      ],
      "count": {
        "Common": 1
      }
    },
    {
      "card_name": "Red-Eyes Retro Dragon",
      "set_number": "LDK2-ENJ04",
      "rarities": [
        "Common"
      ],
      "count": {
        "Common": 1
      }
    },
    {
      "card_name": "The Black Stone of Legend",
      "set_number": "LDK2-ENJ05",
      "rarities": [
        "Ultra Rare"
      ],
      "count": {
        "Ultra Rare": 1
      }
    },
    {
      "card_name": "Black Metal Dragon",
      "set_number": "LDK2-ENJ06",
      "rarities": [
        "Common"
      ],
      "count": {
        "Common": 1
      }
    },
    {
      "card_name": "Axe Raider",
      "set_number": "LDK2-ENJ07",
      "rarities": [
        "Common"
      ],
      "count": {
        "Common": 1
      }
    },
    {
      "card_name": "Alligator's Sword",
      "set_number": "LDK2-ENJ08",
      "rarities": [
        "Common"
      ],
      "count": {
        "Common": 1
      }
    },
    {
      "card_name": "Baby Dragon",
      "set_number": "LDK2-ENJ09",
      "rarities": [
        "Common"
      ],
      "count": {
        "Common": 1
      }
    },
    {
      "card_name": "Jinzo",
      "set_number": "LDK2-ENJ10",
      "rarities": [
        "Common"
      ],
      "count": {
        "Common": 1
      }
    },
    {
      "card_name": "Goblin Attack Force",
      "set_number": "LDK2-ENJ11",
      "rarities": [
        "Common"
      ],
      "count": {
        "Common": 1
      }
    },
    {
      "card_name": "Gearfried the Iron Knight",
      "set_number": "LDK2-ENJ12",
      "rarities": [
        "Common"
      ],
      "count": {
        "Common": 1
      }
    },
    {
      "card_name": "Rocket Warrior",
      "set_number": "LDK2-ENJ13",
      "rarities": [
        "Common"
      ],
      "count": {
        "Common": 1
      }
    },
    {
      "card_name": "Blue Flame Swordsman",
      "set_number": "LDK2-ENJ14",
      "rarities": [
        "Common"
      ],
      "count": {
        "Common": 1
      }
    },
    {
      "card_name": "Time Wizard",
      "set_number": "LDK2-ENJ15",
      "rarities": [
        "Common"
      ],
      "count": {
        "Common": 1
      }
    },
    {
      "card_name": "Phoenix Gearfried",
      "set_number": "LDK2-ENJ16",
      "rarities": [
        "Common"
      ],
      "count": {
        "Common": 1
      }
    },
    {
      "card_name": "Gemini Summoner",
      "set_number": "LDK2-ENJ17",
      "rarities": [
        "Common"
      ],
      "count": {
        "Common": 1
      }
    },
    {
      "card_name": "Blazewing Butterfly",
      "set_number": "LDK2-ENJ18",
      "rarities": [
        "Common"
      ],
      "count": {
        "Common": 1
      }
    },
    {
      "card_name": "Dark Valkyria",
      "set_number": "LDK2-ENJ19",
      "rarities": [
        "Common"
      ],
      "count": {
        "Common": 1
      }
    },
    {
      "card_name": "Command Knight",
      "set_number": "LDK2-ENJ20",
      "rarities": [
        "Common"
      ],
      "count": {
        "Common": 1
      }
    },
    {
      "card_name": "Valkyrian Knight",
      "set_number": "LDK2-ENJ21",
      "rarities": [
        "Common"
      ],
      "count": {
        "Common": 1
      }
    },
    {
      "card_name": "Keeper of the Shrine",
      "set_number": "LDK2-ENJ22",
      "rarities": [
        "Common"
      ],
      "count": {
        "Common": 1
      }
    },
    {
      "card_name": "Inferno Fire Blast",
      "set_number": "LDK2-ENJ23",
      "rarities": [
        "Common"
      ],
      "count": {
        "Common": 1
      }
    },
    {
      "card_name": "Red-Eyes Fusion",
      "set_number": "LDK2-ENJ24",
      "rarities": [
        "Common"
      ],
      "count": {
        "Common": 1
      }
    },
    {
      "card_name": "Cards of the Red Stone",
      "set_number": "LDK2-ENJ25",
      "rarities": [
        "Common"
      ],
      "count": {
        "Common": 1
      }
    },
    {
      "card_name": "Salamandra",
      "set_number": "LDK2-ENJ27",
      "rarities": [
        "Common"
      ],
      "count": {
        "Common": 1
      }
    },
    {
      "card_name": "Scapegoat",
      "set_number": "LDK2-ENJ28",
      "rarities": [
        "Common"
      ],
      "count": {
        "Common": 1
      }
    },
    {
      "card_name": "Foolish Burial",
      "set_number": "LDK2-ENJ29",
      "rarities": [
        "Common"
      ],
      "count": {
        "Common": 1
      }
    },
    {
      "card_name": "Roulette Spider",
      "set_number": "LDK2-ENJ30",
      "rarities": [
        "Common"
      ],
      "count": {
        "Common": 1
      }
    },
    {
      "card_name": "Supervise",
      "set_number": "LDK2-ENJ31",
      "rarities": [
        "Common"
      ],
      "count": {
        "Common": 1
      }
    },
    {
      "card_name": "Mystical Space Typhoon",
      "set_number": "LDK2-ENJ32",
      "rarities": [
        "Common"
      ],
      "count": {
        "Common": 1
      }
    },
    {
      "card_name": "Symbols of Duty",
      "set_number": "LDK2-ENJ33",
      "rarities": [
        "Common"
      ],
      "count": {
        "Common": 1
      }
    },
    {
      "card_name": "Return of the Red-Eyes",
      "set_number": "LDK2-ENJ34",
      "rarities": [
        "Ultra Rare"
      ],
      "count": {
        "Ultra Rare": 1
      }
    },
    {
      "card_name": "Red-Eyes Spirit",
      "set_number": "LDK2-ENJ35",
      "rarities": [
        "Common"
      ],
      "count": {
        "Common": 1
      }
    },
    {
      "card_name": "Kunai with Chain",
      "set_number": "LDK2-ENJ36",
      "rarities": [
        "Common"
      ],
      "count": {
        "Common": 1
      }
    },
    {
      "card_name": "Call of the Haunted",
      "set_number": "LDK2-ENJ37",
      "rarities": [
        "Common"
      ],
      "count": {
        "Common": 1
      }
    },
    {
      "card_name": "Torrential Tribute",
      "set_number": "LDK2-ENJ38",
      "rarities": [
        "Common"
      ],
      "count": {
        "Common": 1
      }
    },
    {
      "card_name": "Burst Breath",
      "set_number": "LDK2-ENJ39",
      "rarities": [
        "Common"
      ],
      "count": {
        "Common": 1
      }
    },
    {
      "card_name": "Curse of Anubis",
      "set_number": "LDK2-ENJ40",
      "rarities": [
        "Common"
      ],
      "count": {
        "Common": 1
      }
    },
    {
      "card_name": "Red-Eyes Flare Metal Dragon",
      "set_number": "LDK2-ENJ41",
      "rarities": [
        "Ultra Rare"
      ],
      "count": {
        "Ultra Rare": 1
      }
    },
    {
      "card_name": "Archfiend Black Skull Dragon",
      "set_number": "LDK2-ENJ42",
      "rarities": [
        "Common"
      ],
      "count": {
        "Common": 1
      }
    },
    {
      "card_name": "Alligator's Sword Dragon",
      "set_number": "LDK2-ENJ43",
      "rarities": [
        "Common"
      ],
      "count": {
        "Common": 1
      }
    },
    {
      "card_name": "Blue-Eyes White Dragon",
      "set_number": "LDK2-ENK01",
      "rarities": [
        "Common"
      ],
      "count": {
        "Common": 1
      }
    },
    {
      "card_name": "Dragon Spirit of White",
      "set_number": "LDK2-ENK02",
      "rarities": [
        "Common"
      ],
      "count": {
        "Common": 1
      }
    },
    {
      "card_name": "Kaibaman",
      "set_number": "LDK2-ENK03",
      "rarities": [
        "Common"
      ],
      "count": {
        "Common": 1
      }
    },
    {
      "card_name": "The White Stone of Legend",
      "set_number": "LDK2-ENK04",
      "rarities": [
        "Common"
      ],
      "count": {
        "Common": 1
      }
    },
    {
      "card_name": "The White Stone of Ancients",
      "set_number": "LDK2-ENK05",
      "rarities": [
        "Common"
      ],
      "count": {
        "Common": 1
      }
    },
    {
      "card_name": "Maiden with Eyes of Blue",
      "set_number": "LDK2-ENK06",
      "rarities": [
        "Ultra Rare"
      ],
      "count": {
        "Ultra Rare": 1
      }
    },
    {
      "card_name": "Protector with Eyes of Blue",
      "set_number": "LDK2-ENK07",
      "rarities": [
        "Common"
      ],
      "count": {
        "Common": 1
      }
    },
    {
      "card_name": "Master with Eyes of Blue",
      "set_number": "LDK2-ENK08",
      "rarities": [
        "Common"
      ],
      "count": {
        "Common": 1
      }
    },
    {
      "card_name": "Battle Ox",
      "set_number": "LDK2-ENK09",
      "rarities": [
        "Common"
      ],
      "count": {
        "Common": 1
      }
    },
    {
      "card_name": "La Jinn the Mystical Genie of the Lamp",
      "set_number": "LDK2-ENK10",
      "rarities": [
        "Common"
      ],
      "count": {
        "Common": 1
      }
    },
    {
      "card_name": "Vorse Raider",
      "set_number": "LDK2-ENK11",
      "rarities": [
        "Common"
      ],
      "count": {
        "Common": 1
      }
    },
    {
      "card_name": "Alexandrite Dragon",
      "set_number": "LDK2-ENK12",
      "rarities": [
        "Common"
      ],
      "count": {
        "Common": 1
      }
    },
    {
      "card_name": "Blade Knight",
      "set_number": "LDK2-ENK13",
      "rarities": [
        "Common"
      ],
      "count": {
        "Common": 1
      }
    },
    {
      "card_name": "Ancient Lamp",
      "set_number": "LDK2-ENK14",
      "rarities": [
        "Common"
      ],
      "count": {
        "Common": 1
      }
    },
    {
      "card_name": "Tiger Dragon",
      "set_number": "LDK2-ENK15",
      "rarities": [
        "Common"
      ],
      "count": {
        "Common": 1
      }
    },
    {
      "card_name": "Kidmodo Dragon",
      "set_number": "LDK2-ENK16",
      "rarities": [
        "Common"
      ],
      "count": {
        "Common": 1
      }
    },
    {
      "card_name": "King of the Swamp",
      "set_number": "LDK2-ENK17",
      "rarities": [
        "Common"
      ],
      "count": {
        "Common": 1
      }
    },
    {
      "card_name": "Rider of the Storm Winds",
      "set_number": "LDK2-ENK18",
      "rarities": [
        "Common"
      ],
      "count": {
        "Common": 1
      }
    },
    {
      "card_name": "Burst Stream of Destruction",
      "set_number": "LDK2-ENK19",
      "rarities": [
        "Common"
      ],
      "count": {
        "Common": 1
      }
    },
    {
      "card_name": "Beacon of White",
      "set_number": "LDK2-ENK20",
      "rarities": [
        "Common"
      ],
      "count": {
        "Common": 1
      }
    },
    {
      "card_name": "Mausoleum of White",
      "set_number": "LDK2-ENK21",
      "rarities": [
        "Common"
      ],
      "count": {
        "Common": 1
      }
    },
    {
      "card_name": "Polymerization",
      "set_number": "LDK2-ENK22",
      "rarities": [
        "Common"
      ],
      "count": {
        "Common": 1
      }
    },
    {
      "card_name": "Enemy Controller",
      "set_number": "LDK2-ENK23",
      "rarities": [
        "Common"
      ],
      "count": {
        "Common": 1
      }
    },
    {
      "card_name": "Shrink",
      "set_number": "LDK2-ENK24",
      "rarities": [
        "Common"
      ],
      "count": {
        "Common": 1
      }
    },
    {
      "card_name": "Silent Doom",
      "set_number": "LDK2-ENK25",
      "rarities": [
        "Common"
      ],
      "count": {
        "Common": 1
      }
    },
    {
      "card_name": "The Melody of Awakening Dragon",
      "set_number": "LDK2-ENK26",
      "rarities": [
        "Ultra Rare"
      ],
      "count": {
        "Ultra Rare": 1
      }
    },
    {
      "card_name": "Ancient Rules",
      "set_number": "LDK2-ENK27",
      "rarities": [
        "Common"
      ],
      "count": {
        "Common": 1
      }
    },
    {
      "card_name": "Trade-In",
      "set_number": "LDK2-ENK28",
      "rarities": [
        "Common"
      ],
      "count": {
        "Common": 1
      }
    },
    {
      "card_name": "Where Arf Thou?",
      "set_number": "LDK2-ENK29",
      "rarities": [
        "Common"
      ],
      "count": {
        "Common": 1
      }
    },
    {
      "card_name": "Pot of Dichotomy",
      "set_number": "LDK2-ENK30",
      "rarities": [
        "Common"
      ],
      "count": {
        "Common": 1
      }
    },
    {
      "card_name": "Fusion Substitute",
      "set_number": "LDK2-ENK31",
      "rarities": [
        "Common"
      ],
      "count": {
        "Common": 1
      }
    },
    {
      "card_name": "Unexpected Dai",
      "set_number": "LDK2-ENK32",
      "rarities": [
        "Common"
      ],
      "count": {
        "Common": 1
      }
    },
    {
      "card_name": "Negate Attack",
      "set_number": "LDK2-ENK33",
      "rarities": [
        "Common"
      ],
      "count": {
        "Common": 1
      }
    },
    {
      "card_name": "Final Attack Orders",
      "set_number": "LDK2-ENK34",
      "rarities": [
        "Common"
      ],
      "count": {
        "Common": 1
      }
    },
    {
      "card_name": "Shadow Spell",
      "set_number": "LDK2-ENK35",
      "rarities": [
        "Common"
      ],
      "count": {
        "Common": 1
      }
    },
    {
      "card_name": "Cloning",
      "set_number": "LDK2-ENK36",
      "rarities": [
        "Common"
      ],
      "count": {
        "Common": 1
      }
    },
    {
      "card_name": "Fusion Reserve",
      "set_number": "LDK2-ENK37",
      "rarities": [
        "Common"
      ],
      "count": {
        "Common": 1
      }
    },
    {
      "card_name": "Jar of Avarice",
      "set_number": "LDK2-ENK38",
      "rarities": [
        "Common"
      ],
      "count": {
        "Common": 1
      }
    },
    {
      "card_name": "Azure-Eyes Silver Dragon",
      "set_number": "LDK2-ENK39",
      "rarities": [
        "Common"
      ],
      "count": {
        "Common": 1
      }
    },
    {
      "card_name": "Blue-Eyes Ultimate Dragon",
      "set_number": "LDK2-ENK40",
      "rarities": [
        "Ultra Rare"
      ],
      "count": {
        "Ultra Rare": 1
      }
    },
    {
      "card_name": "First of the Dragons",
      "set_number": "LDK2-ENK41",
      "rarities": [
        "Common"
      ],
      "count": {
        "Common": 1
      }
    },
    {
      "card_name": "Slifer the Sky Dragon",
      "set_number": "LDK2-ENS01",
      "rarities": [
        "Ultra Rare"
      ],
      "count": {
        "Ultra Rare": 1
      }
    },
    {
      "card_name": "Obelisk the Tormentor",
      "set_number": "LDK2-ENS02",
      "rarities": [
        "Ultra Rare"
      ],
      "count": {
        "Ultra Rare": 1
      }
    },
    {
      "card_name": "The Winged Dragon of Ra",
      "set_number": "LDK2-ENS03",
      "rarities": [
        "Ultra Rare"
      ],
      "count": {
        "Ultra Rare": 1
      }
    },
    {
      "card_name": "Dark Burning Attack",
      "set_number": "LDK2-ENS04",
      "rarities": [
        "Secret Rare"
      ],
      "count": {
        "Secret Rare": 1
      }
    },
    {
      "card_name": "Dark Burning Magic",
      "set_number": "LDK2-ENS05",
      "rarities": [
        "Secret Rare"
      ],
      "count": {
        "Secret Rare": 1
      }
    },
    {
      "card_name": "Eternal Soul",
      "set_number": "LDK2-ENS06",
      "rarities": [
        "Secret Rare"
      ],
      "count": {
        "Secret Rare": 1
      }
    },
    {
      "card_name": "The Legendary Exodia Incarnate",
      "set_number": "LDK2-ENY01",
      "rarities": [
        "Ultra Rare"
      ],
      "count": {
        "Ultra Rare": 1
      }
    },
    {
      "card_name": "Ties of the Brethren",
      "set_number": "LDK2-ENY02",
      "rarities": [
        "Ultra Rare"
      ],
      "count": {
        "Ultra Rare": 1
      }
    },
    {
      "card_name": "Obliterate!!!",
      "set_number": "LDK2-ENY03",
      "rarities": [
        "Ultra Rare"
      ],
      "count": {
        "Ultra Rare": 1
      }
    },
    {
      "card_name": "Exodia the Forbidden One",
      "set_number": "LDK2-ENY04",
      "rarities": [
        "Common"
      ],
      "count": {
        "Common": 1
      }
    },
    {
      "card_name": "Right Arm of the Forbidden One",
      "set_number": "LDK2-ENY05",
      "rarities": [
        "Common"
      ],
      "count": {
        "Common": 1
      }
    },
    {
      "card_name": "Left Arm of the Forbidden One",
      "set_number": "LDK2-ENY06",
      "rarities": [
        "Common"
      ],
      "count": {
        "Common": 1
      }
    },
    {
      "card_name": "Right Leg of the Forbidden One",
      "set_number": "LDK2-ENY07",
      "rarities": [
        "Common"
      ],
      "count": {
        "Common": 1
      }
    },
    {
      "card_name": "Left Leg of the Forbidden One",
      "set_number": "LDK2-ENY08",
      "rarities": [
        "Common"
      ],
      "count": {
        "Common": 1
      }
    },
    {
      "card_name": "Exodia Necross",
      "set_number": "LDK2-ENY09",
      "rarities": [
        "Common"
      ],
      "count": {
        "Common": 1
      }
    },
    {
      "card_name": "Dark Magician",
      "set_number": "LDK2-ENY10",
      "rarities": [
        "Common"
      ],
      "count": {
        "Common": 1
      }
    },
    {
      "card_name": "Dark Magician Girl",
      "set_number": "LDK2-ENY11",
      "rarities": [
        "Common"
      ],
      "count": {
        "Common": 1
      }
    },
    {
      "card_name": "Buster Blader",
      "set_number": "LDK2-ENY12",
      "rarities": [
        "Common"
      ],
      "count": {
        "Common": 1
      }
    },
    {
      "card_name": "Silent Magician LV8",
      "set_number": "LDK2-ENY13",
      "rarities": [
        "Common"
      ],
      "count": {
        "Common": 1
      }
    },
    {
      "card_name": "Silent Magician LV4",
      "set_number": "LDK2-ENY14",
      "rarities": [
        "Common"
      ],
      "count": {
        "Common": 1
      }
    },
    {
      "card_name": "The Tricky",
      "set_number": "LDK2-ENY15",
      "rarities": [
        "Common"
      ],
      "count": {
        "Common": 1
      }
    },
    {
      "card_name": "Big Shield Gardna",
      "set_number": "LDK2-ENY16",
      "rarities": [
        "Common"
      ],
      "count": {
        "Common": 1
      }
    },
    {
      "card_name": "Magician's Valkyria",
      "set_number": "LDK2-ENY17",
      "rarities": [
        "Common"
      ],
      "count": {
        "Common": 1
      }
    },
    {
      "card_name": "Blast Magician",
      "set_number": "LDK2-ENY18",
      "rarities": [
        "Common"
      ],
      "count": {
        "Common": 1
      }
    },
    {
      "card_name": "Blockman",
      "set_number": "LDK2-ENY19",
      "rarities": [
        "Common"
      ],
      "count": {
        "Common": 1
      }
    },
    {
      "card_name": "Marshmallon",
      "set_number": "LDK2-ENY20",
      "rarities": [
        "Common"
      ],
      "count": {
        "Common": 1
      }
    },
    {
      "card_name": "Sangan",
      "set_number": "LDK2-ENY21",
      "rarities": [
        "Common"
      ],
      "count": {
        "Common": 1
      }
    },
    {
      "card_name": "Gold Sarcophagus",
      "set_number": "LDK2-ENY22",
      "rarities": [
        "Common"
      ],
      "count": {
        "Common": 1
      }
    },
    {
      "card_name": "Swords of Revealing Light",
      "set_number": "LDK2-ENY23",
      "rarities": [
        "Common"
      ],
      "count": {
        "Common": 1
      }
    },
    {
      "card_name": "Magical Dimension",
      "set_number": "LDK2-ENY24",
      "rarities": [
        "Common"
      ],
      "count": {
        "Common": 1
      }
    },
    {
      "card_name": "Magicians Unite",
      "set_number": "LDK2-ENY25",
      "rarities": [
        "Common"
      ],
      "count": {
        "Common": 1
      }
    },
    {
      "card_name": "Tricky Spell 4",
      "set_number": "LDK2-ENY26",
      "rarities": [
        "Common"
      ],
      "count": {
        "Common": 1
      }
    },
    {
      "card_name": "Thousand Knives",
      "set_number": "LDK2-ENY27",
      "rarities": [
        "Common"
      ],
      "count": {
        "Common": 1
      }
    },
    {
      "card_name": "Dark Magic Attack",
      "set_number": "LDK2-ENY28",
      "rarities": [
        "Common"
      ],
      "count": {
        "Common": 1
      }
    },
    {
      "card_name": "Contract with Exodia",
      "set_number": "LDK2-ENY29",
      "rarities": [
        "Common"
      ],
      "count": {
        "Common": 1
      }
    },
    {
      "card_name": "Messenger of Peace",
      "set_number": "LDK2-ENY30",
      "rarities": [
        "Common"
      ],
      "count": {
        "Common": 1
      }
    },
    {
      "card_name": "Dark Factory of Mass Production",
      "set_number": "LDK2-ENY31",
      "rarities": [
        "Common"
      ],
      "count": {
        "Common": 1
      }
    },
    {
      "card_name": "Monster Reincarnation",
      "set_number": "LDK2-ENY32",
      "rarities": [
        "Common"
      ],
      "count": {
        "Common": 1
      }
    },
    {
      "card_name": "Secret Village of the Spellcasters",
      "set_number": "LDK2-ENY33",
      "rarities": [
        "Common"
      ],
      "count": {
        "Common": 1
      }
    },
    {
      "card_name": "Pot of Duality",
      "set_number": "LDK2-ENY34",
      "rarities": [
        "Common"
      ],
      "count": {
        "Common": 1
      }
    },
    {
      "card_name": "Mirror Force",
      "set_number": "LDK2-ENY35",
      "rarities": [
        "Common"
      ],
      "count": {
        "Common": 1
      }
    },
    {
      "card_name": "Magical Hats",
      "set_number": "LDK2-ENY36",
      "rarities": [
        "Common"
      ],
      "count": {
        "Common": 1
      }
    },
    {
      "card_name": "Magic Cylinder",
      "set_number": "LDK2-ENY37",
      "rarities": [
        "Common"
      ],
      "count": {
        "Common": 1
      }
    },
    {
      "card_name": "Magician's Circle",
      "set_number": "LDK2-ENY38",
      "rarities": [
        "Common"
      ],
      "count": {
        "Common": 1
      }
    },
    {
      "card_name": "Backup Soldier",
      "set_number": "LDK2-ENY39",
      "rarities": [
        "Common"
      ],
      "count": {
        "Common": 1
      }
    },
    {
      "card_name": "Gravity Bind",
      "set_number": "LDK2-ENY40",
      "rarities": [
        "Common"
      ],
      "count": {
        "Common": 1
      }
    }
  ]
}
