{
  "name": "Legendary Collection 2: Gameboard Edition",
  "type": "Legendary Collection",
  "date": "2013-05-21",
  "distribution": "legendary_collection",
  "prefix": "LC02",
  "sub_sets": [],
  "load": false,
  "cards": [
    {
      "card_name": "Uria, Lord of Searing Flames",
      "set_number": "LC02-EN001",
      "rarities": [
        "Ultra Rare"
      ],
      "count": {
        "Ultra Rare": 1
      }
    },
    {
      "card_name": "Hamon, Lord of Striking Thunder",
      "set_number": "LC02-EN002",
      "rarities": [
        "Ultra Rare"
      ],
      "count": {
        "Ultra Rare": 1
      }
    },
    {
      "card_name": "Raviel, Lord of Phantasms",
      "set_number": "LC02-EN003",
      "rarities": [
        "Ultra Rare"
      ],
      "count": {
        "Ultra Rare": 1
      }
    },
    {
      "card_name": "Darklord Asmodeus",
      "set_number": "LC02-EN004",
      "rarities": [
        "Ultra Rare"
      ],
      "count": {
        "Ultra Rare": 1
      }
    },
    {
      "card_name": "Darklord Superbia",
      "set_number": "LC02-EN005",
      "rarities": [
        "Ultra Rare"
      ],
      "count": {
        "Ultra Rare": 1
      }
    },
    {
      "card_name": "Darklord Edeh Arae",
      "set_number": "LC02-EN006",
      "rarities": [
        "Ultra Rare"
      ],
      "count": {
        "Ultra Rare": 1
      }
    },
    {
      "card_name": "Cyber Larva",
      "set_number": "LC02-EN007",
      "rarities": [
        "Ultra Rare"
      ],
      "count": {
        "Ultra Rare": 1
      }
    },
    {
      "card_name": "Lion Alligator",
      "set_number": "LC02-EN008",
      "rarities": [
        "Ultra Rare"
      ],
      "count": {
        "Ultra Rare": 1
      }
    },
    {
      "card_name": "Spawn Alligator",
      "set_number": "LC02-EN009",
      "rarities": [
        "Ultra Rare"
      ],
      "count": {
        "Ultra Rare": 1
      }
    },
    {
      "card_name": "Elemental HERO Great Tornado",
      "set_number": "LC02-EN010",
      "rarities": [
        "Ultra Rare"
      ],
      "count": {
        "Ultra Rare": 1
      }
    },
    {
      "card_name": "Parallel World Fusion",
      "set_number": "LC02-EN011",
      "rarities": [
        "Ultra Rare"
      ],
      "count": {
        "Ultra Rare": 1
      }
    },
    {
      "card_name": "Dragonic Tactics",
      "set_number": "LC02-EN012",
      "rarities": [
        "Ultra Rare"
      ],
      "count": {
        "Ultra Rare": 1
      }
    },
    {
      "card_name": "Court of Justice",
      "set_number": "LC02-EN013",
      "rarities": [
        "Ultra Rare"
      ],
      "count": {
        "Ultra Rare": 1
      }
    }
  ]
}