{
  "name": "Mattel Action Figure",
  "type": "Promo Cards",
  "date": "2006-02-21",
  "distribution": "promo_cards",
  "prefix": "MF01",
  "sub_sets": [],
  "load": false,
  "cards": [
    {
      "card_name": "Elemental HERO Thunder Giant",
      "set_number": "MF01-EN001",
      "rarities": [
        "Normal Parallel Rare"
      ],
      "count": {
        "Normal Parallel Rare": 1
      }
    },
    {
      "card_name": "Elemental HERO Tempest",
      "set_number": "MF02-EN001",
      "rarities": [
        "Normal Parallel Rare"
      ],
      "count": {
        "Normal Parallel Rare": 1
      }
    },
    {
      "card_name": "Elemental HERO Wildedge",
      "set_number": "MF02-EN002",
      "rarities": [
        "Normal Parallel Rare"
      ],
      "count": {
        "Normal Parallel Rare": 1
      }
    },
    {
      "card_name": "Cyber End Dragon",
      "set_number": "MF02-EN003",
      "rarities": [
        "Normal Parallel Rare"
      ],
      "count": {
        "Normal Parallel Rare": 1
      }
    },
    {
      "card_name": "Water Dragon",
      "set_number": "MF02-EN004",
      "rarities": [
        "Normal Parallel Rare"
      ],
      "count": {
        "Normal Parallel Rare": 1
      }
    },
    {
      "card_name": "Winged Kuriboh LV10",
      "set_number": "MF03-EN001",
      "rarities": [
        "Normal Parallel Rare"
      ],
      "count": {
        "Normal Parallel Rare": 1
      }
    },
    {
      "card_name": "Elemental HERO Burstinatrix",
      "set_number": "MF03-EN002",
      "rarities": [
        "Normal Parallel Rare"
      ],
      "count": {
        "Normal Parallel Rare": 1
      }
    },
    {
      "card_name": "Elemental HERO Clayman",
      "set_number": "MF03-EN003",
      "rarities": [
        "Normal Parallel Rare"
      ],
      "count": {
        "Normal Parallel Rare": 1
      }
    },
    {
      "card_name": "Elemental HERO Sparkman",
      "set_number": "MF03-EN004",
      "rarities": [
        "Normal Parallel Rare"
      ],
      "count": {
        "Normal Parallel Rare": 1
      }
    },
    {
      "card_name": "Elemental HERO Bladedge",
      "set_number": "MF03-EN005",
      "rarities": [
        "Normal Parallel Rare"
      ],
      "count": {
        "Normal Parallel Rare": 1
      }
    },
    {
      "card_name": "Elemental HERO Flame Wingman",
      "set_number": "MF03-EN006",
      "rarities": [
        "Normal Parallel Rare"
      ],
      "count": {
        "Normal Parallel Rare": 1
      }
    },
    {
      "card_name": "Elemental HERO Bubbleman",
      "set_number": "MF03-EN007",
      "rarities": [
        "Normal Parallel Rare"
      ],
      "count": {
        "Normal Parallel Rare": 1
      }
    },
    {
      "card_name": "Ancient Gear Golem",
      "set_number": "MF03-EN008",
      "rarities": [
        "Normal Parallel Rare"
      ],
      "count": {
        "Normal Parallel Rare": 1
      }
    },
    {
      "card_name": "Black Luster Soldier",
      "set_number": "MF03-EN009",
      "rarities": [
        "Normal Parallel Rare"
      ],
      "count": {
        "Normal Parallel Rare": 1
      }
    },
    {
      "card_name": "Cyber Dragon",
      "set_number": "MF03-EN010",
      "rarities": [
        "Normal Parallel Rare"
      ],
      "count": {
        "Normal Parallel Rare": 1
      }
    },
    {
      "card_name": "Chthonian Soldier",
      "set_number": "MF03-EN011",
      "rarities": [
        "Normal Parallel Rare"
      ],
      "count": {
        "Normal Parallel Rare": 1
      }
    }
  ]
}