{
  "name": "Millennium Pack",
  "type": "Booster Pack",
  "date": "2016-04-14",
  "distribution": "booster_pack",
  "prefix": "MIL1",
  "sub_sets": [],
  "load": true,
  "cards": [
    {
      "card_name": "The Winged Dragon of Ra - Immortal Phoenix",
      "set_number": "MIL1-EN001",
      "rarities": [
        "Ultra Rare"
      ],
      "count": {
        "Ultra Rare": 1
      }
    },
    {
      "card_name": "Curse of Dragonfire",
      "set_number": "MIL1-EN002",
      "rarities": [
        "Ultra Rare"
      ],
      "count": {
        "Ultra Rare": 1
      }
    },
    {
      "card_name": "Holding Arms",
      "set_number": "MIL1-EN003",
      "rarities": [
        "Super Rare"
      ],
      "count": {
        "Super Rare": 1
      }
    },
    {
      "card_name": "Holding Legs",
      "set_number": "MIL1-EN004",
      "rarities": [
        "Super Rare"
      ],
      "count": {
        "Super Rare": 1
      }
    },
    {
      "card_name": "Gandora the Dragon of Destruction",
      "set_number": "MIL1-EN005",
      "rarities": [
        "Common"
      ],
      "count": {
        "Common": 1
      }
    },
    {
      "card_name": "Gilford the Lightning",
      "set_number": "MIL1-EN006",
      "rarities": [
        "Common"
      ],
      "count": {
        "Common": 1
      }
    },
    {
      "card_name": "Exodius the Ultimate Forbidden Lord",
      "set_number": "MIL1-EN007",
      "rarities": [
        "Common"
      ],
      "count": {
        "Common": 1
      }
    },
    {
      "card_name": "Relinquished",
      "set_number": "MIL1-EN008",
      "rarities": [
        "Common"
      ],
      "count": {
        "Common": 1
      }
    },
    {
      "card_name": "Dark Master - Zorc",
      "set_number": "MIL1-EN009",
      "rarities": [
        "Common"
      ],
      "count": {
        "Common": 1
      }
    },
    {
      "card_name": "Sky Galloping Gaia the Dragon Champion",
      "set_number": "MIL1-EN010",
      "rarities": [
        "Super Rare"
      ],
      "count": {
        "Super Rare": 1
      }
    },
    {
      "card_name": "B. Skull Dragon",
      "set_number": "MIL1-EN011",
      "rarities": [
        "Common"
      ],
      "count": {
        "Common": 1
      }
    },
    {
      "card_name": "Five-Headed Dragon",
      "set_number": "MIL1-EN012",
      "rarities": [
        "Common"
      ],
      "count": {
        "Common": 1
      }
    },
    {
      "card_name": "Rebellion",
      "set_number": "MIL1-EN013",
      "rarities": [
        "Ultra Rare"
      ],
      "count": {
        "Ultra Rare": 1
      }
    },
    {
      "card_name": "Card of Demise",
      "set_number": "MIL1-EN014",
      "rarities": [
        "Ultra Rare"
      ],
      "count": {
        "Ultra Rare": 1
      }
    },
    {
      "card_name": "Left Arm Offering",
      "set_number": "MIL1-EN015",
      "rarities": [
        "Super Rare"
      ],
      "count": {
        "Super Rare": 1
      }
    },
    {
      "card_name": "The True Name",
      "set_number": "MIL1-EN016",
      "rarities": [
        "Super Rare"
      ],
      "count": {
        "Super Rare": 1
      }
    },
    {
      "card_name": "Symbol of Friendship",
      "set_number": "MIL1-EN017",
      "rarities": [
        "Rare"
      ],
      "count": {
        "Rare": 1
      }
    },
    {
      "card_name": "Shrink",
      "set_number": "MIL1-EN018",
      "rarities": [
        "Common"
      ],
      "count": {
        "Common": 1
      }
    },
    {
      "card_name": "Scapegoat",
      "set_number": "MIL1-EN019",
      "rarities": [
        "Common"
      ],
      "count": {
        "Common": 1
      }
    },
    {
      "card_name": "Black Illusion Ritual",
      "set_number": "MIL1-EN020",
      "rarities": [
        "Common"
      ],
      "count": {
        "Common": 1
      }
    },
    {
      "card_name": "Contract with the Dark Master",
      "set_number": "MIL1-EN021",
      "rarities": [
        "Common"
      ],
      "count": {
        "Common": 1
      }
    },
    {
      "card_name": "Trap Hole of Spikes",
      "set_number": "MIL1-EN022",
      "rarities": [
        "Super Rare"
      ],
      "count": {
        "Super Rare": 1
      }
    },
    {
      "card_name": "Ring of Destruction",
      "set_number": "MIL1-EN023",
      "rarities": [
        "Common"
      ],
      "count": {
        "Common": 1
      }
    },
    {
      "card_name": "Nightmare Wheel",
      "set_number": "MIL1-EN024",
      "rarities": [
        "Common"
      ],
      "count": {
        "Common": 1
      }
    },
    {
      "card_name": "Gaia The Fierce Knight",
      "set_number": "MIL1-EN025",
      "rarities": [
        "Rare"
      ],
      "count": {
        "Rare": 1
      }
    },
    {
      "card_name": "Celtic Guardian",
      "set_number": "MIL1-EN026",
      "rarities": [
        "Rare"
      ],
      "count": {
        "Rare": 1
      }
    },
    {
      "card_name": "Red-Eyes B. Dragon",
      "set_number": "MIL1-EN027",
      "rarities": [
        "Common"
      ],
      "count": {
        "Common": 1
      }
    },
    {
      "card_name": "Summoned Skull",
      "set_number": "MIL1-EN028",
      "rarities": [
        "Common"
      ],
      "count": {
        "Common": 1
      }
    },
    {
      "card_name": "La Jinn the Mystical Genie of the Lamp",
      "set_number": "MIL1-EN029",
      "rarities": [
        "Common"
      ],
      "count": {
        "Common": 1
      }
    },
    {
      "card_name": "Launcher Spider",
      "set_number": "MIL1-EN030",
      "rarities": [
        "Common"
      ],
      "count": {
        "Common": 1
      }
    },
    {
      "card_name": "Tiger Axe",
      "set_number": "MIL1-EN031",
      "rarities": [
        "Common"
      ],
      "count": {
        "Common": 1
      }
    },
    {
      "card_name": "Vorse Raider",
      "set_number": "MIL1-EN032",
      "rarities": [
        "Common"
      ],
      "count": {
        "Common": 1
      }
    },
    {
      "card_name": "Pendulum Machine",
      "set_number": "MIL1-EN033",
      "rarities": [
        "Common"
      ],
      "count": {
        "Common": 1
      }
    },
    {
      "card_name": "Kuriboh",
      "set_number": "MIL1-EN034",
      "rarities": [
        "Common"
      ],
      "count": {
        "Common": 1
      }
    },
    {
      "card_name": "Red-Eyes Black Metal Dragon",
      "set_number": "MIL1-EN035",
      "rarities": [
        "Common"
      ],
      "count": {
        "Common": 1
      }
    },
    {
      "card_name": "Panther Warrior",
      "set_number": "MIL1-EN036",
      "rarities": [
        "Rare"
      ],
      "count": {
        "Rare": 1
      }
    },
    {
      "card_name": "Viser Des",
      "set_number": "MIL1-EN037",
      "rarities": [
        "Common"
      ],
      "count": {
        "Common": 1
      }
    },
    {
      "card_name": "Flame Swordsman",
      "set_number": "MIL1-EN038",
      "rarities": [
        "Rare"
      ],
      "count": {
        "Rare": 1
      }
    },
    {
      "card_name": "Thousand Dragon",
      "set_number": "MIL1-EN039",
      "rarities": [
        "Rare"
      ],
      "count": {
        "Rare": 1
      }
    },
    {
      "card_name": "XYZ-Dragon Cannon",
      "set_number": "MIL1-EN040",
      "rarities": [
        "Rare"
      ],
      "count": {
        "Rare": 1
      }
    },
    {
      "card_name": "Dark Paladin",
      "set_number": "MIL1-EN041",
      "rarities": [
        "Common"
      ],
      "count": {
        "Common": 1
      }
    },
    {
      "card_name": "Toon World",
      "set_number": "MIL1-EN042",
      "rarities": [
        "Common"
      ],
      "count": {
        "Common": 1
      }
    },
    {
      "card_name": "Spiral Spear Strike",
      "set_number": "MIL1-EN043",
      "rarities": [
        "Common"
      ],
      "count": {
        "Common": 1
      }
    },
    {
      "card_name": "Acid Trap Hole",
      "set_number": "MIL1-EN044",
      "rarities": [
        "Rare"
      ],
      "count": {
        "Rare": 1
      }
    },
    {
      "card_name": "Metalmorph",
      "set_number": "MIL1-EN045",
      "rarities": [
        "Common"
      ],
      "count": {
        "Common": 1
      }
    },
    {
      "card_name": "Widespread Ruin",
      "set_number": "MIL1-EN046",
      "rarities": [
        "Rare"
      ],
      "count": {
        "Rare": 1
      }
    },
    {
      "card_name": "Crush Card Virus",
      "set_number": "MIL1-EN047",
      "rarities": [
        "Common"
      ],
      "count": {
        "Common": 1
      }
    },
    {
      "card_name": "Kunai with Chain",
      "set_number": "MIL1-EN048",
      "rarities": [
        "Rare"
      ],
      "count": {
        "Rare": 1
      }
    }
  ]
}