{
  "name": "Noble Knights of the Round Table Box Set",
  "type": "Shonen Jump",
  "date": "2014-11-21",
  "distribution": "shonen_jump",
  "prefix": "NKRT",
  "sub_sets": [],
  "load": false,
  "cards": [
    {
      "card_name": "Merlin",
      "set_number": "NKRT-EN001",
      "rarities": [
        "Platinum Rare"
      ],
      "count": {
        "Platinum Rare": 1
      }
    },
    {
      "card_name": "Noble Knight Bedwyr",
      "set_number": "NKRT-EN002",
      "rarities": [
        "Platinum Rare"
      ],
      "count": {
        "Platinum Rare": 1
      }
    },
    {
      "card_name": "Noble Knight Artorigus",
      "set_number": "NKRT-EN003",
      "rarities": [
        "Platinum Rare"
      ],
      "count": {
        "Platinum Rare": 1
      }
    },
    {
      "card_name": "Noble Knight Gawayn",
      "set_number": "NKRT-EN004",
      "rarities": [
        "Platinum Rare"
      ],
      "count": {
        "Platinum Rare": 1
      }
    },
    {
      "card_name": "Ignoble Knight of Black Laundsallyn",
      "set_number": "NKRT-EN005",
      "rarities": [
        "Platinum Rare"
      ],
      "count": {
        "Platinum Rare": 1
      }
    },
    {
      "card_name": "Noble Knight Medraut",
      "set_number": "NKRT-EN006",
      "rarities": [
        "Platinum Rare"
      ],
      "count": {
        "Platinum Rare": 1
      }
    },
    {
      "card_name": "Noble Knight Gwalchavad",
      "set_number": "NKRT-EN007",
      "rarities": [
        "Platinum Rare"
      ],
      "count": {
        "Platinum Rare": 1
      }
    },
    {
      "card_name": "Noble Knight Drystan",
      "set_number": "NKRT-EN008",
      "rarities": [
        "Platinum Rare"
      ],
      "count": {
        "Platinum Rare": 1
      }
    },
    {
      "card_name": "Noble Knight Borz",
      "set_number": "NKRT-EN009",
      "rarities": [
        "Platinum Rare"
      ],
      "count": {
        "Platinum Rare": 1
      }
    },
    {
      "card_name": "Noble Knight Peredur",
      "set_number": "NKRT-EN010",
      "rarities": [
        "Platinum Rare"
      ],
      "count": {
        "Platinum Rare": 1
      }
    },
    {
      "card_name": "Noble Knight Eachtar",
      "set_number": "NKRT-EN011",
      "rarities": [
        "Platinum Rare"
      ],
      "count": {
        "Platinum Rare": 1
      }
    },
    {
      "card_name": "Gwenhwyfar, Queen of Noble Arms",
      "set_number": "NKRT-EN012",
      "rarities": [
        "Platinum Rare"
      ],
      "count": {
        "Platinum Rare": 1
      }
    },
    {
      "card_name": "Lady of the Lake",
      "set_number": "NKRT-EN013",
      "rarities": [
        "Platinum Rare"
      ],
      "count": {
        "Platinum Rare": 1
      }
    },
    {
      "card_name": "Honest",
      "set_number": "NKRT-EN014",
      "rarities": [
        "Platinum Rare"
      ],
      "count": {
        "Platinum Rare": 1
      }
    },
    {
      "card_name": "Knight Day Grepher",
      "set_number": "NKRT-EN015",
      "rarities": [
        "Platinum Rare"
      ],
      "count": {
        "Platinum Rare": 1
      }
    },
    {
      "card_name": "Dawn Knight",
      "set_number": "NKRT-EN016",
      "rarities": [
        "Platinum Rare"
      ],
      "count": {
        "Platinum Rare": 1
      }
    },
    {
      "card_name": "Last Chapter of the Noble Knights",
      "set_number": "NKRT-EN017",
      "rarities": [
        "Platinum Rare"
      ],
      "count": {
        "Platinum Rare": 1
      }
    },
    {
      "card_name": "Noble Knights of the Round Table",
      "set_number": "NKRT-EN018",
      "rarities": [
        "Platinum Rare"
      ],
      "count": {
        "Platinum Rare": 1
      }
    },
    {
      "card_name": "Noble Arms - Gallatin",
      "set_number": "NKRT-EN019",
      "rarities": [
        "Platinum Rare"
      ],
      "count": {
        "Platinum Rare": 1
      }
    },
    {
      "card_name": "Noble Arms - Arfeudutyr",
      "set_number": "NKRT-EN020",
      "rarities": [
        "Platinum Rare"
      ],
      "count": {
        "Platinum Rare": 1
      }
    },
    {
      "card_name": "Noble Arms - Caliburn",
      "set_number": "NKRT-EN021",
      "rarities": [
        "Platinum Rare"
      ],
      "count": {
        "Platinum Rare": 1
      }
    },
    {
      "card_name": "Noble Arms of Destiny",
      "set_number": "NKRT-EN022",
      "rarities": [
        "Platinum Rare"
      ],
      "count": {
        "Platinum Rare": 1
      }
    },
    {
      "card_name": "Noble Arms - Excaliburn",
      "set_number": "NKRT-EN023",
      "rarities": [
        "Platinum Rare"
      ],
      "count": {
        "Platinum Rare": 1
      }
    },
    {
      "card_name": "Dark Hole",
      "set_number": "NKRT-EN024",
      "rarities": [
        "Platinum Rare"
      ],
      "count": {
        "Platinum Rare": 1
      }
    },
    {
      "card_name": "Swords of Revealing Light",
      "set_number": "NKRT-EN025",
      "rarities": [
        "Platinum Rare"
      ],
      "count": {
        "Platinum Rare": 1
      }
    },
    {
      "card_name": "Reinforcement of the Army",
      "set_number": "NKRT-EN026",
      "rarities": [
        "Platinum Rare"
      ],
      "count": {
        "Platinum Rare": 1
      }
    },
    {
      "card_name": "Book of Moon",
      "set_number": "NKRT-EN027",
      "rarities": [
        "Platinum Rare"
      ],
      "count": {
        "Platinum Rare": 1
      }
    },
    {
      "card_name": "Foolish Burial",
      "set_number": "NKRT-EN028",
      "rarities": [
        "Platinum Rare"
      ],
      "count": {
        "Platinum Rare": 1
      }
    },
    {
      "card_name": "Release Restraint Wave",
      "set_number": "NKRT-EN029",
      "rarities": [
        "Platinum Rare"
      ],
      "count": {
        "Platinum Rare": 1
      }
    },
    {
      "card_name": "Swords at Dawn",
      "set_number": "NKRT-EN030",
      "rarities": [
        "Platinum Rare"
      ],
      "count": {
        "Platinum Rare": 1
      }
    },
    {
      "card_name": "Avalon",
      "set_number": "NKRT-EN031",
      "rarities": [
        "Platinum Rare"
      ],
      "count": {
        "Platinum Rare": 1
      }
    },
    {
      "card_name": "Call of the Haunted",
      "set_number": "NKRT-EN032",
      "rarities": [
        "Platinum Rare"
      ],
      "count": {
        "Platinum Rare": 1
      }
    },
    {
      "card_name": "Malevolent Catastrophe",
      "set_number": "NKRT-EN033",
      "rarities": [
        "Platinum Rare"
      ],
      "count": {
        "Platinum Rare": 1
      }
    },
    {
      "card_name": "Dimensional Prison",
      "set_number": "NKRT-EN034",
      "rarities": [
        "Platinum Rare"
      ],
      "count": {
        "Platinum Rare": 1
      }
    },
    {
      "card_name": "Solemn Warning",
      "set_number": "NKRT-EN035",
      "rarities": [
        "Platinum Rare"
      ],
      "count": {
        "Platinum Rare": 1
      }
    },
    {
      "card_name": "Ignoble Knight of High Laundsallyn",
      "set_number": "NKRT-EN036",
      "rarities": [
        "Platinum Rare"
      ],
      "count": {
        "Platinum Rare": 1
      }
    },
    {
      "card_name": "Artorigus, King of the Noble Knights",
      "set_number": "NKRT-EN037",
      "rarities": [
        "Platinum Rare"
      ],
      "count": {
        "Platinum Rare": 1
      }
    },
    {
      "card_name": "Sacred Noble Knight of King Artorigus",
      "set_number": "NKRT-EN038",
      "rarities": [
        "Platinum Rare"
      ],
      "count": {
        "Platinum Rare": 1
      }
    }
  ]
}