{
  "name": "Number Hunters",
  "type": "Booster Pack",
  "date": "2013-07-11",
  "distribution": "booster_pack",
  "prefix": "NUMH",
  "sub_sets": [],
  "load": true,
  "cards": [
    {
      "card_name": "Chronomaly Aztec Mask Golem",
      "set_number": "NUMH-EN001",
      "rarities": [
        "Super Rare"
      ],
      "count": {
        "Super Rare": 1
      }
    },
    {
      "card_name": "Chronomaly Cabrera Trebuchet",
      "set_number": "NUMH-EN002",
      "rarities": [
        "Super Rare"
      ],
      "count": {
        "Super Rare": 1
      }
    },
    {
      "card_name": "Chronomaly Mud Golem",
      "set_number": "NUMH-EN003",
      "rarities": [
        "Super Rare"
      ],
      "count": {
        "Super Rare": 1
      }
    },
    {
      "card_name": "Chronomaly Sol Monolith",
      "set_number": "NUMH-EN004",
      "rarities": [
        "Super Rare"
      ],
      "count": {
        "Super Rare": 1
      }
    },
    {
      "card_name": "Gimmick Puppet Egg Head",
      "set_number": "NUMH-EN005",
      "rarities": [
        "Super Rare"
      ],
      "count": {
        "Super Rare": 1
      }
    },
    {
      "card_name": "Gimmick Puppet Gear Changer",
      "set_number": "NUMH-EN006",
      "rarities": [
        "Super Rare"
      ],
      "count": {
        "Super Rare": 1
      }
    },
    {
      "card_name": "Gimmick Puppet Twilight Joker",
      "set_number": "NUMH-EN007",
      "rarities": [
        "Super Rare"
      ],
      "count": {
        "Super Rare": 1
      }
    },
    {
      "card_name": "Gimmick Puppet Scissor Arms",
      "set_number": "NUMH-EN008",
      "rarities": [
        "Super Rare"
      ],
      "count": {
        "Super Rare": 1
      }
    },
    {
      "card_name": "Gimmick Puppet Nightmare",
      "set_number": "NUMH-EN009",
      "rarities": [
        "Super Rare"
      ],
      "count": {
        "Super Rare": 1
      }
    },
    {
      "card_name": "Heroic Challenger - Ambush Soldier",
      "set_number": "NUMH-EN010",
      "rarities": [
        "Secret Rare"
      ],
      "count": {
        "Secret Rare": 1
      }
    },
    {
      "card_name": "Heroic Challenger - Clasp Sword",
      "set_number": "NUMH-EN011",
      "rarities": [
        "Super Rare"
      ],
      "count": {
        "Super Rare": 1
      }
    },
    {
      "card_name": "Blue Mountain Butterspy",
      "set_number": "NUMH-EN012",
      "rarities": [
        "Super Rare"
      ],
      "count": {
        "Super Rare": 1
      }
    },
    {
      "card_name": "Box of Friends",
      "set_number": "NUMH-EN013",
      "rarities": [
        "Secret Rare"
      ],
      "count": {
        "Secret Rare": 1
      }
    },
    {
      "card_name": "Zombowwow",
      "set_number": "NUMH-EN014",
      "rarities": [
        "Super Rare"
      ],
      "count": {
        "Super Rare": 1
      }
    },
    {
      "card_name": "Gash the Dust Lord",
      "set_number": "NUMH-EN015",
      "rarities": [
        "Super Rare"
      ],
      "count": {
        "Super Rare": 1
      }
    },
    {
      "card_name": "Zubaba Knight",
      "set_number": "NUMH-EN016",
      "rarities": [
        "Super Rare"
      ],
      "count": {
        "Super Rare": 1
      }
    },
    {
      "card_name": "Gogogo Golem",
      "set_number": "NUMH-EN017",
      "rarities": [
        "Super Rare"
      ],
      "count": {
        "Super Rare": 1
      }
    },
    {
      "card_name": "Kagetokage",
      "set_number": "NUMH-EN018",
      "rarities": [
        "Super Rare"
      ],
      "count": {
        "Super Rare": 1
      }
    },
    {
      "card_name": "Kurivolt",
      "set_number": "NUMH-EN019",
      "rarities": [
        "Super Rare"
      ],
      "count": {
        "Super Rare": 1
      }
    },
    {
      "card_name": "Gogogo Giant",
      "set_number": "NUMH-EN020",
      "rarities": [
        "Super Rare"
      ],
      "count": {
        "Super Rare": 1
      }
    },
    {
      "card_name": "Gagaga Gardna",
      "set_number": "NUMH-EN021",
      "rarities": [
        "Super Rare"
      ],
      "count": {
        "Super Rare": 1
      }
    },
    {
      "card_name": "Photon Cerberus",
      "set_number": "NUMH-EN022",
      "rarities": [
        "Super Rare"
      ],
      "count": {
        "Super Rare": 1
      }
    },
    {
      "card_name": "Photon Lizard",
      "set_number": "NUMH-EN023",
      "rarities": [
        "Super Rare"
      ],
      "count": {
        "Super Rare": 1
      }
    },
    {
      "card_name": "Rocket Arrow Express",
      "set_number": "NUMH-EN024",
      "rarities": [
        "Super Rare"
      ],
      "count": {
        "Super Rare": 1
      }
    },
    {
      "card_name": "Battle Warrior",
      "set_number": "NUMH-EN025",
      "rarities": [
        "Super Rare"
      ],
      "count": {
        "Super Rare": 1
      }
    },
    {
      "card_name": "Number 54: Lion Heart",
      "set_number": "NUMH-EN026",
      "rarities": [
        "Secret Rare"
      ],
      "count": {
        "Secret Rare": 1
      }
    },
    {
      "card_name": "Number 15: Gimmick Puppet Giant Grinder",
      "set_number": "NUMH-EN027",
      "rarities": [
        "Secret Rare"
      ],
      "count": {
        "Secret Rare": 1
      }
    },
    {
      "card_name": "Number 44: Sky Pegasus",
      "set_number": "NUMH-EN028",
      "rarities": [
        "Secret Rare"
      ],
      "count": {
        "Secret Rare": 1
      }
    },
    {
      "card_name": "Number 49: Fortune Tune",
      "set_number": "NUMH-EN029",
      "rarities": [
        "Secret Rare"
      ],
      "count": {
        "Secret Rare": 1
      }
    },
    {
      "card_name": "Number 57: Tri-Head Dust Dragon",
      "set_number": "NUMH-EN030",
      "rarities": [
        "Secret Rare"
      ],
      "count": {
        "Secret Rare": 1
      }
    },
    {
      "card_name": "Number 63: Shamoji Soldier",
      "set_number": "NUMH-EN031",
      "rarities": [
        "Super Rare"
      ],
      "count": {
        "Super Rare": 1
      }
    },
    {
      "card_name": "Number 74: Master of Blades",
      "set_number": "NUMH-EN032",
      "rarities": [
        "Secret Rare"
      ],
      "count": {
        "Secret Rare": 1
      }
    },
    {
      "card_name": "Number 85: Crazy Box",
      "set_number": "NUMH-EN033",
      "rarities": [
        "Super Rare"
      ],
      "count": {
        "Super Rare": 1
      }
    },
    {
      "card_name": "Number 87: Queen of the Night",
      "set_number": "NUMH-EN034",
      "rarities": [
        "Super Rare"
      ],
      "count": {
        "Super Rare": 1
      }
    },
    {
      "card_name": "Mechquipped Angineer",
      "set_number": "NUMH-EN035",
      "rarities": [
        "Super Rare"
      ],
      "count": {
        "Super Rare": 1
      }
    },
    {
      "card_name": "CXyz Mechquipped Djinn Angeneral",
      "set_number": "NUMH-EN036",
      "rarities": [
        "Super Rare"
      ],
      "count": {
        "Super Rare": 1
      }
    },
    {
      "card_name": "Coach King Giantrainer",
      "set_number": "NUMH-EN037",
      "rarities": [
        "Secret Rare"
      ],
      "count": {
        "Secret Rare": 1
      }
    },
    {
      "card_name": "CXyz Coach Lord Ultimatrainer",
      "set_number": "NUMH-EN038",
      "rarities": [
        "Secret Rare"
      ],
      "count": {
        "Secret Rare": 1
      }
    },
    {
      "card_name": "Norito the Moral Leader",
      "set_number": "NUMH-EN039",
      "rarities": [
        "Secret Rare"
      ],
      "count": {
        "Secret Rare": 1
      }
    },
    {
      "card_name": "CXyz Simon the Great Moral Leader",
      "set_number": "NUMH-EN040",
      "rarities": [
        "Secret Rare"
      ],
      "count": {
        "Secret Rare": 1
      }
    },
    {
      "card_name": "Comics Hero King Arthur",
      "set_number": "NUMH-EN041",
      "rarities": [
        "Secret Rare"
      ],
      "count": {
        "Secret Rare": 1
      }
    },
    {
      "card_name": "CXyz Comics Hero Legend Arthur",
      "set_number": "NUMH-EN042",
      "rarities": [
        "Secret Rare"
      ],
      "count": {
        "Secret Rare": 1
      }
    },
    {
      "card_name": "Battlecruiser Dianthus",
      "set_number": "NUMH-EN043",
      "rarities": [
        "Super Rare"
      ],
      "count": {
        "Super Rare": 1
      }
    },
    {
      "card_name": "CXyz Battleship Cherry Blossom",
      "set_number": "NUMH-EN044",
      "rarities": [
        "Secret Rare"
      ],
      "count": {
        "Secret Rare": 1
      }
    },
    {
      "card_name": "Skypalace Gangaridai",
      "set_number": "NUMH-EN045",
      "rarities": [
        "Secret Rare"
      ],
      "count": {
        "Secret Rare": 1
      }
    },
    {
      "card_name": "CXyz Skypalace Babylon",
      "set_number": "NUMH-EN046",
      "rarities": [
        "Secret Rare"
      ],
      "count": {
        "Secret Rare": 1
      }
    },
    {
      "card_name": "Photon Alexandra Queen",
      "set_number": "NUMH-EN047",
      "rarities": [
        "Secret Rare"
      ],
      "count": {
        "Secret Rare": 1
      }
    },
    {
      "card_name": "Night Papilloperative",
      "set_number": "NUMH-EN048",
      "rarities": [
        "Super Rare"
      ],
      "count": {
        "Super Rare": 1
      }
    },
    {
      "card_name": "Unformed Void",
      "set_number": "NUMH-EN049",
      "rarities": [
        "Super Rare"
      ],
      "count": {
        "Super Rare": 1
      }
    },
    {
      "card_name": "Princess Cologne",
      "set_number": "NUMH-EN050",
      "rarities": [
        "Secret Rare"
      ],
      "count": {
        "Secret Rare": 1
      }
    },
    {
      "card_name": "Baby Tiragon",
      "set_number": "NUMH-EN051",
      "rarities": [
        "Super Rare"
      ],
      "count": {
        "Super Rare": 1
      }
    },
    {
      "card_name": "Chakra",
      "set_number": "NUMH-EN052",
      "rarities": [
        "Super Rare"
      ],
      "count": {
        "Super Rare": 1
      }
    },
    {
      "card_name": "Resurrection of Chakra",
      "set_number": "NUMH-EN053",
      "rarities": [
        "Super Rare"
      ],
      "count": {
        "Super Rare": 1
      }
    },
    {
      "card_name": "Puppet Ritual",
      "set_number": "NUMH-EN054",
      "rarities": [
        "Super Rare"
      ],
      "count": {
        "Super Rare": 1
      }
    },
    {
      "card_name": "Stoic Challenge",
      "set_number": "NUMH-EN055",
      "rarities": [
        "Super Rare"
      ],
      "count": {
        "Super Rare": 1
      }
    },
    {
      "card_name": "Overlay Capture",
      "set_number": "NUMH-EN056",
      "rarities": [
        "Super Rare"
      ],
      "count": {
        "Super Rare": 1
      }
    },
    {
      "card_name": "Insect Armor with Laser Cannon",
      "set_number": "NUMH-EN057",
      "rarities": [
        "Super Rare"
      ],
      "count": {
        "Super Rare": 1
      }
    },
    {
      "card_name": "Number Wall",
      "set_number": "NUMH-EN058",
      "rarities": [
        "Secret Rare"
      ],
      "count": {
        "Secret Rare": 1
      }
    },
    {
      "card_name": "Heraldry Record",
      "set_number": "NUMH-EN059",
      "rarities": [
        "Super Rare"
      ],
      "count": {
        "Super Rare": 1
      }
    },
    {
      "card_name": "Butterspy Protection",
      "set_number": "NUMH-EN060",
      "rarities": [
        "Super Rare"
      ],
      "count": {
        "Super Rare": 1
      }
    }
  ]
}