{
  "name": "Order of Chaos: Special Edition",
  "type": "Special Edition Promo Cards",
  "date": "2012-03-01",
  "distribution": "special_edition_promo_cards",
  "prefix": "ORCS",
  "sub_sets": [],
  "load": true,
  "cards": [
    {
      "card_name": "Effect Veiler",
      "set_number": "ORCS-ENSE1",
      "rarities": [
        "Super Rare"
      ],
      "count": {
        "Super Rare": 1
      }
    },
    {
      "card_name": "The Winged Dragon of Ra",
      "set_number": "ORCS-ENSE2",
      "rarities": [
        "Super Rare"
      ],
      "count": {
        "Super Rare": 1
      }
    }
  ]
}
