{
  "name": "OTS Tournament Pack 6",
  "type": "Booster Pack",
  "date": "2017-12-07",
  "distribution": "booster_pack",
  "prefix": "OP06",
  "sub_sets": [],
  "load": true,
  "cards": [
    {
      "card_name": "Decode Talker",
      "set_number": "OP06-EN001",
      "rarities": [
        "Ultimate Rare"
      ],
      "count": {
        "Ultimate Rare": 1
      }
    },
    {
      "card_name": "Brilliant Fusion",
      "set_number": "OP06-EN002",
      "rarities": [
        "Ultimate Rare"
      ],
      "count": {
        "Ultimate Rare": 1
      }
    },
    {
      "card_name": "Invocation",
      "set_number": "OP06-EN003",
      "rarities": [
        "Ultimate Rare"
      ],
      "count": {
        "Ultimate Rare": 1
      }
    },
    {
      "card_name": "Revendread Slayer",
      "set_number": "OP06-EN004",
      "rarities": [
        "Super Rare"
      ],
      "count": {
        "Super Rare": 1
      }
    },
    {
      "card_name": "Fairy Tail - Rella",
      "set_number": "OP06-EN005",
      "rarities": [
        "Super Rare"
      ],
      "count": {
        "Super Rare": 1
      }
    },
    {
      "card_name": "Paleozoic Canadia",
      "set_number": "OP06-EN006",
      "rarities": [
        "Super Rare"
      ],
      "count": {
        "Super Rare": 1
      }
    },
    {
      "card_name": "Paleozoic Eldonia",
      "set_number": "OP06-EN007",
      "rarities": [
        "Super Rare"
      ],
      "count": {
        "Super Rare": 1
      }
    },
    {
      "card_name": "Paleozoic Hallucigenia",
      "set_number": "OP06-EN008",
      "rarities": [
        "Super Rare"
      ],
      "count": {
        "Super Rare": 1
      }
    },
    {
      "card_name": "Set Rotation",
      "set_number": "OP06-EN009",
      "rarities": [
        "Super Rare"
      ],
      "count": {
        "Super Rare": 1
      }
    },
    {
      "card_name": "Black Metal Dragon",
      "set_number": "OP06-EN010",
      "rarities": [
        "Super Rare"
      ],
      "count": {
        "Super Rare": 1
      }
    },
    {
      "card_name": "Windwitch - Winter Bell",
      "set_number": "OP06-EN011",
      "rarities": [
        "Super Rare"
      ],
      "count": {
        "Super Rare": 1
      }
    },
    {
      "card_name": "Trickstar Lilybell",
      "set_number": "OP06-EN012",
      "rarities": [
        "Super Rare"
      ],
      "count": {
        "Super Rare": 1
      }
    },
    {
      "card_name": "Overload Fusion",
      "set_number": "OP06-EN013",
      "rarities": [
        "Super Rare"
      ],
      "count": {
        "Super Rare": 1
      }
    },
    {
      "card_name": "Gem-Knight Garnet",
      "set_number": "OP06-EN014",
      "rarities": [
        "Common"
      ],
      "count": {
        "Common": 1
      }
    },
    {
      "card_name": "Shiranui Spiritmaster",
      "set_number": "OP06-EN015",
      "rarities": [
        "Common"
      ],
      "count": {
        "Common": 1
      }
    },
    {
      "card_name": "Predaplant Ophrys Scorpio",
      "set_number": "OP06-EN016",
      "rarities": [
        "Common"
      ],
      "count": {
        "Common": 1
      }
    },
    {
      "card_name": "Gozuki",
      "set_number": "OP06-EN017",
      "rarities": [
        "Common"
      ],
      "count": {
        "Common": 1
      }
    },
    {
      "card_name": "Lightray Grepher",
      "set_number": "OP06-EN018",
      "rarities": [
        "Common"
      ],
      "count": {
        "Common": 1
      }
    },
    {
      "card_name": "Recurring Nightmare",
      "set_number": "OP06-EN019",
      "rarities": [
        "Common"
      ],
      "count": {
        "Common": 1
      }
    },
    {
      "card_name": "Dragon Shrine",
      "set_number": "OP06-EN020",
      "rarities": [
        "Common"
      ],
      "count": {
        "Common": 1
      }
    },
    {
      "card_name": "Phantom Skyblaster",
      "set_number": "OP06-EN021",
      "rarities": [
        "Common"
      ],
      "count": {
        "Common": 1
      }
    },
    {
      "card_name": "Ojama Blue",
      "set_number": "OP06-EN022",
      "rarities": [
        "Common"
      ],
      "count": {
        "Common": 1
      }
    },
    {
      "card_name": "Disturbance Strategy",
      "set_number": "OP06-EN023",
      "rarities": [
        "Common"
      ],
      "count": {
        "Common": 1
      }
    },
    {
      "card_name": "Enishi, Shien's Chancellor",
      "set_number": "OP06-EN024",
      "rarities": [
        "Common"
      ],
      "count": {
        "Common": 1
      }
    },
    {
      "card_name": "Amazoness Queen",
      "set_number": "OP06-EN025",
      "rarities": [
        "Common"
      ],
      "count": {
        "Common": 1
      }
    },
    {
      "card_name": "Gem-Knight Seraphinite",
      "set_number": "OP06-EN026",
      "rarities": [
        "Common"
      ],
      "count": {
        "Common": 1
      }
    }
  ]
}