{
  "name": "OTS Tournament Pack 4",
  "type": "Booster Pack",
  "date": "2017-04-06",
  "distribution": "booster_pack",
  "prefix": "OP04",
  "sub_sets": [],
  "load": true,
  "cards": [
    {
      "card_name": "Number S39: Utopia the Lightning",
      "set_number": "OP04-EN001",
      "rarities": [
        "Ultimate Rare"
      ],
      "count": {
        "Ultimate Rare": 1
      }
    },
    {
      "card_name": "Instant Fusion",
      "set_number": "OP04-EN002",
      "rarities": [
        "Ultimate Rare"
      ],
      "count": {
        "Ultimate Rare": 1
      }
    },
    {
      "card_name": "Solemn Strike",
      "set_number": "OP04-EN003",
      "rarities": [
        "Ultimate Rare"
      ],
      "count": {
        "Ultimate Rare": 1
      }
    },
    {
      "card_name": "Metalfoes Volflame",
      "set_number": "OP04-EN004",
      "rarities": [
        "Super Rare"
      ],
      "count": {
        "Super Rare": 1
      }
    },
    {
      "card_name": "Ronintoadin",
      "set_number": "OP04-EN005",
      "rarities": [
        "Super Rare"
      ],
      "count": {
        "Super Rare": 1
      }
    },
    {
      "card_name": "Photon Thrasher",
      "set_number": "OP04-EN006",
      "rarities": [
        "Super Rare"
      ],
      "count": {
        "Super Rare": 1
      }
    },
    {
      "card_name": "Retaliating \"C\"",
      "set_number": "OP04-EN007",
      "rarities": [
        "Super Rare"
      ],
      "count": {
        "Super Rare": 1
      }
    },
    {
      "card_name": "Kumongous, the Sticky String Kaiju",
      "set_number": "OP04-EN008",
      "rarities": [
        "Super Rare"
      ],
      "count": {
        "Super Rare": 1
      }
    },
    {
      "card_name": "D/D Swirl Slime",
      "set_number": "OP04-EN009",
      "rarities": [
        "Super Rare"
      ],
      "count": {
        "Super Rare": 1
      }
    },
    {
      "card_name": "D/D/D Oblivion King Abyss Ragnarok",
      "set_number": "OP04-EN010",
      "rarities": [
        "Super Rare"
      ],
      "count": {
        "Super Rare": 1
      }
    },
    {
      "card_name": "Blackwing - Gofu the Vague Shadow",
      "set_number": "OP04-EN011",
      "rarities": [
        "Super Rare"
      ],
      "count": {
        "Super Rare": 1
      }
    },
    {
      "card_name": "One Day of Peace",
      "set_number": "OP04-EN012",
      "rarities": [
        "Super Rare"
      ],
      "count": {
        "Super Rare": 1
      }
    },
    {
      "card_name": "Union Hangar",
      "set_number": "OP04-EN013",
      "rarities": [
        "Super Rare"
      ],
      "count": {
        "Super Rare": 1
      }
    },
    {
      "card_name": "Water Magician",
      "set_number": "OP04-EN014",
      "rarities": [
        "Short Print"
      ],
      "count": {
        "Short Print": 1
      }
    },
    {
      "card_name": "Behegon",
      "set_number": "OP04-EN015",
      "rarities": [
        "Short Print"
      ],
      "count": {
        "Short Print": 1
      }
    },
    {
      "card_name": "B.E.S. Big Core",
      "set_number": "OP04-EN016",
      "rarities": [
        "Common"
      ],
      "count": {
        "Common": 1
      }
    },
    {
      "card_name": "Barrier Statue of the Torrent",
      "set_number": "OP04-EN017",
      "rarities": [
        "Common"
      ],
      "count": {
        "Common": 1
      }
    },
    {
      "card_name": "Barrier Statue of the Inferno",
      "set_number": "OP04-EN018",
      "rarities": [
        "Common"
      ],
      "count": {
        "Common": 1
      }
    },
    {
      "card_name": "Coach Captain Bearman",
      "set_number": "OP04-EN019",
      "rarities": [
        "Common"
      ],
      "count": {
        "Common": 1
      }
    },
    {
      "card_name": "Artifact Lancea",
      "set_number": "OP04-EN020",
      "rarities": [
        "Common"
      ],
      "count": {
        "Common": 1
      }
    },
    {
      "card_name": "Super Anti-Kaiju War Machine Mecha-Dogoran",
      "set_number": "OP04-EN021",
      "rarities": [
        "Common"
      ],
      "count": {
        "Common": 1
      }
    },
    {
      "card_name": "Marine Beast",
      "set_number": "OP04-EN022",
      "rarities": [
        "Short Print"
      ],
      "count": {
        "Short Print": 1
      }
    },
    {
      "card_name": "Superdreadnought Rail Cannon Gustav Max",
      "set_number": "OP04-EN023",
      "rarities": [
        "Common"
      ],
      "count": {
        "Common": 1
      }
    },
    {
      "card_name": "Coach King Giantrainer",
      "set_number": "OP04-EN024",
      "rarities": [
        "Common"
      ],
      "count": {
        "Common": 1
      }
    },
    {
      "card_name": "Seismic Shockwave",
      "set_number": "OP04-EN025",
      "rarities": [
        "Common"
      ],
      "count": {
        "Common": 1
      }
    },
    {
      "card_name": "Horn of the Phantom Beast",
      "set_number": "OP04-EN026",
      "rarities": [
        "Common"
      ],
      "count": {
        "Common": 1
      }
    },
    {
      "card_name": "Inverse Universe",
      "set_number": "OP04-EN027",
      "rarities": [
        "Common"
      ],
      "count": {
        "Common": 1
      }
    }
  ]
}