{
  "name": "Pendulum Evolution",
  "type": "Booster Pack",
  "date": "2017-06-23",
  "distribution": "booster_pack",
  "prefix": "PEVO",
  "sub_sets": [],
  "load": true,
  "cards": [
    {
      "card_name": "Astrograph Sorcerer",
      "set_number": "PEVO-EN001",
      "rarities": [
        "Ultra Rare"
      ],
      "count": {
        "Ultra Rare": 1
      }
    },
    {
      "card_name": "Chronograph Sorcerer",
      "set_number": "PEVO-EN002",
      "rarities": [
        "Ultra Rare"
      ],
      "count": {
        "Ultra Rare": 1
      }
    },
    {
      "card_name": "Double Iris Magician",
      "set_number": "PEVO-EN003",
      "rarities": [
        "Ultra Rare"
      ],
      "count": {
        "Ultra Rare": 1
      }
    },
    {
      "card_name": "Black Fang Magician",
      "set_number": "PEVO-EN004",
      "rarities": [
        "Ultra Rare"
      ],
      "count": {
        "Ultra Rare": 1
      }
    },
    {
      "card_name": "White Wing Magician",
      "set_number": "PEVO-EN005",
      "rarities": [
        "Ultra Rare"
      ],
      "count": {
        "Ultra Rare": 1
      }
    },
    {
      "card_name": "Purple Poison Magician",
      "set_number": "PEVO-EN006",
      "rarities": [
        "Ultra Rare"
      ],
      "count": {
        "Ultra Rare": 1
      }
    },
    {
      "card_name": "Star Pendulumgraph",
      "set_number": "PEVO-EN007",
      "rarities": [
        "Ultra Rare"
      ],
      "count": {
        "Ultra Rare": 1
      }
    },
    {
      "card_name": "Time Pendulumgraph",
      "set_number": "PEVO-EN008",
      "rarities": [
        "Ultra Rare"
      ],
      "count": {
        "Ultra Rare": 1
      }
    },
    {
      "card_name": "Timestar Magician",
      "set_number": "PEVO-EN009",
      "rarities": [
        "Ultra Rare"
      ],
      "count": {
        "Ultra Rare": 1
      }
    },
    {
      "card_name": "Harmonizing Magician",
      "set_number": "PEVO-EN010",
      "rarities": [
        "Ultra Rare"
      ],
      "count": {
        "Ultra Rare": 1
      }
    },
    {
      "card_name": "Stargazer Magician",
      "set_number": "PEVO-EN011",
      "rarities": [
        "Super Rare"
      ],
      "count": {
        "Super Rare": 1
      }
    },
    {
      "card_name": "Timegazer Magician",
      "set_number": "PEVO-EN012",
      "rarities": [
        "Super Rare"
      ],
      "count": {
        "Super Rare": 1
      }
    },
    {
      "card_name": "Dragonpulse Magician",
      "set_number": "PEVO-EN013",
      "rarities": [
        "Super Rare"
      ],
      "count": {
        "Super Rare": 1
      }
    },
    {
      "card_name": "Dragonpit Magician",
      "set_number": "PEVO-EN014",
      "rarities": [
        "Super Rare"
      ],
      "count": {
        "Super Rare": 1
      }
    },
    {
      "card_name": "Nobledragon Magician",
      "set_number": "PEVO-EN015",
      "rarities": [
        "Super Rare"
      ],
      "count": {
        "Super Rare": 1
      }
    },
    {
      "card_name": "Oafdragon Magician",
      "set_number": "PEVO-EN016",
      "rarities": [
        "Super Rare"
      ],
      "count": {
        "Super Rare": 1
      }
    },
    {
      "card_name": "Wisdom-Eye Magician",
      "set_number": "PEVO-EN017",
      "rarities": [
        "Super Rare"
      ],
      "count": {
        "Super Rare": 1
      }
    },
    {
      "card_name": "Dharma-Eye Magician",
      "set_number": "PEVO-EN018",
      "rarities": [
        "Super Rare"
      ],
      "count": {
        "Super Rare": 1
      }
    },
    {
      "card_name": "Timebreaker Magician",
      "set_number": "PEVO-EN019",
      "rarities": [
        "Super Rare"
      ],
      "count": {
        "Super Rare": 1
      }
    },
    {
      "card_name": "Tuning Magician",
      "set_number": "PEVO-EN020",
      "rarities": [
        "Super Rare"
      ],
      "count": {
        "Super Rare": 1
      }
    },
    {
      "card_name": "Doomstar Magician",
      "set_number": "PEVO-EN021",
      "rarities": [
        "Super Rare"
      ],
      "count": {
        "Super Rare": 1
      }
    },
    {
      "card_name": "Performapal Skullcrobat Joker",
      "set_number": "PEVO-EN022",
      "rarities": [
        "Super Rare"
      ],
      "count": {
        "Super Rare": 1
      }
    },
    {
      "card_name": "Odd-Eyes Pendulum Dragon",
      "set_number": "PEVO-EN023",
      "rarities": [
        "Super Rare"
      ],
      "count": {
        "Super Rare": 1
      }
    },
    {
      "card_name": "Foucault's Cannon",
      "set_number": "PEVO-EN024",
      "rarities": [
        "Super Rare"
      ],
      "count": {
        "Super Rare": 1
      }
    },
    {
      "card_name": "Hypnosister",
      "set_number": "PEVO-EN025",
      "rarities": [
        "Super Rare"
      ],
      "count": {
        "Super Rare": 1
      }
    },
    {
      "card_name": "Archfiend Eccentrick",
      "set_number": "PEVO-EN026",
      "rarities": [
        "Super Rare"
      ],
      "count": {
        "Super Rare": 1
      }
    },
    {
      "card_name": "Guiding Ariadne",
      "set_number": "PEVO-EN027",
      "rarities": [
        "Super Rare"
      ],
      "count": {
        "Super Rare": 1
      }
    },
    {
      "card_name": "Rescue Hamster",
      "set_number": "PEVO-EN028",
      "rarities": [
        "Super Rare"
      ],
      "count": {
        "Super Rare": 1
      }
    },
    {
      "card_name": "Magical Abductor",
      "set_number": "PEVO-EN029",
      "rarities": [
        "Super Rare"
      ],
      "count": {
        "Super Rare": 1
      }
    },
    {
      "card_name": "Odd-Eyes Vortex Dragon",
      "set_number": "PEVO-EN030",
      "rarities": [
        "Super Rare"
      ],
      "count": {
        "Super Rare": 1
      }
    },
    {
      "card_name": "Enlightenment Paladin",
      "set_number": "PEVO-EN031",
      "rarities": [
        "Super Rare"
      ],
      "count": {
        "Super Rare": 1
      }
    },
    {
      "card_name": "Odd-Eyes Meteorburst Dragon",
      "set_number": "PEVO-EN032",
      "rarities": [
        "Super Rare"
      ],
      "count": {
        "Super Rare": 1
      }
    },
    {
      "card_name": "Odd-Eyes Absolute Dragon",
      "set_number": "PEVO-EN033",
      "rarities": [
        "Super Rare"
      ],
      "count": {
        "Super Rare": 1
      }
    },
    {
      "card_name": "Amazing Pendulum",
      "set_number": "PEVO-EN034",
      "rarities": [
        "Super Rare"
      ],
      "count": {
        "Super Rare": 1
      }
    },
    {
      "card_name": "Pendulum Storm",
      "set_number": "PEVO-EN035",
      "rarities": [
        "Super Rare"
      ],
      "count": {
        "Super Rare": 1
      }
    },
    {
      "card_name": "Pendulum Call",
      "set_number": "PEVO-EN036",
      "rarities": [
        "Super Rare"
      ],
      "count": {
        "Super Rare": 1
      }
    },
    {
      "card_name": "Pendulum Shift",
      "set_number": "PEVO-EN037",
      "rarities": [
        "Super Rare"
      ],
      "count": {
        "Super Rare": 1
      }
    },
    {
      "card_name": "Odd-Eyes Fusion",
      "set_number": "PEVO-EN038",
      "rarities": [
        "Super Rare"
      ],
      "count": {
        "Super Rare": 1
      }
    },
    {
      "card_name": "Dragon's Mirror",
      "set_number": "PEVO-EN039",
      "rarities": [
        "Super Rare"
      ],
      "count": {
        "Super Rare": 1
      }
    },
    {
      "card_name": "Summoner's Art",
      "set_number": "PEVO-EN040",
      "rarities": [
        "Super Rare"
      ],
      "count": {
        "Super Rare": 1
      }
    },
    {
      "card_name": "Pendulum Reborn",
      "set_number": "PEVO-EN041",
      "rarities": [
        "Super Rare"
      ],
      "count": {
        "Super Rare": 1
      }
    },
    {
      "card_name": "Echo Oscillation",
      "set_number": "PEVO-EN042",
      "rarities": [
        "Super Rare"
      ],
      "count": {
        "Super Rare": 1
      }
    },
    {
      "card_name": "Unwavering Bond",
      "set_number": "PEVO-EN043",
      "rarities": [
        "Super Rare"
      ],
      "count": {
        "Super Rare": 1
      }
    },
    {
      "card_name": "Satellarknight Zefrathuban",
      "set_number": "PEVO-EN044",
      "rarities": [
        "Super Rare"
      ],
      "count": {
        "Super Rare": 1
      }
    },
    {
      "card_name": "Stellarknight Zefraxciton",
      "set_number": "PEVO-EN045",
      "rarities": [
        "Super Rare"
      ],
      "count": {
        "Super Rare": 1
      }
    },
    {
      "card_name": "Zefraxi, Treasure of the Yang Zing",
      "set_number": "PEVO-EN046",
      "rarities": [
        "Super Rare"
      ],
      "count": {
        "Super Rare": 1
      }
    },
    {
      "card_name": "Zefraniu, Secret of the Yang Zing",
      "set_number": "PEVO-EN047",
      "rarities": [
        "Super Rare"
      ],
      "count": {
        "Super Rare": 1
      }
    },
    {
      "card_name": "Ritual Beast Tamer Zeframpilica",
      "set_number": "PEVO-EN048",
      "rarities": [
        "Super Rare"
      ],
      "count": {
        "Super Rare": 1
      }
    },
    {
      "card_name": "Ritual Beast Tamer Zefrawendi",
      "set_number": "PEVO-EN049",
      "rarities": [
        "Super Rare"
      ],
      "count": {
        "Super Rare": 1
      }
    },
    {
      "card_name": "Oracle of Zefra",
      "set_number": "PEVO-EN050",
      "rarities": [
        "Super Rare"
      ],
      "count": {
        "Super Rare": 1
      }
    },
    {
      "card_name": "Zefra Divine Strike",
      "set_number": "PEVO-EN051",
      "rarities": [
        "Super Rare"
      ],
      "count": {
        "Super Rare": 1
      }
    },
    {
      "card_name": "Raremetalfoes Bismugear",
      "set_number": "PEVO-EN052",
      "rarities": [
        "Super Rare"
      ],
      "count": {
        "Super Rare": 1
      }
    },
    {
      "card_name": "Metalfoes Crimsonite",
      "set_number": "PEVO-EN053",
      "rarities": [
        "Super Rare"
      ],
      "count": {
        "Super Rare": 1
      }
    },
    {
      "card_name": "Metalfoes Orichalc",
      "set_number": "PEVO-EN054",
      "rarities": [
        "Super Rare"
      ],
      "count": {
        "Super Rare": 1
      }
    },
    {
      "card_name": "Metalfoes Adamante",
      "set_number": "PEVO-EN055",
      "rarities": [
        "Super Rare"
      ],
      "count": {
        "Super Rare": 1
      }
    },
    {
      "card_name": "Metalfoes Counter",
      "set_number": "PEVO-EN056",
      "rarities": [
        "Super Rare"
      ],
      "count": {
        "Super Rare": 1
      }
    },
    {
      "card_name": "Qliphort Scout",
      "set_number": "PEVO-EN057",
      "rarities": [
        "Super Rare"
      ],
      "count": {
        "Super Rare": 1
      }
    },
    {
      "card_name": "Qliphort Monolith",
      "set_number": "PEVO-EN058",
      "rarities": [
        "Super Rare"
      ],
      "count": {
        "Super Rare": 1
      }
    },
    {
      "card_name": "Master Pendulum, the Dracoslayer",
      "set_number": "PEVO-EN059",
      "rarities": [
        "Super Rare"
      ],
      "count": {
        "Super Rare": 1
      }
    },
    {
      "card_name": "Lector Pendulum, the Dracoverlord",
      "set_number": "PEVO-EN060",
      "rarities": [
        "Super Rare"
      ],
      "count": {
        "Super Rare": 1
      }
    }
  ]
}