{
  "name": "Phantom Darkness: Special Edition",
  "type": "Special Edition Promo Cards",
  "date": "2008-03-12",
  "distribution": "special_edition_promo_cards",
  "prefix": "PTDN",
  "sub_sets": [],
  "load": true,
  "cards": [
    {
      "card_name": "Mutant Mindmaster",
      "set_number": "PTDN-ENSE1",
      "rarities": [
        "Super Rare"
      ],
      "count": {
        "Super Rare": 1
      }
    },
    {
      "card_name": "Hannibal Necromancer",
      "set_number": "PTDN-ENSE2",
      "rarities": [
        "Super Rare"
      ],
      "count": {
        "Super Rare": 1
      }
    }
  ]
}
