{
  "name": "Pharaoh Tour 2005",
  "type": "Tournament Promo Cards",
  "date": "2005-12-17",
  "distribution": "tournament_promo_cards",
  "prefix": "PT1",
  "sub_sets": [],
  "load": false,
  "cards": [
    {
      "card_name": "Zoa",
      "set_number": "PT1-EN001",
      "rarities": [
        "Common"
      ],
      "count": {
        "Common": 1
      }
    },
    {
      "card_name": "Des Volstgalph",
      "set_number": "PT1-EN002",
      "rarities": [
        "Ultra Rare"
      ],
      "count": {
        "Ultra Rare": 1
      }
    }
  ]
}