{
  "name": "Photon Shockwave",
  "type": "Booster Pack",
  "date": "2011-07-16",
  "distribution": "booster_pack",
  "prefix": "PHSW",
  "sub_sets": [],
  "load": true,
  "cards": [
    {
      "card_name": "Bunilla",
      "set_number": "PHSW-EN001",
      "rarities": [
        "Common"
      ],
      "count": {
        "Common": 1
      }
    },
    {
      "card_name": "Rabidragon",
      "set_number": "PHSW-EN002",
      "rarities": [
        "Rare"
      ],
      "count": {
        "Rare": 1
      }
    },
    {
      "card_name": "Rai Rider",
      "set_number": "PHSW-EN003",
      "rarities": [
        "Common"
      ],
      "count": {
        "Common": 1
      }
    },
    {
      "card_name": "Stinging Swordsman",
      "set_number": "PHSW-EN004",
      "rarities": [
        "Common"
      ],
      "count": {
        "Common": 1
      }
    },
    {
      "card_name": "Kagetokage",
      "set_number": "PHSW-EN005",
      "rarities": [
        "Rare"
      ],
      "count": {
        "Rare": 1
      }
    },
    {
      "card_name": "Acorno",
      "set_number": "PHSW-EN006",
      "rarities": [
        "Common"
      ],
      "count": {
        "Common": 1
      }
    },
    {
      "card_name": "Pinecono",
      "set_number": "PHSW-EN007",
      "rarities": [
        "Common"
      ],
      "count": {
        "Common": 1
      }
    },
    {
      "card_name": "Friller Rabca",
      "set_number": "PHSW-EN008",
      "rarities": [
        "Rare"
      ],
      "count": {
        "Rare": 1
      }
    },
    {
      "card_name": "Shark Stickers",
      "set_number": "PHSW-EN009",
      "rarities": [
        "Common"
      ],
      "count": {
        "Common": 1
      }
    },
    {
      "card_name": "Needle Sunfish",
      "set_number": "PHSW-EN010",
      "rarities": [
        "Common"
      ],
      "count": {
        "Common": 1
      }
    },
    {
      "card_name": "Galaxy-Eyes Photon Dragon",
      "set_number": "PHSW-EN011",
      "rarities": [
        "Holographic Rare",
        "Ultimate Rare",
        "Ultra Rare"
      ],
      "count": {
        "Holographic Rare": 1,
        "Ultimate Rare": 1,
        "Ultra Rare": 1
      }
    },
    {
      "card_name": "Daybreaker",
      "set_number": "PHSW-EN012",
      "rarities": [
        "Rare"
      ],
      "count": {
        "Rare": 1
      }
    },
    {
      "card_name": "Lightserpent",
      "set_number": "PHSW-EN013",
      "rarities": [
        "Super Rare"
      ],
      "count": {
        "Super Rare": 1
      }
    },
    {
      "card_name": "Plasma Ball",
      "set_number": "PHSW-EN014",
      "rarities": [
        "Common"
      ],
      "count": {
        "Common": 1
      }
    },
    {
      "card_name": "Photon Cerberus",
      "set_number": "PHSW-EN015",
      "rarities": [
        "Super Rare"
      ],
      "count": {
        "Super Rare": 1
      }
    },
    {
      "card_name": "Evoltile Gephyro",
      "set_number": "PHSW-EN016",
      "rarities": [
        "Common"
      ],
      "count": {
        "Common": 1
      }
    },
    {
      "card_name": "Evoltile Westlo",
      "set_number": "PHSW-EN017",
      "rarities": [
        "Rare"
      ],
      "count": {
        "Rare": 1
      }
    },
    {
      "card_name": "Evoltile Odonto",
      "set_number": "PHSW-EN018",
      "rarities": [
        "Common"
      ],
      "count": {
        "Common": 1
      }
    },
    {
      "card_name": "Evolsaur Vulcano",
      "set_number": "PHSW-EN019",
      "rarities": [
        "Rare"
      ],
      "count": {
        "Rare": 1
      }
    },
    {
      "card_name": "Evolsaur Cerato",
      "set_number": "PHSW-EN020",
      "rarities": [
        "Super Rare"
      ],
      "count": {
        "Super Rare": 1
      }
    },
    {
      "card_name": "Evolsaur Diplo",
      "set_number": "PHSW-EN021",
      "rarities": [
        "Common"
      ],
      "count": {
        "Common": 1
      }
    },
    {
      "card_name": "Wind-Up Warrior",
      "set_number": "PHSW-EN022",
      "rarities": [
        "Common"
      ],
      "count": {
        "Common": 1
      }
    },
    {
      "card_name": "Wind-Up Knight",
      "set_number": "PHSW-EN023",
      "rarities": [
        "Common"
      ],
      "count": {
        "Common": 1
      }
    },
    {
      "card_name": "Wind-Up Hunter",
      "set_number": "PHSW-EN024",
      "rarities": [
        "Super Rare"
      ],
      "count": {
        "Super Rare": 1
      }
    },
    {
      "card_name": "Wind-Up Bat",
      "set_number": "PHSW-EN025",
      "rarities": [
        "Common"
      ],
      "count": {
        "Common": 1
      }
    },
    {
      "card_name": "Wind-Up Kitten",
      "set_number": "PHSW-EN026",
      "rarities": [
        "Rare"
      ],
      "count": {
        "Rare": 1
      }
    },
    {
      "card_name": "D.D. Telepon",
      "set_number": "PHSW-EN027",
      "rarities": [
        "Common"
      ],
      "count": {
        "Common": 1
      }
    },
    {
      "card_name": "Wattcobra",
      "set_number": "PHSW-EN028",
      "rarities": [
        "Common"
      ],
      "count": {
        "Common": 1
      }
    },
    {
      "card_name": "Naturia Marron",
      "set_number": "PHSW-EN029",
      "rarities": [
        "Common"
      ],
      "count": {
        "Common": 1
      }
    },
    {
      "card_name": "Prior of the Ice Barrier",
      "set_number": "PHSW-EN030",
      "rarities": [
        "Common"
      ],
      "count": {
        "Common": 1
      }
    },
    {
      "card_name": "Senior Silver Ninja",
      "set_number": "PHSW-EN031",
      "rarities": [
        "Common"
      ],
      "count": {
        "Common": 1
      }
    },
    {
      "card_name": "Rodenut",
      "set_number": "PHSW-EN032",
      "rarities": [
        "Normal Rare"
      ],
      "count": {
        "Normal Rare": 1
      }
    },
    {
      "card_name": "Fenghuang",
      "set_number": "PHSW-EN033",
      "rarities": [
        "Common"
      ],
      "count": {
        "Common": 1
      }
    },
    {
      "card_name": "Tribe-Shocking Virus",
      "set_number": "PHSW-EN034",
      "rarities": [
        "Rare"
      ],
      "count": {
        "Rare": 1
      }
    },
    {
      "card_name": "Goblin Pothole Squad",
      "set_number": "PHSW-EN035",
      "rarities": [
        "Normal Rare"
      ],
      "count": {
        "Normal Rare": 1
      }
    },
    {
      "card_name": "Creepy Coney",
      "set_number": "PHSW-EN036",
      "rarities": [
        "Common"
      ],
      "count": {
        "Common": 1
      }
    },
    {
      "card_name": "Rescue Rabbit",
      "set_number": "PHSW-EN037",
      "rarities": [
        "Rare"
      ],
      "count": {
        "Rare": 1
      }
    },
    {
      "card_name": "Baby Tiragon",
      "set_number": "PHSW-EN038",
      "rarities": [
        "Super Rare"
      ],
      "count": {
        "Super Rare": 1
      }
    },
    {
      "card_name": "Number 83: Galaxy Queen",
      "set_number": "PHSW-EN039",
      "rarities": [
        "Super Rare"
      ],
      "count": {
        "Super Rare": 1
      }
    },
    {
      "card_name": "Black Ray Lancer",
      "set_number": "PHSW-EN040",
      "rarities": [
        "Super Rare"
      ],
      "count": {
        "Super Rare": 1
      }
    },
    {
      "card_name": "Number 10: Illumiknight",
      "set_number": "PHSW-EN041",
      "rarities": [
        "Ultimate Rare",
        "Ultra Rare"
      ],
      "count": {
        "Ultimate Rare": 1,
        "Ultra Rare": 1
      }
    },
    {
      "card_name": "Number 20: Giga-Brilliant",
      "set_number": "PHSW-EN042",
      "rarities": [
        "Ultimate Rare",
        "Ultra Rare"
      ],
      "count": {
        "Ultimate Rare": 1,
        "Ultra Rare": 1
      }
    },
    {
      "card_name": "Evolzar Laggia",
      "set_number": "PHSW-EN043",
      "rarities": [
        "Ultimate Rare",
        "Ultra Rare"
      ],
      "count": {
        "Ultimate Rare": 1,
        "Ultra Rare": 1
      }
    },
    {
      "card_name": "Thunder End Dragon",
      "set_number": "PHSW-EN044",
      "rarities": [
        "Ultimate Rare",
        "Ultra Rare"
      ],
      "count": {
        "Ultimate Rare": 1,
        "Ultra Rare": 1
      }
    },
    {
      "card_name": "Attraffic Control",
      "set_number": "PHSW-EN045",
      "rarities": [
        "Common"
      ],
      "count": {
        "Common": 1
      }
    },
    {
      "card_name": "Ego Boost",
      "set_number": "PHSW-EN046",
      "rarities": [
        "Common"
      ],
      "count": {
        "Common": 1
      }
    },
    {
      "card_name": "Monster Slots",
      "set_number": "PHSW-EN047",
      "rarities": [
        "Rare"
      ],
      "count": {
        "Rare": 1
      }
    },
    {
      "card_name": "Cross Attack",
      "set_number": "PHSW-EN048",
      "rarities": [
        "Common"
      ],
      "count": {
        "Common": 1
      }
    },
    {
      "card_name": "Xyz Gift",
      "set_number": "PHSW-EN049",
      "rarities": [
        "Rare"
      ],
      "count": {
        "Rare": 1
      }
    },
    {
      "card_name": "Photon Veil",
      "set_number": "PHSW-EN050",
      "rarities": [
        "Common"
      ],
      "count": {
        "Common": 1
      }
    },
    {
      "card_name": "Photon Lead",
      "set_number": "PHSW-EN051",
      "rarities": [
        "Rare"
      ],
      "count": {
        "Rare": 1
      }
    },
    {
      "card_name": "Photon Booster",
      "set_number": "PHSW-EN052",
      "rarities": [
        "Rare"
      ],
      "count": {
        "Rare": 1
      }
    },
    {
      "card_name": "Evo-Karma",
      "set_number": "PHSW-EN053",
      "rarities": [
        "Common"
      ],
      "count": {
        "Common": 1
      }
    },
    {
      "card_name": "Evo-Miracle",
      "set_number": "PHSW-EN054",
      "rarities": [
        "Common"
      ],
      "count": {
        "Common": 1
      }
    },
    {
      "card_name": "Zenmailfunction",
      "set_number": "PHSW-EN055",
      "rarities": [
        "Common"
      ],
      "count": {
        "Common": 1
      }
    },
    {
      "card_name": "Extra Gate",
      "set_number": "PHSW-EN056",
      "rarities": [
        "Super Rare"
      ],
      "count": {
        "Super Rare": 1
      }
    },
    {
      "card_name": "Shard of Greed",
      "set_number": "PHSW-EN057",
      "rarities": [
        "Rare"
      ],
      "count": {
        "Rare": 1
      }
    },
    {
      "card_name": "Murmur of the Forest",
      "set_number": "PHSW-EN058",
      "rarities": [
        "Common"
      ],
      "count": {
        "Common": 1
      }
    },
    {
      "card_name": "Tri-Wight",
      "set_number": "PHSW-EN059",
      "rarities": [
        "Normal Rare"
      ],
      "count": {
        "Normal Rare": 1
      }
    },
    {
      "card_name": "One Day of Peace",
      "set_number": "PHSW-EN060",
      "rarities": [
        "Common"
      ],
      "count": {
        "Common": 1
      }
    },
    {
      "card_name": "Space Cyclone",
      "set_number": "PHSW-EN061",
      "rarities": [
        "Common"
      ],
      "count": {
        "Common": 1
      }
    },
    {
      "card_name": "Poisonous Winds",
      "set_number": "PHSW-EN062",
      "rarities": [
        "Common"
      ],
      "count": {
        "Common": 1
      }
    },
    {
      "card_name": "Heartfelt Appeal",
      "set_number": "PHSW-EN063",
      "rarities": [
        "Common"
      ],
      "count": {
        "Common": 1
      }
    },
    {
      "card_name": "Fiery Fervor",
      "set_number": "PHSW-EN064",
      "rarities": [
        "Common"
      ],
      "count": {
        "Common": 1
      }
    },
    {
      "card_name": "Damage Diet",
      "set_number": "PHSW-EN065",
      "rarities": [
        "Common"
      ],
      "count": {
        "Common": 1
      }
    },
    {
      "card_name": "Copy Knight",
      "set_number": "PHSW-EN066",
      "rarities": [
        "Rare"
      ],
      "count": {
        "Rare": 1
      }
    },
    {
      "card_name": "Mirror Mail",
      "set_number": "PHSW-EN067",
      "rarities": [
        "Rare"
      ],
      "count": {
        "Rare": 1
      }
    },
    {
      "card_name": "Fish Rain",
      "set_number": "PHSW-EN068",
      "rarities": [
        "Common"
      ],
      "count": {
        "Common": 1
      }
    },
    {
      "card_name": "Icy Crevasse",
      "set_number": "PHSW-EN069",
      "rarities": [
        "Common"
      ],
      "count": {
        "Common": 1
      }
    },
    {
      "card_name": "Lumenize",
      "set_number": "PHSW-EN070",
      "rarities": [
        "Common"
      ],
      "count": {
        "Common": 1
      }
    },
    {
      "card_name": "Evolutionary Bridge",
      "set_number": "PHSW-EN071",
      "rarities": [
        "Common"
      ],
      "count": {
        "Common": 1
      }
    },
    {
      "card_name": "Zenmairch",
      "set_number": "PHSW-EN072",
      "rarities": [
        "Common"
      ],
      "count": {
        "Common": 1
      }
    },
    {
      "card_name": "Wattcancel",
      "set_number": "PHSW-EN073",
      "rarities": [
        "Common"
      ],
      "count": {
        "Common": 1
      }
    },
    {
      "card_name": "Champion's Vigilance",
      "set_number": "PHSW-EN074",
      "rarities": [
        "Common"
      ],
      "count": {
        "Common": 1
      }
    },
    {
      "card_name": "Darklight",
      "set_number": "PHSW-EN075",
      "rarities": [
        "Super Rare"
      ],
      "count": {
        "Super Rare": 1
      }
    },
    {
      "card_name": "Tyrant's Throes",
      "set_number": "PHSW-EN076",
      "rarities": [
        "Rare"
      ],
      "count": {
        "Rare": 1
      }
    },
    {
      "card_name": "Sound the Retreat!",
      "set_number": "PHSW-EN077",
      "rarities": [
        "Normal Rare"
      ],
      "count": {
        "Normal Rare": 1
      }
    },
    {
      "card_name": "Deep Dark Trap Hole",
      "set_number": "PHSW-EN078",
      "rarities": [
        "Rare"
      ],
      "count": {
        "Rare": 1
      }
    },
    {
      "card_name": "Eisbahn",
      "set_number": "PHSW-EN079",
      "rarities": [
        "Common"
      ],
      "count": {
        "Common": 1
      }
    },
    {
      "card_name": "Sealing Ceremony of Suiton",
      "set_number": "PHSW-EN080",
      "rarities": [
        "Common"
      ],
      "count": {
        "Common": 1
      }
    }
  ]
}