{
  "name": "Premium Gold - Slot 3",
  "type": "Gold Series",
  "date": "2014-03-27",
  "distribution": "gold_rare_2",
  "prefix": "PGLD_3",
  "sub_sets": [],
  "load": false,
  "cards": [
    {
      "card_name": "Jinzo",
      "set_number": "PGLD-EN051",
      "rarities": [
        "Gold Rare"
      ],
      "count": {
        "Gold Rare": 1
      }
    },
    {
      "card_name": "Breaker the Magical Warrior",
      "set_number": "PGLD-EN052",
      "rarities": [
        "Gold Rare"
      ],
      "count": {
        "Gold Rare": 1
      }
    },
    {
      "card_name": "Cyber Dragon",
      "set_number": "PGLD-EN053",
      "rarities": [
        "Gold Rare"
      ],
      "count": {
        "Gold Rare": 1
      }
    },
    {
      "card_name": "Goldd, Wu-Lord of Dark World",
      "set_number": "PGLD-EN054",
      "rarities": [
        "Gold Rare"
      ],
      "count": {
        "Gold Rare": 1
      }
    },
    {
      "card_name": "Blue-Eyes Ultimate Dragon",
      "set_number": "PGLD-EN055",
      "rarities": [
        "Gold Rare"
      ],
      "count": {
        "Gold Rare": 1
      }
    },
    {
      "card_name": "Chimeratech Overdragon",
      "set_number": "PGLD-EN056",
      "rarities": [
        "Gold Rare"
      ],
      "count": {
        "Gold Rare": 1
      }
    },
    {
      "card_name": "Swords of Revealing Light",
      "set_number": "PGLD-EN057",
      "rarities": [
        "Gold Rare"
      ],
      "count": {
        "Gold Rare": 1
      }
    },
    {
      "card_name": "Reinforcement of the Army",
      "set_number": "PGLD-EN058",
      "rarities": [
        "Gold Rare"
      ],
      "count": {
        "Gold Rare": 1
      }
    },
    {
      "card_name": "Mirror Force",
      "set_number": "PGLD-EN059",
      "rarities": [
        "Gold Rare"
      ],
      "count": {
        "Gold Rare": 1
      }
    },
    {
      "card_name": "Torrential Tribute",
      "set_number": "PGLD-EN060",
      "rarities": [
        "Gold Rare"
      ],
      "count": {
        "Gold Rare": 1
      }
    },
    {
      "card_name": "Des Volstgalph",
      "set_number": "PGLD-EN061",
      "rarities": [
        "Gold Rare"
      ],
      "count": {
        "Gold Rare": 1
      }
    },
    {
      "card_name": "Raiza the Storm Monarch",
      "set_number": "PGLD-EN062",
      "rarities": [
        "Gold Rare"
      ],
      "count": {
        "Gold Rare": 1
      }
    },
    {
      "card_name": "Necro Gardna",
      "set_number": "PGLD-EN063",
      "rarities": [
        "Gold Rare"
      ],
      "count": {
        "Gold Rare": 1
      }
    },
    {
      "card_name": "Dark Armed Dragon",
      "set_number": "PGLD-EN064",
      "rarities": [
        "Gold Rare"
      ],
      "count": {
        "Gold Rare": 1
      }
    },
    {
      "card_name": "Prime Material Dragon",
      "set_number": "PGLD-EN065",
      "rarities": [
        "Gold Rare"
      ],
      "count": {
        "Gold Rare": 1
      }
    },
    {
      "card_name": "Caius the Shadow Monarch",
      "set_number": "PGLD-EN066",
      "rarities": [
        "Gold Rare"
      ],
      "count": {
        "Gold Rare": 1
      }
    },
    {
      "card_name": "Mind Control",
      "set_number": "PGLD-EN067",
      "rarities": [
        "Gold Rare"
      ],
      "count": {
        "Gold Rare": 1
      }
    },
    {
      "card_name": "Gold Sarcophagus",
      "set_number": "PGLD-EN068",
      "rarities": [
        "Gold Rare"
      ],
      "count": {
        "Gold Rare": 1
      }
    },
    {
      "card_name": "Bottomless Trap Hole",
      "set_number": "PGLD-EN069",
      "rarities": [
        "Gold Rare"
      ],
      "count": {
        "Gold Rare": 1
      }
    },
    {
      "card_name": "Phoenix Wing Wind Blast",
      "set_number": "PGLD-EN070",
      "rarities": [
        "Gold Rare"
      ],
      "count": {
        "Gold Rare": 1
      }
    },
    {
      "card_name": "Exploder Dragon",
      "set_number": "PGLD-EN071",
      "rarities": [
        "Gold Rare"
      ],
      "count": {
        "Gold Rare": 1
      }
    },
    {
      "card_name": "Judgment Dragon",
      "set_number": "PGLD-EN072",
      "rarities": [
        "Gold Rare"
      ],
      "count": {
        "Gold Rare": 1
      }
    },
    {
      "card_name": "Mezuki",
      "set_number": "PGLD-EN073",
      "rarities": [
        "Gold Rare"
      ],
      "count": {
        "Gold Rare": 1
      }
    },
    {
      "card_name": "Plaguespreader Zombie",
      "set_number": "PGLD-EN074",
      "rarities": [
        "Gold Rare"
      ],
      "count": {
        "Gold Rare": 1
      }
    },
    {
      "card_name": "Thunder King Rai-Oh",
      "set_number": "PGLD-EN075",
      "rarities": [
        "Gold Rare"
      ],
      "count": {
        "Gold Rare": 1
      }
    },
    {
      "card_name": "Stardust Dragon",
      "set_number": "PGLD-EN076",
      "rarities": [
        "Gold Rare"
      ],
      "count": {
        "Gold Rare": 1
      }
    },
    {
      "card_name": "Blackwing Armor Master",
      "set_number": "PGLD-EN077",
      "rarities": [
        "Gold Rare"
      ],
      "count": {
        "Gold Rare": 1
      }
    },
    {
      "card_name": "Blackwing Armed Wing",
      "set_number": "PGLD-EN078",
      "rarities": [
        "Gold Rare"
      ],
      "count": {
        "Gold Rare": 1
      }
    },
    {
      "card_name": "Mystical Space Typhoon",
      "set_number": "PGLD-EN079",
      "rarities": [
        "Gold Rare"
      ],
      "count": {
        "Gold Rare": 1
      }
    },
    {
      "card_name": "Icarus Attack",
      "set_number": "PGLD-EN080",
      "rarities": [
        "Gold Rare"
      ],
      "count": {
        "Gold Rare": 1
      }
    },
    {
      "card_name": "Morphing Jar",
      "set_number": "PGLD-EN081",
      "rarities": [
        "Gold Rare"
      ],
      "count": {
        "Gold Rare": 1
      }
    },
    {
      "card_name": "Gravekeeper's Spy",
      "set_number": "PGLD-EN082",
      "rarities": [
        "Gold Rare"
      ],
      "count": {
        "Gold Rare": 1
      }
    },
    {
      "card_name": "Spirit Reaper",
      "set_number": "PGLD-EN083",
      "rarities": [
        "Gold Rare"
      ],
      "count": {
        "Gold Rare": 1
      }
    },
    {
      "card_name": "Chaos Sorcerer",
      "set_number": "PGLD-EN084",
      "rarities": [
        "Gold Rare"
      ],
      "count": {
        "Gold Rare": 1
      }
    },
    {
      "card_name": "Black Luster Soldier - Envoy of the Beginning",
      "set_number": "PGLD-EN085",
      "rarities": [
        "Gold Rare"
      ],
      "count": {
        "Gold Rare": 1
      }
    },
    {
      "card_name": "Ryko, Lightsworn Hunter",
      "set_number": "PGLD-EN086",
      "rarities": [
        "Gold Rare"
      ],
      "count": {
        "Gold Rare": 1
      }
    },
    {
      "card_name": "Celestia, Lightsworn Angel",
      "set_number": "PGLD-EN087",
      "rarities": [
        "Gold Rare"
      ],
      "count": {
        "Gold Rare": 1
      }
    },
    {
      "card_name": "Tytannial, Princess of Camellias",
      "set_number": "PGLD-EN088",
      "rarities": [
        "Gold Rare"
      ],
      "count": {
        "Gold Rare": 1
      }
    },
    {
      "card_name": "Summoner Monk",
      "set_number": "PGLD-EN089",
      "rarities": [
        "Gold Rare"
      ],
      "count": {
        "Gold Rare": 1
      }
    },
    {
      "card_name": "Trap Stun",
      "set_number": "PGLD-EN090",
      "rarities": [
        "Gold Rare"
      ],
      "count": {
        "Gold Rare": 1
      }
    }
  ]
}