{
  "name": "Premium Gold - Slot 2",
  "type": "Gold Series",
  "date": "2014-03-27",
  "distribution": "gold_rare_1",
  "prefix": "PGLD_2",
  "sub_sets": [],
  "load": false,
  "cards": [
    {
      "card_name": "Dark Magician Girl",
      "set_number": "PGLD-EN033",
      "rarities": [
        "Gold Rare"
      ],
      "count": {
        "Gold Rare": 1
      }
    },
    {
      "card_name": "Lonefire Blossom",
      "set_number": "PGLD-EN034",
      "rarities": [
        "Gold Rare"
      ],
      "count": {
        "Gold Rare": 1
      }
    },
    {
      "card_name": "Honest",
      "set_number": "PGLD-EN035",
      "rarities": [
        "Gold Rare"
      ],
      "count": {
        "Gold Rare": 1
      }
    },
    {
      "card_name": "Effect Veiler",
      "set_number": "PGLD-EN036",
      "rarities": [
        "Gold Rare"
      ],
      "count": {
        "Gold Rare": 1
      }
    },
    {
      "card_name": "Gagaga Magician",
      "set_number": "PGLD-EN037",
      "rarities": [
        "Gold Rare"
      ],
      "count": {
        "Gold Rare": 1
      }
    },
    {
      "card_name": "Galaxy-Eyes Photon Dragon",
      "set_number": "PGLD-EN038",
      "rarities": [
        "Gold Rare"
      ],
      "count": {
        "Gold Rare": 1
      }
    },
    {
      "card_name": "Lightpulsar Dragon",
      "set_number": "PGLD-EN039",
      "rarities": [
        "Gold Rare"
      ],
      "count": {
        "Gold Rare": 1
      }
    },
    {
      "card_name": "Darkflare Dragon",
      "set_number": "PGLD-EN040",
      "rarities": [
        "Gold Rare"
      ],
      "count": {
        "Gold Rare": 1
      }
    },
    {
      "card_name": "Eclipse Wyvern",
      "set_number": "PGLD-EN041",
      "rarities": [
        "Gold Rare"
      ],
      "count": {
        "Gold Rare": 1
      }
    },
    {
      "card_name": "Crane Crane",
      "set_number": "PGLD-EN042",
      "rarities": [
        "Gold Rare"
      ],
      "count": {
        "Gold Rare": 1
      }
    },
    {
      "card_name": "Colossal Fighter",
      "set_number": "PGLD-EN043",
      "rarities": [
        "Gold Rare"
      ],
      "count": {
        "Gold Rare": 1
      }
    },
    {
      "card_name": "Number 32: Shark Drake",
      "set_number": "PGLD-EN044",
      "rarities": [
        "Gold Rare"
      ],
      "count": {
        "Gold Rare": 1
      }
    },
    {
      "card_name": "Brotherhood of the Fire Fist - Tiger King",
      "set_number": "PGLD-EN045",
      "rarities": [
        "Gold Rare"
      ],
      "count": {
        "Gold Rare": 1
      }
    },
    {
      "card_name": "Solar Recharge",
      "set_number": "PGLD-EN046",
      "rarities": [
        "Gold Rare"
      ],
      "count": {
        "Gold Rare": 1
      }
    },
    {
      "card_name": "Forbidden Chalice",
      "set_number": "PGLD-EN047",
      "rarities": [
        "Gold Rare"
      ],
      "count": {
        "Gold Rare": 1
      }
    },
    {
      "card_name": "Forbidden Lance",
      "set_number": "PGLD-EN048",
      "rarities": [
        "Gold Rare"
      ],
      "count": {
        "Gold Rare": 1
      }
    },
    {
      "card_name": "Forbidden Dress",
      "set_number": "PGLD-EN049",
      "rarities": [
        "Gold Rare"
      ],
      "count": {
        "Gold Rare": 1
      }
    },
    {
      "card_name": "Fire Formation - Tenki",
      "set_number": "PGLD-EN050",
      "rarities": [
        "Gold Rare"
      ],
      "count": {
        "Gold Rare": 1
      }
    }
  ]
}