{
  "name": "Primal Origin",
  "type": "Booster Pack",
  "date": "2014-02-15",
  "distribution": "booster_pack",
  "prefix": "PRIO",
  "sub_sets": [],
  "load": true,
  "cards": [
    {
      "card_name": "Artifact Scythe",
      "set_number": "PRIO-EN000",
      "rarities": [
        "Super Rare"
      ],
      "count": {
        "Super Rare": 1
      }
    },
    {
      "card_name": "ZS - Vanish Sage",
      "set_number": "PRIO-EN001",
      "rarities": [
        "Common"
      ],
      "count": {
        "Common": 1
      }
    },
    {
      "card_name": "Galaxy Mirror Sage",
      "set_number": "PRIO-EN002",
      "rarities": [
        "Common"
      ],
      "count": {
        "Common": 1
      }
    },
    {
      "card_name": "Galaxy Tyranno",
      "set_number": "PRIO-EN003",
      "rarities": [
        "Rare"
      ],
      "count": {
        "Rare": 1
      }
    },
    {
      "card_name": "Heliosphere Dragon",
      "set_number": "PRIO-EN004",
      "rarities": [
        "Common"
      ],
      "count": {
        "Common": 1
      }
    },
    {
      "card_name": "Mermaid Shark",
      "set_number": "PRIO-EN005",
      "rarities": [
        "Rare"
      ],
      "count": {
        "Rare": 1
      }
    },
    {
      "card_name": "Gazer Shark",
      "set_number": "PRIO-EN006",
      "rarities": [
        "Common"
      ],
      "count": {
        "Common": 1
      }
    },
    {
      "card_name": "Blizzard Thunderbird",
      "set_number": "PRIO-EN007",
      "rarities": [
        "Common"
      ],
      "count": {
        "Common": 1
      }
    },
    {
      "card_name": "Battlin' Boxer Big Bandage",
      "set_number": "PRIO-EN008",
      "rarities": [
        "Common"
      ],
      "count": {
        "Common": 1
      }
    },
    {
      "card_name": "Battlin' Boxer Veil",
      "set_number": "PRIO-EN009",
      "rarities": [
        "Common"
      ],
      "count": {
        "Common": 1
      }
    },
    {
      "card_name": "Umbral Horror Ghost",
      "set_number": "PRIO-EN010",
      "rarities": [
        "Common"
      ],
      "count": {
        "Common": 1
      }
    },
    {
      "card_name": "Artifact Moralltach",
      "set_number": "PRIO-EN011",
      "rarities": [
        "Super Rare"
      ],
      "count": {
        "Super Rare": 1
      }
    },
    {
      "card_name": "Artifact Beagalltach",
      "set_number": "PRIO-EN012",
      "rarities": [
        "Common"
      ],
      "count": {
        "Common": 1
      }
    },
    {
      "card_name": "Artifact Failnaught",
      "set_number": "PRIO-EN013",
      "rarities": [
        "Common"
      ],
      "count": {
        "Common": 1
      }
    },
    {
      "card_name": "Artifact Aegis",
      "set_number": "PRIO-EN014",
      "rarities": [
        "Common"
      ],
      "count": {
        "Common": 1
      }
    },
    {
      "card_name": "Artifact Achilleshield",
      "set_number": "PRIO-EN015",
      "rarities": [
        "Common"
      ],
      "count": {
        "Common": 1
      }
    },
    {
      "card_name": "Artifact Labrys",
      "set_number": "PRIO-EN016",
      "rarities": [
        "Common"
      ],
      "count": {
        "Common": 1
      }
    },
    {
      "card_name": "Artifact Caduceus",
      "set_number": "PRIO-EN017",
      "rarities": [
        "Rare"
      ],
      "count": {
        "Rare": 1
      }
    },
    {
      "card_name": "Sylvan Cherubsprout",
      "set_number": "PRIO-EN018",
      "rarities": [
        "Common"
      ],
      "count": {
        "Common": 1
      }
    },
    {
      "card_name": "Sylvan Snapdrassinagon",
      "set_number": "PRIO-EN019",
      "rarities": [
        "Rare"
      ],
      "count": {
        "Rare": 1
      }
    },
    {
      "card_name": "Sylvan Lotuswain",
      "set_number": "PRIO-EN020",
      "rarities": [
        "Common"
      ],
      "count": {
        "Common": 1
      }
    },
    {
      "card_name": "Sylvan Sagequoia",
      "set_number": "PRIO-EN021",
      "rarities": [
        "Ultra Rare"
      ],
      "count": {
        "Ultra Rare": 1
      }
    },
    {
      "card_name": "Ghostrick Doll",
      "set_number": "PRIO-EN022",
      "rarities": [
        "Common"
      ],
      "count": {
        "Common": 1
      }
    },
    {
      "card_name": "Ghostrick Warwolf",
      "set_number": "PRIO-EN023",
      "rarities": [
        "Common"
      ],
      "count": {
        "Common": 1
      }
    },
    {
      "card_name": "Bujin Hirume",
      "set_number": "PRIO-EN024",
      "rarities": [
        "Ultra Rare"
      ],
      "count": {
        "Ultra Rare": 1
      }
    },
    {
      "card_name": "Traptrix Dionaea",
      "set_number": "PRIO-EN025",
      "rarities": [
        "Rare"
      ],
      "count": {
        "Rare": 1
      }
    },
    {
      "card_name": "Mecha Phantom Beast O-Lion",
      "set_number": "PRIO-EN026",
      "rarities": [
        "Rare"
      ],
      "count": {
        "Rare": 1
      }
    },
    {
      "card_name": "Hazy Flame Hydra",
      "set_number": "PRIO-EN027",
      "rarities": [
        "Common"
      ],
      "count": {
        "Common": 1
      }
    },
    {
      "card_name": "Madolche Anjelly",
      "set_number": "PRIO-EN028",
      "rarities": [
        "Ultra Rare"
      ],
      "count": {
        "Ultra Rare": 1
      }
    },
    {
      "card_name": "Pilica, Descendant of Gusto",
      "set_number": "PRIO-EN029",
      "rarities": [
        "Super Rare"
      ],
      "count": {
        "Super Rare": 1
      }
    },
    {
      "card_name": "Gladiator Beast Augustus",
      "set_number": "PRIO-EN030",
      "rarities": [
        "Rare"
      ],
      "count": {
        "Rare": 1
      }
    },
    {
      "card_name": "Lucent, Netherlord of Dark World",
      "set_number": "PRIO-EN031",
      "rarities": [
        "Super Rare"
      ],
      "count": {
        "Super Rare": 1
      }
    },
    {
      "card_name": "Ancient Gear Box",
      "set_number": "PRIO-EN032",
      "rarities": [
        "Common"
      ],
      "count": {
        "Common": 1
      }
    },
    {
      "card_name": "Dawn Knight",
      "set_number": "PRIO-EN033",
      "rarities": [
        "Rare"
      ],
      "count": {
        "Rare": 1
      }
    },
    {
      "card_name": "Majesty's Fiend",
      "set_number": "PRIO-EN034",
      "rarities": [
        "Secret Rare"
      ],
      "count": {
        "Secret Rare": 1
      }
    },
    {
      "card_name": "Thestalos the Mega Monarch",
      "set_number": "PRIO-EN035",
      "rarities": [
        "Secret Rare"
      ],
      "count": {
        "Secret Rare": 1
      }
    },
    {
      "card_name": "Beautunaful Princess",
      "set_number": "PRIO-EN036",
      "rarities": [
        "Rare"
      ],
      "count": {
        "Rare": 1
      }
    },
    {
      "card_name": "Nopenguin",
      "set_number": "PRIO-EN037",
      "rarities": [
        "Common"
      ],
      "count": {
        "Common": 1
      }
    },
    {
      "card_name": "Condemned Maiden",
      "set_number": "PRIO-EN038",
      "rarities": [
        "Short Print"
      ],
      "count": {
        "Short Print": 1
      }
    },
    {
      "card_name": "Starduston",
      "set_number": "PRIO-EN039",
      "rarities": [
        "Short Print"
      ],
      "count": {
        "Short Print": 1
      }
    },
    {
      "card_name": "Number 62: Galaxy-Eyes Prime Photon Dragon",
      "set_number": "PRIO-EN040",
      "rarities": [
        "Ultimate Rare",
        "Ultra Rare"
      ],
      "count": {
        "Ultimate Rare": 1,
        "Ultra Rare": 1
      }
    },
    {
      "card_name": "Number C107: Neo Galaxy-Eyes Tachyon Dragon",
      "set_number": "PRIO-EN041",
      "rarities": [
        "Super Rare",
        "Ultimate Rare"
      ],
      "count": {
        "Super Rare": 1,
        "Ultimate Rare": 1
      }
    },
    {
      "card_name": "Number 103: Ragnazero",
      "set_number": "PRIO-EN042",
      "rarities": [
        "Rare"
      ],
      "count": {
        "Rare": 1
      }
    },
    {
      "card_name": "Number C103: Ragnafinity",
      "set_number": "PRIO-EN043",
      "rarities": [
        "Rare"
      ],
      "count": {
        "Rare": 1
      }
    },
    {
      "card_name": "Number C102: Archfiend Seraph",
      "set_number": "PRIO-EN044",
      "rarities": [
        "Super Rare",
        "Ultimate Rare"
      ],
      "count": {
        "Super Rare": 1,
        "Ultimate Rare": 1
      }
    },
    {
      "card_name": "Number 80: Rhapsody in Berserk",
      "set_number": "PRIO-EN045",
      "rarities": [
        "Rare"
      ],
      "count": {
        "Rare": 1
      }
    },
    {
      "card_name": "Number C80: Requiem in Berserk",
      "set_number": "PRIO-EN046",
      "rarities": [
        "Rare"
      ],
      "count": {
        "Rare": 1
      }
    },
    {
      "card_name": "Number 43: Manipulator of Souls",
      "set_number": "PRIO-EN047",
      "rarities": [
        "Common"
      ],
      "count": {
        "Common": 1
      }
    },
    {
      "card_name": "Number C43: High Manipulator of Chaos",
      "set_number": "PRIO-EN048",
      "rarities": [
        "Rare"
      ],
      "count": {
        "Rare": 1
      }
    },
    {
      "card_name": "Artifact Durendal",
      "set_number": "PRIO-EN049",
      "rarities": [
        "Ultimate Rare",
        "Ultra Rare"
      ],
      "count": {
        "Ultimate Rare": 1,
        "Ultra Rare": 1
      }
    },
    {
      "card_name": "Orea, the Sylvan High Arbiter",
      "set_number": "PRIO-EN050",
      "rarities": [
        "Secret Rare"
      ],
      "count": {
        "Secret Rare": 1
      }
    },
    {
      "card_name": "Ghostrick Socuteboss",
      "set_number": "PRIO-EN051",
      "rarities": [
        "Rare"
      ],
      "count": {
        "Rare": 1
      }
    },
    {
      "card_name": "Bujinki Amaterasu",
      "set_number": "PRIO-EN052",
      "rarities": [
        "Secret Rare",
        "Ultimate Rare",
        "Ghost Rare"
      ],
      "count": {
        "Secret Rare": 1,
        "Ultimate Rare": 1,
        "Ghost Rare": 1
      }
    },
    {
      "card_name": "Phantom Fortress Enterblathnir",
      "set_number": "PRIO-EN053",
      "rarities": [
        "Rare"
      ],
      "count": {
        "Rare": 1
      }
    },
    {
      "card_name": "Cairngorgon, Antiluminescent Knight",
      "set_number": "PRIO-EN054",
      "rarities": [
        "Super Rare"
      ],
      "count": {
        "Super Rare": 1
      }
    },
    {
      "card_name": "Phonon Pulse Dragon",
      "set_number": "PRIO-EN055",
      "rarities": [
        "Rare"
      ],
      "count": {
        "Rare": 1
      }
    },
    {
      "card_name": "Reverse Breaker",
      "set_number": "PRIO-EN056",
      "rarities": [
        "Common"
      ],
      "count": {
        "Common": 1
      }
    },
    {
      "card_name": "Galactic Charity",
      "set_number": "PRIO-EN057",
      "rarities": [
        "Common"
      ],
      "count": {
        "Common": 1
      }
    },
    {
      "card_name": "Rank-Up-Magic - The Seventh One",
      "set_number": "PRIO-EN058",
      "rarities": [
        "Secret Rare"
      ],
      "count": {
        "Secret Rare": 1
      }
    },
    {
      "card_name": "Don Thousand's Throne",
      "set_number": "PRIO-EN059",
      "rarities": [
        "Rare"
      ],
      "count": {
        "Rare": 1
      }
    },
    {
      "card_name": "Artifact Ignition",
      "set_number": "PRIO-EN060",
      "rarities": [
        "Ultra Rare"
      ],
      "count": {
        "Ultra Rare": 1
      }
    },
    {
      "card_name": "Artifacts Unleashed",
      "set_number": "PRIO-EN061",
      "rarities": [
        "Common"
      ],
      "count": {
        "Common": 1
      }
    },
    {
      "card_name": "Sylvan Charity",
      "set_number": "PRIO-EN062",
      "rarities": [
        "Ultra Rare"
      ],
      "count": {
        "Ultra Rare": 1
      }
    },
    {
      "card_name": "Ghostrick Parade",
      "set_number": "PRIO-EN063",
      "rarities": [
        "Common"
      ],
      "count": {
        "Common": 1
      }
    },
    {
      "card_name": "Bujintervention",
      "set_number": "PRIO-EN064",
      "rarities": [
        "Common"
      ],
      "count": {
        "Common": 1
      }
    },
    {
      "card_name": "Diamond Core of Koa'ki Meiru",
      "set_number": "PRIO-EN065",
      "rarities": [
        "Common"
      ],
      "count": {
        "Common": 1
      }
    },
    {
      "card_name": "Scrap Factory",
      "set_number": "PRIO-EN066",
      "rarities": [
        "Common"
      ],
      "count": {
        "Common": 1
      }
    },
    {
      "card_name": "Forbidden Scripture",
      "set_number": "PRIO-EN067",
      "rarities": [
        "Secret Rare"
      ],
      "count": {
        "Secret Rare": 1
      }
    },
    {
      "card_name": "Jackpot 7",
      "set_number": "PRIO-EN068",
      "rarities": [
        "Short Print"
      ],
      "count": {
        "Short Print": 1
      }
    },
    {
      "card_name": "Double Dragon Descent",
      "set_number": "PRIO-EN069",
      "rarities": [
        "Common"
      ],
      "count": {
        "Common": 1
      }
    },
    {
      "card_name": "Tachyon Chaos Hole",
      "set_number": "PRIO-EN070",
      "rarities": [
        "Super Rare"
      ],
      "count": {
        "Super Rare": 1
      }
    },
    {
      "card_name": "Last Counter",
      "set_number": "PRIO-EN071",
      "rarities": [
        "Common"
      ],
      "count": {
        "Common": 1
      }
    },
    {
      "card_name": "Artifact Sanctum",
      "set_number": "PRIO-EN072",
      "rarities": [
        "Ultra Rare"
      ],
      "count": {
        "Ultra Rare": 1
      }
    },
    {
      "card_name": "Sylvan Waterslide",
      "set_number": "PRIO-EN073",
      "rarities": [
        "Common"
      ],
      "count": {
        "Common": 1
      }
    },
    {
      "card_name": "Ghostrick Night",
      "set_number": "PRIO-EN074",
      "rarities": [
        "Common"
      ],
      "count": {
        "Common": 1
      }
    },
    {
      "card_name": "Bujincident",
      "set_number": "PRIO-EN075",
      "rarities": [
        "Common"
      ],
      "count": {
        "Common": 1
      }
    },
    {
      "card_name": "The Monarchs Erupt",
      "set_number": "PRIO-EN076",
      "rarities": [
        "Super Rare"
      ],
      "count": {
        "Super Rare": 1
      }
    },
    {
      "card_name": "Evo-Singularity",
      "set_number": "PRIO-EN077",
      "rarities": [
        "Common"
      ],
      "count": {
        "Common": 1
      }
    },
    {
      "card_name": "Xyz Universe",
      "set_number": "PRIO-EN078",
      "rarities": [
        "Rare"
      ],
      "count": {
        "Rare": 1
      }
    },
    {
      "card_name": "And the Band Played On",
      "set_number": "PRIO-EN079",
      "rarities": [
        "Common"
      ],
      "count": {
        "Common": 1
      }
    },
    {
      "card_name": "Tri-and-Guess",
      "set_number": "PRIO-EN080",
      "rarities": [
        "Short Print"
      ],
      "count": {
        "Short Print": 1
      }
    },
    {
      "card_name": "Noble Knight Brothers",
      "set_number": "PRIO-EN081",
      "rarities": [
        "Secret Rare"
      ],
      "count": {
        "Secret Rare": 1
      }
    },
    {
      "card_name": "Noble Knight Eachtar",
      "set_number": "PRIO-EN082",
      "rarities": [
        "Super Rare"
      ],
      "count": {
        "Super Rare": 1
      }
    },
    {
      "card_name": "Sylvan Princessprout",
      "set_number": "PRIO-EN083",
      "rarities": [
        "Super Rare"
      ],
      "count": {
        "Super Rare": 1
      }
    },
    {
      "card_name": "Bujingi Sinyou",
      "set_number": "PRIO-EN084",
      "rarities": [
        "Ultra Rare"
      ],
      "count": {
        "Ultra Rare": 1
      }
    },
    {
      "card_name": "Vampire Vamp",
      "set_number": "PRIO-EN085",
      "rarities": [
        "Super Rare"
      ],
      "count": {
        "Super Rare": 1
      }
    },
    {
      "card_name": "Gladiator Beast Nerokius",
      "set_number": "PRIO-EN086",
      "rarities": [
        "Secret Rare"
      ],
      "count": {
        "Secret Rare": 1
      }
    },
    {
      "card_name": "Noble Knights of the Round Table",
      "set_number": "PRIO-EN087",
      "rarities": [
        "Ultra Rare"
      ],
      "count": {
        "Ultra Rare": 1
      }
    },
    {
      "card_name": "Avalon",
      "set_number": "PRIO-EN088",
      "rarities": [
        "Super Rare"
      ],
      "count": {
        "Super Rare": 1
      }
    },
    {
      "card_name": "Escalation of the Monarchs",
      "set_number": "PRIO-EN089",
      "rarities": [
        "Super Rare"
      ],
      "count": {
        "Super Rare": 1
      }
    },
    {
      "card_name": "Bolt Penguin",
      "set_number": "PRIO-EN090",
      "rarities": [
        "Common"
      ],
      "count": {
        "Common": 1
      }
    },
    {
      "card_name": "Phantom King Hydride",
      "set_number": "PRIO-EN091",
      "rarities": [
        "Common"
      ],
      "count": {
        "Common": 1
      }
    },
    {
      "card_name": "Number 42: Galaxy Tomahawk",
      "set_number": "PRIO-EN092",
      "rarities": [
        "Common"
      ],
      "count": {
        "Common": 1
      }
    },
    {
      "card_name": "Rose Archer",
      "set_number": "PRIO-EN093",
      "rarities": [
        "Rare"
      ],
      "count": {
        "Rare": 1
      }
    },
    {
      "card_name": "Shogi Knight",
      "set_number": "PRIO-EN094",
      "rarities": [
        "Common"
      ],
      "count": {
        "Common": 1
      }
    },
    {
      "card_name": "Gimmick Puppet Des Troy",
      "set_number": "PRIO-EN095",
      "rarities": [
        "Common"
      ],
      "count": {
        "Common": 1
      }
    },
    {
      "card_name": "ZW - Sleipnir Mail",
      "set_number": "PRIO-EN096",
      "rarities": [
        "Common"
      ],
      "count": {
        "Common": 1
      }
    },
    {
      "card_name": "Number 48: Shadow Lich",
      "set_number": "PRIO-EN097",
      "rarities": [
        "Common"
      ],
      "count": {
        "Common": 1
      }
    },
    {
      "card_name": "Galaxy Dragon",
      "set_number": "PRIO-EN098",
      "rarities": [
        "Common"
      ],
      "count": {
        "Common": 1
      }
    },
    {
      "card_name": "Hundred-Footed Horror",
      "set_number": "PRIO-EN099",
      "rarities": [
        "Common"
      ],
      "count": {
        "Common": 1
      }
    }
  ]
}
