{
  "name": "Raging Battle: Special Edition",
  "type": "Special Edition Promo Cards",
  "date": "2009-06-23",
  "distribution": "special_edition_promo_cards",
  "prefix": "RGBT",
  "sub_sets": [],
  "load": true,
  "cards": [
    {
      "card_name": "The Dark Creator",
      "set_number": "RGBT-ENSE1",
      "rarities": [
        "Super Rare"
      ],
      "count": {
        "Super Rare": 1
      }
    },
    {
      "card_name": "Allure of Darkness",
      "set_number": "RGBT-ENSE2",
      "rarities": [
        "Super Rare"
      ],
      "count": {
        "Super Rare": 1
      }
    }
  ]
}
