{
  "name": "Return of the Duelist: Special Edition",
  "type": "Special Edition Promo Cards",
  "date": "2012-09-20",
  "distribution": "special_edition_promo_cards",
  "prefix": "REDU",
  "sub_sets": [],
  "load": true,
  "cards": [
    {
      "card_name": "T.G. Hyper Librarian",
      "set_number": "REDU-ENSE1",
      "rarities": [
        "Super Rare"
      ],
      "count": {
        "Super Rare": 1
      }
    },
    {
      "card_name": "Number 30: Acid Golem of Destruction",
      "set_number": "REDU-ENSE2",
      "rarities": [
        "Super Rare"
      ],
      "count": {
        "Super Rare": 1
      }
    }
  ]
}
