{
  "name": "Rise of the Dragon Lords Structure Deck",
  "type": "Structure Deck",
  "date": "2007-10-24",
  "distribution": "",
  "prefix": "SDRL",
  "sub_sets": [],
  "load": true,
  "cards": [
    {
      "card_name": "Felgrand Dragon",
      "set_number": "SDRL-EN001",
      "rarities": [
        "Ultra Rare"
      ],
      "count": {
        "Ultra Rare": 1
      }
    },
    {
      "card_name": "Darkblaze Dragon",
      "set_number": "SDRL-EN002",
      "rarities": [
        "Common"
      ],
      "count": {
        "Common": 1
      }
    },
    {
      "card_name": "Herald of Creation",
      "set_number": "SDRL-EN003",
      "rarities": [
        "Common"
      ],
      "count": {
        "Common": 1
      }
    },
    {
      "card_name": "Decoy Dragon",
      "set_number": "SDRL-EN004",
      "rarities": [
        "Common"
      ],
      "count": {
        "Common": 1
      }
    },
    {
      "card_name": "Spear Cretin",
      "set_number": "SDRL-EN005",
      "rarities": [
        "Common"
      ],
      "count": {
        "Common": 1
      }
    },
    {
      "card_name": "Gilford the Lightning",
      "set_number": "SDRL-EN006",
      "rarities": [
        "Common"
      ],
      "count": {
        "Common": 1
      }
    },
    {
      "card_name": "Morphing Jar",
      "set_number": "SDRL-EN007",
      "rarities": [
        "Common"
      ],
      "count": {
        "Common": 1
      }
    },
    {
      "card_name": "Kaiser Sea Horse",
      "set_number": "SDRL-EN008",
      "rarities": [
        "Common"
      ],
      "count": {
        "Common": 2
      }
    },
    {
      "card_name": "Tyrant Dragon",
      "set_number": "SDRL-EN009",
      "rarities": [
        "Common"
      ],
      "count": {
        "Common": 1
      }
    },
    {
      "card_name": "Twin-Headed Behemoth",
      "set_number": "SDRL-EN010",
      "rarities": [
        "Common"
      ],
      "count": {
        "Common": 1
      }
    },
    {
      "card_name": "Guardian Angel Joan",
      "set_number": "SDRL-EN011",
      "rarities": [
        "Common"
      ],
      "count": {
        "Common": 1
      }
    },
    {
      "card_name": "Horus the Black Flame Dragon LV6",
      "set_number": "SDRL-EN012",
      "rarities": [
        "Common"
      ],
      "count": {
        "Common": 1
      }
    },
    {
      "card_name": "Masked Dragon",
      "set_number": "SDRL-EN013",
      "rarities": [
        "Common"
      ],
      "count": {
        "Common": 2
      }
    },
    {
      "card_name": "The Creator",
      "set_number": "SDRL-EN014",
      "rarities": [
        "Common"
      ],
      "count": {
        "Common": 1
      }
    },
    {
      "card_name": "The Creator Incarnate",
      "set_number": "SDRL-EN015",
      "rarities": [
        "Common"
      ],
      "count": {
        "Common": 1
      }
    },
    {
      "card_name": "Flame Ruler",
      "set_number": "SDRL-EN016",
      "rarities": [
        "Common"
      ],
      "count": {
        "Common": 1
      }
    },
    {
      "card_name": "Majestic Mech - Goryu",
      "set_number": "SDRL-EN017",
      "rarities": [
        "Common"
      ],
      "count": {
        "Common": 1
      }
    },
    {
      "card_name": "Snipe Hunter",
      "set_number": "SDRL-EN018",
      "rarities": [
        "Common"
      ],
      "count": {
        "Common": 1
      }
    },
    {
      "card_name": "Trade-In",
      "set_number": "SDRL-EN019",
      "rarities": [
        "Common"
      ],
      "count": {
        "Common": 1
      }
    },
    {
      "card_name": "Foolish Burial",
      "set_number": "SDRL-EN020",
      "rarities": [
        "Common"
      ],
      "count": {
        "Common": 1
      }
    },
    {
      "card_name": "Soul Exchange",
      "set_number": "SDRL-EN021",
      "rarities": [
        "Common"
      ],
      "count": {
        "Common": 1
      }
    },
    {
      "card_name": "Giant Trunade",
      "set_number": "SDRL-EN022",
      "rarities": [
        "Common"
      ],
      "count": {
        "Common": 1
      }
    },
    {
      "card_name": "The Shallow Grave",
      "set_number": "SDRL-EN023",
      "rarities": [
        "Common"
      ],
      "count": {
        "Common": 1
      }
    },
    {
      "card_name": "Premature Burial",
      "set_number": "SDRL-EN024",
      "rarities": [
        "Common"
      ],
      "count": {
        "Common": 1
      }
    },
    {
      "card_name": "A Wingbeat of Giant Dragon",
      "set_number": "SDRL-EN025",
      "rarities": [
        "Common"
      ],
      "count": {
        "Common": 1
      }
    },
    {
      "card_name": "Terraforming",
      "set_number": "SDRL-EN026",
      "rarities": [
        "Common"
      ],
      "count": {
        "Common": 1
      }
    },
    {
      "card_name": "Big Bang Shot",
      "set_number": "SDRL-EN027",
      "rarities": [
        "Common"
      ],
      "count": {
        "Common": 1
      }
    },
    {
      "card_name": "Mystik Wok",
      "set_number": "SDRL-EN028",
      "rarities": [
        "Common"
      ],
      "count": {
        "Common": 1
      }
    },
    {
      "card_name": "Lightning Vortex",
      "set_number": "SDRL-EN029",
      "rarities": [
        "Common"
      ],
      "count": {
        "Common": 1
      }
    },
    {
      "card_name": "Brain Control",
      "set_number": "SDRL-EN030",
      "rarities": [
        "Common"
      ],
      "count": {
        "Common": 1
      }
    },
    {
      "card_name": "Mausoleum of the Emperor",
      "set_number": "SDRL-EN031",
      "rarities": [
        "Common"
      ],
      "count": {
        "Common": 2
      }
    },
    {
      "card_name": "Malevolent Catastrophe",
      "set_number": "SDRL-EN032",
      "rarities": [
        "Common"
      ],
      "count": {
        "Common": 1
      }
    },
    {
      "card_name": "Dust Tornado",
      "set_number": "SDRL-EN033",
      "rarities": [
        "Common"
      ],
      "count": {
        "Common": 1
      }
    },
    {
      "card_name": "Call of the Haunted",
      "set_number": "SDRL-EN034",
      "rarities": [
        "Common"
      ],
      "count": {
        "Common": 1
      }
    },
    {
      "card_name": "Magic Jammer",
      "set_number": "SDRL-EN035",
      "rarities": [
        "Common"
      ],
      "count": {
        "Common": 1
      }
    },
    {
      "card_name": "Sakuretsu Armor",
      "set_number": "SDRL-EN036",
      "rarities": [
        "Common"
      ],
      "count": {
        "Common": 1
      }
    },
    {
      "card_name": "Draining Shield",
      "set_number": "SDRL-EN037",
      "rarities": [
        "Common"
      ],
      "count": {
        "Common": 1
      }
    }
  ]
}