{
  "name": "Saber Force Starter Deck",
  "type": "Starter Deck",
  "date": "2015-05-29",
  "distribution": "",
  "prefix": "YS15",
  "sub_sets": [],
  "load": false,
  "cards": [
    {
      "card_name": "Odd-Eyes Saber Dragon",
      "set_number": "YS15-ENF00",
      "rarities": [
        "Secret Rare"
      ],
      "count": {
        "Secret Rare": 1
      }
    },
    {
      "card_name": "Alexandrite Dragon",
      "set_number": "YS15-ENF01",
      "rarities": [
        "Common"
      ],
      "count": {
        "Common": 1
      }
    },
    {
      "card_name": "Mystical Elf",
      "set_number": "YS15-ENF02",
      "rarities": [
        "Common"
      ],
      "count": {
        "Common": 1
      }
    },
    {
      "card_name": "Odd-Eyes Dragon",
      "set_number": "YS15-ENF03",
      "rarities": [
        "Shatterfoil Rare"
      ],
      "count": {
        "Shatterfoil Rare": 1
      }
    },
    {
      "card_name": "Kaiser Glider",
      "set_number": "YS15-ENF04",
      "rarities": [
        "Common"
      ],
      "count": {
        "Common": 1
      }
    },
    {
      "card_name": "Cyber Dragon",
      "set_number": "YS15-ENF05",
      "rarities": [
        "Common"
      ],
      "count": {
        "Common": 1
      }
    },
    {
      "card_name": "Herald of Creation",
      "set_number": "YS15-ENF06",
      "rarities": [
        "Common"
      ],
      "count": {
        "Common": 1
      }
    },
    {
      "card_name": "Blade Knight",
      "set_number": "YS15-ENF07",
      "rarities": [
        "Common"
      ],
      "count": {
        "Common": 1
      }
    },
    {
      "card_name": "Mirage Dragon",
      "set_number": "YS15-ENF08",
      "rarities": [
        "Common"
      ],
      "count": {
        "Common": 1
      }
    },
    {
      "card_name": "Maha Vailo",
      "set_number": "YS15-ENF09",
      "rarities": [
        "Common"
      ],
      "count": {
        "Common": 1
      }
    },
    {
      "card_name": "DUCKER Mobile Cannon",
      "set_number": "YS15-ENF10",
      "rarities": [
        "Common"
      ],
      "count": {
        "Common": 1
      }
    },
    {
      "card_name": "Skelengel",
      "set_number": "YS15-ENF11",
      "rarities": [
        "Common"
      ],
      "count": {
        "Common": 1
      }
    },
    {
      "card_name": "The Calculator",
      "set_number": "YS15-ENF12",
      "rarities": [
        "Common"
      ],
      "count": {
        "Common": 1
      }
    },
    {
      "card_name": "Dark Hole",
      "set_number": "YS15-ENF13",
      "rarities": [
        "Shatterfoil Rare"
      ],
      "count": {
        "Shatterfoil Rare": 1
      }
    },
    {
      "card_name": "Smashing Ground",
      "set_number": "YS15-ENF14",
      "rarities": [
        "Shatterfoil Rare"
      ],
      "count": {
        "Shatterfoil Rare": 1
      }
    },
    {
      "card_name": "Monster Reincarnation",
      "set_number": "YS15-ENF15",
      "rarities": [
        "Common"
      ],
      "count": {
        "Common": 1
      }
    },
    {
      "card_name": "Mystical Space Typhoon",
      "set_number": "YS15-ENF16",
      "rarities": [
        "Common"
      ],
      "count": {
        "Common": 1
      }
    },
    {
      "card_name": "Rush Recklessly",
      "set_number": "YS15-ENF17",
      "rarities": [
        "Common"
      ],
      "count": {
        "Common": 1
      }
    },
    {
      "card_name": "Poison of the Old Man",
      "set_number": "YS15-ENF18",
      "rarities": [
        "Common"
      ],
      "count": {
        "Common": 1
      }
    },
    {
      "card_name": "Black Pendant",
      "set_number": "YS15-ENF19",
      "rarities": [
        "Common"
      ],
      "count": {
        "Common": 1
      }
    },
    {
      "card_name": "Malevolent Nuzzler",
      "set_number": "YS15-ENF20",
      "rarities": [
        "Common"
      ],
      "count": {
        "Common": 1
      }
    },
    {
      "card_name": "Mirror Force",
      "set_number": "YS15-ENF21",
      "rarities": [
        "Shatterfoil Rare"
      ],
      "count": {
        "Shatterfoil Rare": 1
      }
    },
    {
      "card_name": "Magic Cylinder",
      "set_number": "YS15-ENF22",
      "rarities": [
        "Shatterfoil Rare"
      ],
      "count": {
        "Shatterfoil Rare": 1
      }
    },
    {
      "card_name": "Pinpoint Guard",
      "set_number": "YS15-ENF23",
      "rarities": [
        "Common"
      ],
      "count": {
        "Common": 1
      }
    },
    {
      "card_name": "Trap Hole",
      "set_number": "YS15-ENF24",
      "rarities": [
        "Common"
      ],
      "count": {
        "Common": 1
      }
    },
    {
      "card_name": "Dust Tornado",
      "set_number": "YS15-ENF25",
      "rarities": [
        "Common"
      ],
      "count": {
        "Common": 1
      }
    },
    {
      "card_name": "Call of the Haunted",
      "set_number": "YS15-ENF26",
      "rarities": [
        "Common"
      ],
      "count": {
        "Common": 1
      }
    },
    {
      "card_name": "Negate Attack",
      "set_number": "YS15-ENF27",
      "rarities": [
        "Common"
      ],
      "count": {
        "Common": 1
      }
    }
  ]
}