{
  "name": "Secrets of Eternity",
  "type": "Booster Pack",
  "date": "2014-11-15",
  "distribution": "booster_pack",
  "prefix": "SECE",
  "sub_sets": [],
  "load": true,
  "cards": [
    {
      "card_name": "Performapal Fire Mufflerlion",
      "set_number": "SECE-EN001",
      "rarities": [
        "Common"
      ],
      "count": {
        "Common": 1
      }
    },
    {
      "card_name": "Performapal Partnaga",
      "set_number": "SECE-EN002",
      "rarities": [
        "Common"
      ],
      "count": {
        "Common": 1
      }
    },
    {
      "card_name": "Performapal Friendonkey",
      "set_number": "SECE-EN003",
      "rarities": [
        "Rare"
      ],
      "count": {
        "Rare": 1
      }
    },
    {
      "card_name": "Performapal Spikeagle",
      "set_number": "SECE-EN004",
      "rarities": [
        "Common"
      ],
      "count": {
        "Common": 1
      }
    },
    {
      "card_name": "Performapal Stamp Turtle",
      "set_number": "SECE-EN005",
      "rarities": [
        "Common"
      ],
      "count": {
        "Common": 1
      }
    },
    {
      "card_name": "Performapal Trump Witch",
      "set_number": "SECE-EN006",
      "rarities": [
        "Rare"
      ],
      "count": {
        "Rare": 1
      }
    },
    {
      "card_name": "Superheavy Samurai Flutist",
      "set_number": "SECE-EN007",
      "rarities": [
        "Secret Rare",
        "Super Rare"
      ],
      "count": {
        "Secret Rare": 1,
        "Super Rare": 1
      }
    },
    {
      "card_name": "Superheavy Samurai Trumpeter",
      "set_number": "SECE-EN008",
      "rarities": [
        "Rare"
      ],
      "count": {
        "Rare": 1
      }
    },
    {
      "card_name": "Superheavy Samurai Soulpiercer",
      "set_number": "SECE-EN009",
      "rarities": [
        "Common"
      ],
      "count": {
        "Common": 1
      }
    },
    {
      "card_name": "Superheavy Samurai Soulbeads",
      "set_number": "SECE-EN010",
      "rarities": [
        "Common"
      ],
      "count": {
        "Common": 1
      }
    },
    {
      "card_name": "Raidraptor - Vanishing Lanius",
      "set_number": "SECE-EN011",
      "rarities": [
        "Rare"
      ],
      "count": {
        "Rare": 1
      }
    },
    {
      "card_name": "Gem-Knight Lapis",
      "set_number": "SECE-EN012",
      "rarities": [
        "Common"
      ],
      "count": {
        "Common": 1
      }
    },
    {
      "card_name": "Infernoid Antra",
      "set_number": "SECE-EN013",
      "rarities": [
        "Rare"
      ],
      "count": {
        "Rare": 1
      }
    },
    {
      "card_name": "Infernoid Harmadik",
      "set_number": "SECE-EN014",
      "rarities": [
        "Rare"
      ],
      "count": {
        "Rare": 1
      }
    },
    {
      "card_name": "Infernoid Patrulea",
      "set_number": "SECE-EN015",
      "rarities": [
        "Common"
      ],
      "count": {
        "Common": 1
      }
    },
    {
      "card_name": "Infernoid Piaty",
      "set_number": "SECE-EN016",
      "rarities": [
        "Common"
      ],
      "count": {
        "Common": 1
      }
    },
    {
      "card_name": "Infernoid Seitsemas",
      "set_number": "SECE-EN017",
      "rarities": [
        "Common"
      ],
      "count": {
        "Common": 1
      }
    },
    {
      "card_name": "Infernoid Attondel",
      "set_number": "SECE-EN018",
      "rarities": [
        "Common"
      ],
      "count": {
        "Common": 1
      }
    },
    {
      "card_name": "Infernoid Onuncu",
      "set_number": "SECE-EN019",
      "rarities": [
        "Secret Rare",
        "Ultimate Rare",
        "Ultra Rare"
      ],
      "count": {
        "Secret Rare": 1,
        "Ultimate Rare": 1,
        "Ultra Rare": 1
      }
    },
    {
      "card_name": "Qliphort Monolith",
      "set_number": "SECE-EN020",
      "rarities": [
        "Rare"
      ],
      "count": {
        "Rare": 1
      }
    },
    {
      "card_name": "Qliphort Cephalopod",
      "set_number": "SECE-EN021",
      "rarities": [
        "Common"
      ],
      "count": {
        "Common": 1
      }
    },
    {
      "card_name": "Qliphort Stealth",
      "set_number": "SECE-EN022",
      "rarities": [
        "Common"
      ],
      "count": {
        "Common": 1
      }
    },
    {
      "card_name": "Apoqliphort Skybase",
      "set_number": "SECE-EN023",
      "rarities": [
        "Secret Rare",
        "Super Rare"
      ],
      "count": {
        "Secret Rare": 1,
        "Super Rare": 1
      }
    },
    {
      "card_name": "Satellarknight Capella",
      "set_number": "SECE-EN024",
      "rarities": [
        "Common"
      ],
      "count": {
        "Common": 1
      }
    },
    {
      "card_name": "Satellarknight Rigel",
      "set_number": "SECE-EN025",
      "rarities": [
        "Common"
      ],
      "count": {
        "Common": 1
      }
    },
    {
      "card_name": "Yosenju Magat",
      "set_number": "SECE-EN026",
      "rarities": [
        "Common"
      ],
      "count": {
        "Common": 1
      }
    },
    {
      "card_name": "Yosenju Tsujik",
      "set_number": "SECE-EN027",
      "rarities": [
        "Common"
      ],
      "count": {
        "Common": 1
      }
    },
    {
      "card_name": "Dance Princess of the Nekroz",
      "set_number": "SECE-EN028",
      "rarities": [
        "Common"
      ],
      "count": {
        "Common": 1
      }
    },
    {
      "card_name": "Spiritual Beast Rampengu",
      "set_number": "SECE-EN029",
      "rarities": [
        "Common"
      ],
      "count": {
        "Common": 1
      }
    },
    {
      "card_name": "Morphtronic Smartfon",
      "set_number": "SECE-EN030",
      "rarities": [
        "Common"
      ],
      "count": {
        "Common": 1
      }
    },
    {
      "card_name": "Jinzo - Jector",
      "set_number": "SECE-EN031",
      "rarities": [
        "Common"
      ],
      "count": {
        "Common": 1
      }
    },
    {
      "card_name": "Skilled Blue Magician",
      "set_number": "SECE-EN032",
      "rarities": [
        "Common"
      ],
      "count": {
        "Common": 1
      }
    },
    {
      "card_name": "Koa'ki Meiru Overload",
      "set_number": "SECE-EN033",
      "rarities": [
        "Rare"
      ],
      "count": {
        "Rare": 1
      }
    },
    {
      "card_name": "Jigabyte",
      "set_number": "SECE-EN034",
      "rarities": [
        "Common"
      ],
      "count": {
        "Common": 1
      }
    },
    {
      "card_name": "Caius the Mega Monarch",
      "set_number": "SECE-EN035",
      "rarities": [
        "Secret Rare",
        "Super Rare"
      ],
      "count": {
        "Secret Rare": 1,
        "Super Rare": 1
      }
    },
    {
      "card_name": "Thunderclap Skywolf",
      "set_number": "SECE-EN036",
      "rarities": [
        "Secret Rare",
        "Super Rare"
      ],
      "count": {
        "Secret Rare": 1,
        "Super Rare": 1
      }
    },
    {
      "card_name": "Lightning Rod Lord",
      "set_number": "SECE-EN037",
      "rarities": [
        "Common"
      ],
      "count": {
        "Common": 1
      }
    },
    {
      "card_name": "Dragon Dowser",
      "set_number": "SECE-EN038",
      "rarities": [
        "Common"
      ],
      "count": {
        "Common": 1
      }
    },
    {
      "card_name": "Frontline Observer",
      "set_number": "SECE-EN039",
      "rarities": [
        "Common"
      ],
      "count": {
        "Common": 1
      }
    },
    {
      "card_name": "Uni-Zombie",
      "set_number": "SECE-EN040",
      "rarities": [
        "Rare"
      ],
      "count": {
        "Rare": 1
      }
    },
    {
      "card_name": "Deskbot 003",
      "set_number": "SECE-EN041",
      "rarities": [
        "Common"
      ],
      "count": {
        "Common": 1
      }
    },
    {
      "card_name": "Legendary Maju Garzett",
      "set_number": "SECE-EN042",
      "rarities": [
        "Normal Rare"
      ],
      "count": {
        "Normal Rare": 1
      }
    },
    {
      "card_name": "Marmiting Captain",
      "set_number": "SECE-EN043",
      "rarities": [
        "Normal Rare"
      ],
      "count": {
        "Normal Rare": 1
      }
    },
    {
      "card_name": "Nekroz of Gungnir",
      "set_number": "SECE-EN044",
      "rarities": [
        "Secret Rare",
        "Ultimate Rare",
        "Ultra Rare"
      ],
      "count": {
        "Secret Rare": 1,
        "Ultimate Rare": 1,
        "Ultra Rare": 1
      }
    },
    {
      "card_name": "Rune-Eyes Pendulum Dragon",
      "set_number": "SECE-EN045",
      "rarities": [
        "Secret Rare",
        "Holographic Rare",
        "Ultimate Rare",
        "Ultra Rare"
      ],
      "count": {
        "Secret Rare": 1,
        "Holographic Rare": 1,
        "Ultimate Rare": 1,
        "Ultra Rare": 1
      }
    },
    {
      "card_name": "Gem-Knight Lady Lapis Lazuli",
      "set_number": "SECE-EN046",
      "rarities": [
        "Rare"
      ],
      "count": {
        "Rare": 1
      }
    },
    {
      "card_name": "El Shaddoll Wendigo",
      "set_number": "SECE-EN047",
      "rarities": [
        "Secret Rare",
        "Super Rare"
      ],
      "count": {
        "Secret Rare": 1,
        "Super Rare": 1
      }
    },
    {
      "card_name": "Superheavy Samurai Warlord Susanowo",
      "set_number": "SECE-EN048",
      "rarities": [
        "Secret Rare",
        "Ultimate Rare",
        "Ultra Rare"
      ],
      "count": {
        "Secret Rare": 1,
        "Ultimate Rare": 1,
        "Ultra Rare": 1
      }
    },
    {
      "card_name": "Metaphys Horus",
      "set_number": "SECE-EN049",
      "rarities": [
        "Secret Rare",
        "Ultimate Rare",
        "Ultra Rare"
      ],
      "count": {
        "Secret Rare": 1,
        "Ultimate Rare": 1,
        "Ultra Rare": 1
      }
    },
    {
      "card_name": "Raidraptor - Rise Falcon",
      "set_number": "SECE-EN050",
      "rarities": [
        "Rare"
      ],
      "count": {
        "Rare": 1
      }
    },
    {
      "card_name": "Stellarknight Constellar Diamond",
      "set_number": "SECE-EN051",
      "rarities": [
        "Secret Rare",
        "Ultimate Rare",
        "Ultra Rare"
      ],
      "count": {
        "Secret Rare": 1,
        "Ultimate Rare": 1,
        "Ultra Rare": 1
      }
    },
    {
      "card_name": "Sky Cavalry Centaurea",
      "set_number": "SECE-EN052",
      "rarities": [
        "Secret Rare",
        "Super Rare"
      ],
      "count": {
        "Secret Rare": 1,
        "Super Rare": 1
      }
    },
    {
      "card_name": "Illusion Balloons",
      "set_number": "SECE-EN053",
      "rarities": [
        "Common"
      ],
      "count": {
        "Common": 1
      }
    },
    {
      "card_name": "Raidraptor - Nest",
      "set_number": "SECE-EN054",
      "rarities": [
        "Rare"
      ],
      "count": {
        "Rare": 1
      }
    },
    {
      "card_name": "Constellar Twinkle",
      "set_number": "SECE-EN055",
      "rarities": [
        "Common"
      ],
      "count": {
        "Common": 1
      }
    },
    {
      "card_name": "Gottoms' Second Call",
      "set_number": "SECE-EN056",
      "rarities": [
        "Common"
      ],
      "count": {
        "Common": 1
      }
    },
    {
      "card_name": "Void Seer",
      "set_number": "SECE-EN057",
      "rarities": [
        "Common"
      ],
      "count": {
        "Common": 1
      }
    },
    {
      "card_name": "Void Expansion",
      "set_number": "SECE-EN058",
      "rarities": [
        "Common"
      ],
      "count": {
        "Common": 1
      }
    },
    {
      "card_name": "Nephe Shaddoll Fusion",
      "set_number": "SECE-EN059",
      "rarities": [
        "Rare"
      ],
      "count": {
        "Rare": 1
      }
    },
    {
      "card_name": "Nekroz Cycle",
      "set_number": "SECE-EN060",
      "rarities": [
        "Rare"
      ],
      "count": {
        "Rare": 1
      }
    },
    {
      "card_name": "Tenacity of the Monarchs",
      "set_number": "SECE-EN061",
      "rarities": [
        "Rare"
      ],
      "count": {
        "Rare": 1
      }
    },
    {
      "card_name": "Dragunity Divine Lance",
      "set_number": "SECE-EN062",
      "rarities": [
        "Common"
      ],
      "count": {
        "Common": 1
      }
    },
    {
      "card_name": "Pot of Riches",
      "set_number": "SECE-EN063",
      "rarities": [
        "Secret Rare",
        "Super Rare"
      ],
      "count": {
        "Secret Rare": 1,
        "Super Rare": 1
      }
    },
    {
      "card_name": "A Wild Monster Appears!",
      "set_number": "SECE-EN064",
      "rarities": [
        "Secret Rare",
        "Super Rare"
      ],
      "count": {
        "Secret Rare": 1,
        "Super Rare": 1
      }
    },
    {
      "card_name": "Pendulum Shift",
      "set_number": "SECE-EN065",
      "rarities": [
        "Common"
      ],
      "count": {
        "Common": 1
      }
    },
    {
      "card_name": "Extra Net",
      "set_number": "SECE-EN066",
      "rarities": [
        "Normal Rare"
      ],
      "count": {
        "Normal Rare": 1
      }
    },
    {
      "card_name": "Performapal Call",
      "set_number": "SECE-EN067",
      "rarities": [
        "Common"
      ],
      "count": {
        "Common": 1
      }
    },
    {
      "card_name": "Wall of Disruption",
      "set_number": "SECE-EN068",
      "rarities": [
        "Common"
      ],
      "count": {
        "Common": 1
      }
    },
    {
      "card_name": "Last Minute Cancel",
      "set_number": "SECE-EN069",
      "rarities": [
        "Common"
      ],
      "count": {
        "Common": 1
      }
    },
    {
      "card_name": "Raidraptor - Readiness",
      "set_number": "SECE-EN070",
      "rarities": [
        "Common"
      ],
      "count": {
        "Common": 1
      }
    },
    {
      "card_name": "Eye of the Void",
      "set_number": "SECE-EN071",
      "rarities": [
        "Common"
      ],
      "count": {
        "Common": 1
      }
    },
    {
      "card_name": "Void Launch",
      "set_number": "SECE-EN072",
      "rarities": [
        "Rare"
      ],
      "count": {
        "Rare": 1
      }
    },
    {
      "card_name": "Re-qliate",
      "set_number": "SECE-EN073",
      "rarities": [
        "Common"
      ],
      "count": {
        "Common": 1
      }
    },
    {
      "card_name": "Ritual Beast Ambush",
      "set_number": "SECE-EN074",
      "rarities": [
        "Rare"
      ],
      "count": {
        "Rare": 1
      }
    },
    {
      "card_name": "Zenmaiday",
      "set_number": "SECE-EN075",
      "rarities": [
        "Common"
      ],
      "count": {
        "Common": 1
      }
    },
    {
      "card_name": "Unpossessed",
      "set_number": "SECE-EN076",
      "rarities": [
        "Common"
      ],
      "count": {
        "Common": 1
      }
    },
    {
      "card_name": "Blaze Accelerator Reload",
      "set_number": "SECE-EN077",
      "rarities": [
        "Common"
      ],
      "count": {
        "Common": 1
      }
    },
    {
      "card_name": "Soul Transition",
      "set_number": "SECE-EN078",
      "rarities": [
        "Secret Rare",
        "Super Rare"
      ],
      "count": {
        "Secret Rare": 1,
        "Super Rare": 1
      }
    },
    {
      "card_name": "Echo Oscillation",
      "set_number": "SECE-EN079",
      "rarities": [
        "Common"
      ],
      "count": {
        "Common": 1
      }
    },
    {
      "card_name": "Double Trap Hole",
      "set_number": "SECE-EN080",
      "rarities": [
        "Normal Rare"
      ],
      "count": {
        "Normal Rare": 1
      }
    },
    {
      "card_name": "Mischief of the Gnomes",
      "set_number": "SECE-EN081",
      "rarities": [
        "Rare"
      ],
      "count": {
        "Rare": 1
      }
    },
    {
      "card_name": "Farfa, Malebranche of the Burning Abyss",
      "set_number": "SECE-EN082",
      "rarities": [
        "Rare"
      ],
      "count": {
        "Rare": 1
      }
    },
    {
      "card_name": "Libic, Malebranche of the Burning Abyss",
      "set_number": "SECE-EN083",
      "rarities": [
        "Common"
      ],
      "count": {
        "Common": 1
      }
    },
    {
      "card_name": "Cagna, Malebranche of the Burning Abyss",
      "set_number": "SECE-EN084",
      "rarities": [
        "Common"
      ],
      "count": {
        "Common": 1
      }
    },
    {
      "card_name": "Malacoda, Netherlord of the Burning Abyss",
      "set_number": "SECE-EN085",
      "rarities": [
        "Common"
      ],
      "count": {
        "Common": 1
      }
    },
    {
      "card_name": "Number 81: Superdreadnought Rail Cannon Super Dora",
      "set_number": "SECE-EN086",
      "rarities": [
        "Secret Rare",
        "Super Rare"
      ],
      "count": {
        "Secret Rare": 1,
        "Super Rare": 1
      }
    },
    {
      "card_name": "Revolving Switchyard",
      "set_number": "SECE-EN087",
      "rarities": [
        "Rare"
      ],
      "count": {
        "Rare": 1
      }
    },
    {
      "card_name": "Symphonic Warrior Guitaar",
      "set_number": "SECE-EN088",
      "rarities": [
        "Common"
      ],
      "count": {
        "Common": 1
      }
    },
    {
      "card_name": "Symphonic Warrior Synthess",
      "set_number": "SECE-EN089",
      "rarities": [
        "Common"
      ],
      "count": {
        "Common": 1
      }
    },
    {
      "card_name": "Symph Amplifire",
      "set_number": "SECE-EN090",
      "rarities": [
        "Common"
      ],
      "count": {
        "Common": 1
      }
    }
  ]
}