{
  "name": "Secrets of Eternity: Super Edition",
  "type": "Special Edition Promo Cards",
  "date": "2015-02-26",
  "distribution": "special_edition_promo_cards",
  "prefix": "SECE",
  "sub_sets": [],
  "load": true,
  "cards": [
    {
      "card_name": "Superheavy Samurai Flutist",
      "set_number": "SECE-ENS01",
      "rarities": [
        "Super Rare"
      ],
      "count": {
        "Super Rare": 1
      }
    },
    {
      "card_name": "Superheavy Samurai Trumpeter",
      "set_number": "SECE-ENS02",
      "rarities": [
        "Super Rare"
      ],
      "count": {
        "Super Rare": 1
      }
    },
    {
      "card_name": "Infernoid Antra",
      "set_number": "SECE-ENS03",
      "rarities": [
        "Super Rare"
      ],
      "count": {
        "Super Rare": 1
      }
    },
    {
      "card_name": "Qliphort Cephalopod",
      "set_number": "SECE-ENS04",
      "rarities": [
        "Super Rare"
      ],
      "count": {
        "Super Rare": 1
      }
    },
    {
      "card_name": "Satellarknight Rigel",
      "set_number": "SECE-ENS05",
      "rarities": [
        "Super Rare"
      ],
      "count": {
        "Super Rare": 1
      }
    },
    {
      "card_name": "Jinzo - Jector",
      "set_number": "SECE-ENS06",
      "rarities": [
        "Super Rare"
      ],
      "count": {
        "Super Rare": 1
      }
    },
    {
      "card_name": "Skilled Blue Magician",
      "set_number": "SECE-ENS07",
      "rarities": [
        "Super Rare"
      ],
      "count": {
        "Super Rare": 1
      }
    },
    {
      "card_name": "Thunderclap Skywolf",
      "set_number": "SECE-ENS08",
      "rarities": [
        "Super Rare"
      ],
      "count": {
        "Super Rare": 1
      }
    },
    {
      "card_name": "Lightning Rod Lord",
      "set_number": "SECE-ENS09",
      "rarities": [
        "Super Rare"
      ],
      "count": {
        "Super Rare": 1
      }
    },
    {
      "card_name": "El Shaddoll Wendigo",
      "set_number": "SECE-ENS10",
      "rarities": [
        "Super Rare"
      ],
      "count": {
        "Super Rare": 1
      }
    },
    {
      "card_name": "Superheavy Samurai Warlord Susanowo",
      "set_number": "SECE-ENS11",
      "rarities": [
        "Super Rare"
      ],
      "count": {
        "Super Rare": 1
      }
    },
    {
      "card_name": "Void Seer",
      "set_number": "SECE-ENS12",
      "rarities": [
        "Super Rare"
      ],
      "count": {
        "Super Rare": 1
      }
    },
    {
      "card_name": "Void Launch",
      "set_number": "SECE-ENS13",
      "rarities": [
        "Super Rare"
      ],
      "count": {
        "Super Rare": 1
      }
    },
    {
      "card_name": "Good & Evil in the Burning Abyss",
      "set_number": "SECE-ENS14",
      "rarities": [
        "Super Rare"
      ],
      "count": {
        "Super Rare": 1
      }
    }
  ]
}
