{
  "name": "Shadows in Valhalla",
  "type": "Booster Pack",
  "date": "2018-08-16",
  "distribution": "booster_pack",
  "prefix": "SHVA",
  "sub_sets": [],
  "load": true,
  "cards": [
    {
      "card_name": "Valkyrie Dritte",
      "set_number": "SHVA-EN001",
      "rarities": [
        "Super Rare"
      ],
      "count": {
        "Super Rare": 1
      }
    },
    {
      "card_name": "Valkyrie Zweite",
      "set_number": "SHVA-EN002",
      "rarities": [
        "Super Rare"
      ],
      "count": {
        "Super Rare": 1
      }
    },
    {
      "card_name": "Valkyrie Erste",
      "set_number": "SHVA-EN003",
      "rarities": [
        "Super Rare"
      ],
      "count": {
        "Super Rare": 1
      }
    },
    {
      "card_name": "Valkyrie Brunhilde",
      "set_number": "SHVA-EN004",
      "rarities": [
        "Secret Rare"
      ],
      "count": {
        "Secret Rare": 1
      }
    },
    {
      "card_name": "Fortune Chariot",
      "set_number": "SHVA-EN005",
      "rarities": [
        "Super Rare"
      ],
      "count": {
        "Super Rare": 1
      }
    },
    {
      "card_name": "Ride of the Valkyries",
      "set_number": "SHVA-EN006",
      "rarities": [
        "Secret Rare"
      ],
      "count": {
        "Secret Rare": 1
      }
    },
    {
      "card_name": "Mischief of the Time Goddess",
      "set_number": "SHVA-EN007",
      "rarities": [
        "Secret Rare"
      ],
      "count": {
        "Secret Rare": 1
      }
    },
    {
      "card_name": "Goddess Skuld's Oracle",
      "set_number": "SHVA-EN008",
      "rarities": [
        "Super Rare"
      ],
      "count": {
        "Super Rare": 1
      }
    },
    {
      "card_name": "Goddess Verdande's Guidance",
      "set_number": "SHVA-EN009",
      "rarities": [
        "Super Rare"
      ],
      "count": {
        "Super Rare": 1
      }
    },
    {
      "card_name": "Goddess Urd's Verdict",
      "set_number": "SHVA-EN010",
      "rarities": [
        "Super Rare"
      ],
      "count": {
        "Super Rare": 1
      }
    },
    {
      "card_name": "Ninja Grandmaster Saizo",
      "set_number": "SHVA-EN011",
      "rarities": [
        "Secret Rare"
      ],
      "count": {
        "Secret Rare": 1
      }
    },
    {
      "card_name": "Yellow Ninja",
      "set_number": "SHVA-EN012",
      "rarities": [
        "Super Rare"
      ],
      "count": {
        "Super Rare": 1
      }
    },
    {
      "card_name": "Yellow Dragon Ninja",
      "set_number": "SHVA-EN013",
      "rarities": [
        "Secret Rare"
      ],
      "count": {
        "Secret Rare": 1
      }
    },
    {
      "card_name": "Hidden Village of Ninjitsu Arts",
      "set_number": "SHVA-EN014",
      "rarities": [
        "Secret Rare"
      ],
      "count": {
        "Secret Rare": 1
      }
    },
    {
      "card_name": "Ninjitsu Art of Mirage-Transformation",
      "set_number": "SHVA-EN015",
      "rarities": [
        "Secret Rare"
      ],
      "count": {
        "Secret Rare": 1
      }
    },
    {
      "card_name": "Old Entity Chthugua",
      "set_number": "SHVA-EN016",
      "rarities": [
        "Secret Rare"
      ],
      "count": {
        "Secret Rare": 1
      }
    },
    {
      "card_name": "Outer Entity Nyarla",
      "set_number": "SHVA-EN017",
      "rarities": [
        "Secret Rare"
      ],
      "count": {
        "Secret Rare": 1
      }
    },
    {
      "card_name": "Outer Entity Azathot",
      "set_number": "SHVA-EN018",
      "rarities": [
        "Secret Rare"
      ],
      "count": {
        "Secret Rare": 1
      }
    },
    {
      "card_name": "Forbidden Trapezohedron",
      "set_number": "SHVA-EN019",
      "rarities": [
        "Secret Rare"
      ],
      "count": {
        "Secret Rare": 1
      }
    },
    {
      "card_name": "Aleister the Invoker of Madness",
      "set_number": "SHVA-EN020",
      "rarities": [
        "Secret Rare"
      ],
      "count": {
        "Secret Rare": 1
      }
    },
    {
      "card_name": "Strike Ninja",
      "set_number": "SHVA-EN021",
      "rarities": [
        "Super Rare"
      ],
      "count": {
        "Super Rare": 1
      }
    },
    {
      "card_name": "Ninja Grandmaster Hanzo",
      "set_number": "SHVA-EN022",
      "rarities": [
        "Super Rare"
      ],
      "count": {
        "Super Rare": 1
      }
    },
    {
      "card_name": "Upstart Golden Ninja",
      "set_number": "SHVA-EN023",
      "rarities": [
        "Super Rare"
      ],
      "count": {
        "Super Rare": 1
      }
    },
    {
      "card_name": "White Dragon Ninja",
      "set_number": "SHVA-EN024",
      "rarities": [
        "Super Rare"
      ],
      "count": {
        "Super Rare": 1
      }
    },
    {
      "card_name": "Red Dragon Ninja",
      "set_number": "SHVA-EN025",
      "rarities": [
        "Super Rare"
      ],
      "count": {
        "Super Rare": 1
      }
    },
    {
      "card_name": "Twilight Ninja Jogen",
      "set_number": "SHVA-EN026",
      "rarities": [
        "Super Rare"
      ],
      "count": {
        "Super Rare": 1
      }
    },
    {
      "card_name": "Armor Ninjitsu Art of Alchemy",
      "set_number": "SHVA-EN027",
      "rarities": [
        "Super Rare"
      ],
      "count": {
        "Super Rare": 1
      }
    },
    {
      "card_name": "Ninjitsu Art of Transformation",
      "set_number": "SHVA-EN028",
      "rarities": [
        "Super Rare"
      ],
      "count": {
        "Super Rare": 1
      }
    },
    {
      "card_name": "Ninjitsu Art of Super-Transformation",
      "set_number": "SHVA-EN029",
      "rarities": [
        "Super Rare"
      ],
      "count": {
        "Super Rare": 1
      }
    },
    {
      "card_name": "Armor Ninjitsu Art of Rust Mist",
      "set_number": "SHVA-EN030",
      "rarities": [
        "Super Rare"
      ],
      "count": {
        "Super Rare": 1
      }
    },
    {
      "card_name": "Elemental HERO Neos",
      "set_number": "SHVA-EN031",
      "rarities": [
        "Super Rare"
      ],
      "count": {
        "Super Rare": 1
      }
    },
    {
      "card_name": "Neo-Spacian Glow Moss",
      "set_number": "SHVA-EN032",
      "rarities": [
        "Super Rare"
      ],
      "count": {
        "Super Rare": 1
      }
    },
    {
      "card_name": "Neo-Spacian Flare Scarab",
      "set_number": "SHVA-EN033",
      "rarities": [
        "Super Rare"
      ],
      "count": {
        "Super Rare": 1
      }
    },
    {
      "card_name": "Elemental HERO Magma Neos",
      "set_number": "SHVA-EN034",
      "rarities": [
        "Super Rare"
      ],
      "count": {
        "Super Rare": 1
      }
    },
    {
      "card_name": "Elemental HERO Chaos Neos",
      "set_number": "SHVA-EN035",
      "rarities": [
        "Super Rare"
      ],
      "count": {
        "Super Rare": 1
      }
    },
    {
      "card_name": "Vision HERO Trinity",
      "set_number": "SHVA-EN036",
      "rarities": [
        "Super Rare"
      ],
      "count": {
        "Super Rare": 1
      }
    },
    {
      "card_name": "Mermail Abyssmegalo",
      "set_number": "SHVA-EN037",
      "rarities": [
        "Super Rare"
      ],
      "count": {
        "Super Rare": 1
      }
    },
    {
      "card_name": "Mermail Abyssleed",
      "set_number": "SHVA-EN038",
      "rarities": [
        "Super Rare"
      ],
      "count": {
        "Super Rare": 1
      }
    },
    {
      "card_name": "Mermail Abyssteus",
      "set_number": "SHVA-EN039",
      "rarities": [
        "Super Rare"
      ],
      "count": {
        "Super Rare": 1
      }
    },
    {
      "card_name": "Aleister the Invoker",
      "set_number": "SHVA-EN040",
      "rarities": [
        "Secret Rare"
      ],
      "count": {
        "Secret Rare": 1
      }
    },
    {
      "card_name": "Invoked Mechaba",
      "set_number": "SHVA-EN041",
      "rarities": [
        "Super Rare"
      ],
      "count": {
        "Super Rare": 1
      }
    },
    {
      "card_name": "Magical Meltdown",
      "set_number": "SHVA-EN042",
      "rarities": [
        "Super Rare"
      ],
      "count": {
        "Super Rare": 1
      }
    },
    {
      "card_name": "Invocation",
      "set_number": "SHVA-EN043",
      "rarities": [
        "Super Rare"
      ],
      "count": {
        "Super Rare": 1
      }
    },
    {
      "card_name": "Omega Summon",
      "set_number": "SHVA-EN044",
      "rarities": [
        "Super Rare"
      ],
      "count": {
        "Super Rare": 1
      }
    },
    {
      "card_name": "Mist Valley Apex Avian",
      "set_number": "SHVA-EN045",
      "rarities": [
        "Super Rare"
      ],
      "count": {
        "Super Rare": 1
      }
    },
    {
      "card_name": "Windwitch - Ice Bell",
      "set_number": "SHVA-EN046",
      "rarities": [
        "Secret Rare"
      ],
      "count": {
        "Secret Rare": 1
      }
    },
    {
      "card_name": "Ash Blossom & Joyous Spring",
      "set_number": "SHVA-EN047",
      "rarities": [
        "Super Rare"
      ],
      "count": {
        "Super Rare": 1
      }
    },
    {
      "card_name": "Gem-Knight Seraphinite",
      "set_number": "SHVA-EN048",
      "rarities": [
        "Secret Rare"
      ],
      "count": {
        "Secret Rare": 1
      }
    },
    {
      "card_name": "El Shaddoll Winda",
      "set_number": "SHVA-EN049",
      "rarities": [
        "Secret Rare"
      ],
      "count": {
        "Secret Rare": 1
      }
    },
    {
      "card_name": "Dragunity Knight - Vajrayana",
      "set_number": "SHVA-EN050",
      "rarities": [
        "Secret Rare"
      ],
      "count": {
        "Secret Rare": 1
      }
    },
    {
      "card_name": "Hi-Speedroid Chanbara",
      "set_number": "SHVA-EN051",
      "rarities": [
        "Super Rare"
      ],
      "count": {
        "Super Rare": 1
      }
    },
    {
      "card_name": "Akashic Magician",
      "set_number": "SHVA-EN052",
      "rarities": [
        "Super Rare"
      ],
      "count": {
        "Super Rare": 1
      }
    },
    {
      "card_name": "Cyberdark Impact!",
      "set_number": "SHVA-EN053",
      "rarities": [
        "Super Rare"
      ],
      "count": {
        "Super Rare": 1
      }
    },
    {
      "card_name": "Golden Bamboo Sword",
      "set_number": "SHVA-EN054",
      "rarities": [
        "Super Rare"
      ],
      "count": {
        "Super Rare": 1
      }
    },
    {
      "card_name": "Magic Planter",
      "set_number": "SHVA-EN055",
      "rarities": [
        "Super Rare"
      ],
      "count": {
        "Super Rare": 1
      }
    },
    {
      "card_name": "Advanced Dark",
      "set_number": "SHVA-EN056",
      "rarities": [
        "Super Rare"
      ],
      "count": {
        "Super Rare": 1
      }
    },
    {
      "card_name": "Shaddoll Fusion",
      "set_number": "SHVA-EN057",
      "rarities": [
        "Secret Rare"
      ],
      "count": {
        "Secret Rare": 1
      }
    },
    {
      "card_name": "Gateway to Chaos",
      "set_number": "SHVA-EN058",
      "rarities": [
        "Secret Rare"
      ],
      "count": {
        "Secret Rare": 1
      }
    },
    {
      "card_name": "Twin Twisters",
      "set_number": "SHVA-EN059",
      "rarities": [
        "Secret Rare"
      ],
      "count": {
        "Secret Rare": 1
      }
    },
    {
      "card_name": "Urgent Ritual Art",
      "set_number": "SHVA-EN060",
      "rarities": [
        "Super Rare"
      ],
      "count": {
        "Super Rare": 1
      }
    }
  ]
}
