{
  "name": "Shining Victories",
  "type": "Booster Pack",
  "date": "2016-01-09",
  "distribution": "booster_pack",
  "prefix": "SHVI",
  "sub_sets": [],
  "load": true,
  "cards": [
    {
      "card_name": "Angel Trumpeter",
      "set_number": "SHVI-EN001",
      "rarities": [
        "Short Print"
      ],
      "count": {
        "Short Print": 1
      }
    },
    {
      "card_name": "Performapal Sellshell Crab",
      "set_number": "SHVI-EN002",
      "rarities": [
        "Common"
      ],
      "count": {
        "Common": 1
      }
    },
    {
      "card_name": "Performapal Odd-Eyes Light Phoenix",
      "set_number": "SHVI-EN003",
      "rarities": [
        "Rare"
      ],
      "count": {
        "Rare": 1
      }
    },
    {
      "card_name": "Performapal Odd-Eyes Unicorn",
      "set_number": "SHVI-EN004",
      "rarities": [
        "Rare"
      ],
      "count": {
        "Rare": 1
      }
    },
    {
      "card_name": "Performapal Fireflux",
      "set_number": "SHVI-EN005",
      "rarities": [
        "Common"
      ],
      "count": {
        "Common": 1
      }
    },
    {
      "card_name": "Speedroid Den-Den Daiko Duke",
      "set_number": "SHVI-EN006",
      "rarities": [
        "Rare"
      ],
      "count": {
        "Rare": 1
      }
    },
    {
      "card_name": "Speedroid Pachingo-Kart",
      "set_number": "SHVI-EN007",
      "rarities": [
        "Rare"
      ],
      "count": {
        "Rare": 1
      }
    },
    {
      "card_name": "Lunalight Blue Cat",
      "set_number": "SHVI-EN008",
      "rarities": [
        "Rare"
      ],
      "count": {
        "Rare": 1
      }
    },
    {
      "card_name": "Lunalight Purple Butterfly",
      "set_number": "SHVI-EN009",
      "rarities": [
        "Common"
      ],
      "count": {
        "Common": 1
      }
    },
    {
      "card_name": "Lunalight White Rabbit",
      "set_number": "SHVI-EN010",
      "rarities": [
        "Common"
      ],
      "count": {
        "Common": 1
      }
    },
    {
      "card_name": "Lunalight Black Sheep",
      "set_number": "SHVI-EN011",
      "rarities": [
        "Common"
      ],
      "count": {
        "Common": 1
      }
    },
    {
      "card_name": "Lunalight Wolf",
      "set_number": "SHVI-EN012",
      "rarities": [
        "Common"
      ],
      "count": {
        "Common": 1
      }
    },
    {
      "card_name": "Lunalight Tiger",
      "set_number": "SHVI-EN013",
      "rarities": [
        "Common"
      ],
      "count": {
        "Common": 1
      }
    },
    {
      "card_name": "Raidraptor - Avenge Vulture",
      "set_number": "SHVI-EN014",
      "rarities": [
        "Common"
      ],
      "count": {
        "Common": 1
      }
    },
    {
      "card_name": "Raidraptor - Pain Lanius",
      "set_number": "SHVI-EN015",
      "rarities": [
        "Common"
      ],
      "count": {
        "Common": 1
      }
    },
    {
      "card_name": "Raidraptor - Booster Strix",
      "set_number": "SHVI-EN016",
      "rarities": [
        "Common"
      ],
      "count": {
        "Common": 1
      }
    },
    {
      "card_name": "Blackwing - Decay the Ill Wind",
      "set_number": "SHVI-EN017",
      "rarities": [
        "Common"
      ],
      "count": {
        "Common": 1
      }
    },
    {
      "card_name": "Dragon Spirit of White",
      "set_number": "SHVI-EN018",
      "rarities": [
        "Ultra Rare"
      ],
      "count": {
        "Ultra Rare": 1
      }
    },
    {
      "card_name": "Protector with Eyes of Blue",
      "set_number": "SHVI-EN019",
      "rarities": [
        "Common"
      ],
      "count": {
        "Common": 1
      }
    },
    {
      "card_name": "Sage with Eyes of Blue",
      "set_number": "SHVI-EN020",
      "rarities": [
        "Ultra Rare"
      ],
      "count": {
        "Ultra Rare": 1
      }
    },
    {
      "card_name": "Master with Eyes of Blue",
      "set_number": "SHVI-EN021",
      "rarities": [
        "Common"
      ],
      "count": {
        "Common": 1
      }
    },
    {
      "card_name": "The White Stone of Ancients",
      "set_number": "SHVI-EN022",
      "rarities": [
        "Ultra Rare"
      ],
      "count": {
        "Ultra Rare": 1
      }
    },
    {
      "card_name": "Lector Pendulum, the Dracoverlord",
      "set_number": "SHVI-EN023",
      "rarities": [
        "Ultra Rare"
      ],
      "count": {
        "Ultra Rare": 1
      }
    },
    {
      "card_name": "Amorphage Gluttony",
      "set_number": "SHVI-EN024",
      "rarities": [
        "Rare"
      ],
      "count": {
        "Rare": 1
      }
    },
    {
      "card_name": "Amorphage Lechery",
      "set_number": "SHVI-EN025",
      "rarities": [
        "Ultra Rare"
      ],
      "count": {
        "Ultra Rare": 1
      }
    },
    {
      "card_name": "Amorphage Greed",
      "set_number": "SHVI-EN026",
      "rarities": [
        "Rare"
      ],
      "count": {
        "Rare": 1
      }
    },
    {
      "card_name": "Amorphage Envy",
      "set_number": "SHVI-EN027",
      "rarities": [
        "Rare"
      ],
      "count": {
        "Rare": 1
      }
    },
    {
      "card_name": "Amorphage Wrath",
      "set_number": "SHVI-EN028",
      "rarities": [
        "Common"
      ],
      "count": {
        "Common": 1
      }
    },
    {
      "card_name": "Amorphage Pride",
      "set_number": "SHVI-EN029",
      "rarities": [
        "Common"
      ],
      "count": {
        "Common": 1
      }
    },
    {
      "card_name": "Amorphage Sloth",
      "set_number": "SHVI-EN030",
      "rarities": [
        "Secret Rare"
      ],
      "count": {
        "Secret Rare": 1
      }
    },
    {
      "card_name": "Amorphage Goliath",
      "set_number": "SHVI-EN031",
      "rarities": [
        "Super Rare"
      ],
      "count": {
        "Super Rare": 1
      }
    },
    {
      "card_name": "Dinomist Spinos",
      "set_number": "SHVI-EN032",
      "rarities": [
        "Common"
      ],
      "count": {
        "Common": 1
      }
    },
    {
      "card_name": "Digital Bug Cocoondenser",
      "set_number": "SHVI-EN033",
      "rarities": [
        "Common"
      ],
      "count": {
        "Common": 1
      }
    },
    {
      "card_name": "Digital Bug Centibit",
      "set_number": "SHVI-EN034",
      "rarities": [
        "Common"
      ],
      "count": {
        "Common": 1
      }
    },
    {
      "card_name": "Digital Bug Websolder",
      "set_number": "SHVI-EN035",
      "rarities": [
        "Common"
      ],
      "count": {
        "Common": 1
      }
    },
    {
      "card_name": "Red-Eyes Toon Dragon",
      "set_number": "SHVI-EN036",
      "rarities": [
        "Super Rare"
      ],
      "count": {
        "Super Rare": 1
      }
    },
    {
      "card_name": "Ryu Okami",
      "set_number": "SHVI-EN037",
      "rarities": [
        "Common"
      ],
      "count": {
        "Common": 1
      }
    },
    {
      "card_name": "Tenmataitei",
      "set_number": "SHVI-EN038",
      "rarities": [
        "Rare"
      ],
      "count": {
        "Rare": 1
      }
    },
    {
      "card_name": "Spirit of the Fall Wind",
      "set_number": "SHVI-EN039",
      "rarities": [
        "Rare"
      ],
      "count": {
        "Rare": 1
      }
    },
    {
      "card_name": "Ghost Reaper & Winter Cherries",
      "set_number": "SHVI-EN040",
      "rarities": [
        "Secret Rare"
      ],
      "count": {
        "Secret Rare": 1
      }
    },
    {
      "card_name": "Gendo the Ascetic Monk",
      "set_number": "SHVI-EN041",
      "rarities": [
        "Common"
      ],
      "count": {
        "Common": 1
      }
    },
    {
      "card_name": "Deskbot 009",
      "set_number": "SHVI-EN042",
      "rarities": [
        "Common"
      ],
      "count": {
        "Common": 1
      }
    },
    {
      "card_name": "Dicelops",
      "set_number": "SHVI-EN043",
      "rarities": [
        "Short Print"
      ],
      "count": {
        "Short Print": 1
      }
    },
    {
      "card_name": "Amorphactor Pain, the Imagination Dracoverlord",
      "set_number": "SHVI-EN044",
      "rarities": [
        "Super Rare"
      ],
      "count": {
        "Super Rare": 1
      }
    },
    {
      "card_name": "Bloom Prima the Melodious Choir",
      "set_number": "SHVI-EN045",
      "rarities": [
        "Rare"
      ],
      "count": {
        "Rare": 1
      }
    },
    {
      "card_name": "Lunalight Cat Dancer",
      "set_number": "SHVI-EN046",
      "rarities": [
        "Rare"
      ],
      "count": {
        "Rare": 1
      }
    },
    {
      "card_name": "Lunalight Panther Dancer",
      "set_number": "SHVI-EN047",
      "rarities": [
        "Ultra Rare"
      ],
      "count": {
        "Ultra Rare": 1
      }
    },
    {
      "card_name": "Lunalight Leo Dancer",
      "set_number": "SHVI-EN048",
      "rarities": [
        "Super Rare"
      ],
      "count": {
        "Super Rare": 1
      }
    },
    {
      "card_name": "Crystal Wing Synchro Dragon",
      "set_number": "SHVI-EN049",
      "rarities": [
        "Secret Rare"
      ],
      "count": {
        "Secret Rare": 1
      }
    },
    {
      "card_name": "Hi-Speedroid Puzzle",
      "set_number": "SHVI-EN050",
      "rarities": [
        "Rare"
      ],
      "count": {
        "Rare": 1
      }
    },
    {
      "card_name": "Assault Blackwing - Chidori the Rain Sprinkling",
      "set_number": "SHVI-EN051",
      "rarities": [
        "Super Rare"
      ],
      "count": {
        "Super Rare": 1
      }
    },
    {
      "card_name": "Blue-Eyes Spirit Dragon",
      "set_number": "SHVI-EN052",
      "rarities": [
        "Secret Rare"
      ],
      "count": {
        "Secret Rare": 1
      }
    },
    {
      "card_name": "Raidraptor - Ultimate Falcon",
      "set_number": "SHVI-EN053",
      "rarities": [
        "Super Rare"
      ],
      "count": {
        "Super Rare": 1
      }
    },
    {
      "card_name": "Digital Bug Scaradiator",
      "set_number": "SHVI-EN054",
      "rarities": [
        "Common"
      ],
      "count": {
        "Common": 1
      }
    },
    {
      "card_name": "Digital Bug Corebage",
      "set_number": "SHVI-EN055",
      "rarities": [
        "Rare"
      ],
      "count": {
        "Rare": 1
      }
    },
    {
      "card_name": "Digital Bug Rhinosebus",
      "set_number": "SHVI-EN056",
      "rarities": [
        "Super Rare"
      ],
      "count": {
        "Super Rare": 1
      }
    },
    {
      "card_name": "Fortissimo",
      "set_number": "SHVI-EN057",
      "rarities": [
        "Common"
      ],
      "count": {
        "Common": 1
      }
    },
    {
      "card_name": "Rank-Up-Magic Skip Force",
      "set_number": "SHVI-EN058",
      "rarities": [
        "Rare"
      ],
      "count": {
        "Rare": 1
      }
    },
    {
      "card_name": "Mausoleum of White",
      "set_number": "SHVI-EN059",
      "rarities": [
        "Rare"
      ],
      "count": {
        "Rare": 1
      }
    },
    {
      "card_name": "Beacon of White",
      "set_number": "SHVI-EN060",
      "rarities": [
        "Common"
      ],
      "count": {
        "Common": 1
      }
    },
    {
      "card_name": "Forge of the True Dracos",
      "set_number": "SHVI-EN061",
      "rarities": [
        "Common"
      ],
      "count": {
        "Common": 1
      }
    },
    {
      "card_name": "Amorphous Persona",
      "set_number": "SHVI-EN062",
      "rarities": [
        "Ultra Rare"
      ],
      "count": {
        "Ultra Rare": 1
      }
    },
    {
      "card_name": "Amorphage Infection",
      "set_number": "SHVI-EN063",
      "rarities": [
        "Super Rare"
      ],
      "count": {
        "Super Rare": 1
      }
    },
    {
      "card_name": "Bug Matrix",
      "set_number": "SHVI-EN064",
      "rarities": [
        "Common"
      ],
      "count": {
        "Common": 1
      }
    },
    {
      "card_name": "Pre-Preparation of Rites",
      "set_number": "SHVI-EN065",
      "rarities": [
        "Super Rare"
      ],
      "count": {
        "Super Rare": 1
      }
    },
    {
      "card_name": "Fusion Tag",
      "set_number": "SHVI-EN066",
      "rarities": [
        "Rare"
      ],
      "count": {
        "Rare": 1
      }
    },
    {
      "card_name": "Tuner's High",
      "set_number": "SHVI-EN067",
      "rarities": [
        "Super Rare"
      ],
      "count": {
        "Super Rare": 1
      }
    },
    {
      "card_name": "Deskbot Base",
      "set_number": "SHVI-EN068",
      "rarities": [
        "Common"
      ],
      "count": {
        "Common": 1
      }
    },
    {
      "card_name": "Finite Cards",
      "set_number": "SHVI-EN069",
      "rarities": [
        "Short Print"
      ],
      "count": {
        "Short Print": 1
      }
    },
    {
      "card_name": "Re-dyce-cle",
      "set_number": "SHVI-EN070",
      "rarities": [
        "Common"
      ],
      "count": {
        "Common": 1
      }
    },
    {
      "card_name": "Lunalight Reincarnation Dance",
      "set_number": "SHVI-EN071",
      "rarities": [
        "Common"
      ],
      "count": {
        "Common": 1
      }
    },
    {
      "card_name": "Amorphage Lysis",
      "set_number": "SHVI-EN072",
      "rarities": [
        "Rare"
      ],
      "count": {
        "Rare": 1
      }
    },
    {
      "card_name": "Dinomist Eruption",
      "set_number": "SHVI-EN073",
      "rarities": [
        "Common"
      ],
      "count": {
        "Common": 1
      }
    },
    {
      "card_name": "Bug Emergency",
      "set_number": "SHVI-EN074",
      "rarities": [
        "Common"
      ],
      "count": {
        "Common": 1
      }
    },
    {
      "card_name": "Drowning Mirror Force",
      "set_number": "SHVI-EN075",
      "rarities": [
        "Secret Rare"
      ],
      "count": {
        "Secret Rare": 1
      }
    },
    {
      "card_name": "Wonder Xyz",
      "set_number": "SHVI-EN076",
      "rarities": [
        "Common"
      ],
      "count": {
        "Common": 1
      }
    },
    {
      "card_name": "Rise to Full Height",
      "set_number": "SHVI-EN077",
      "rarities": [
        "Common"
      ],
      "count": {
        "Common": 1
      }
    },
    {
      "card_name": "Bad Aim",
      "set_number": "SHVI-EN078",
      "rarities": [
        "Common"
      ],
      "count": {
        "Common": 1
      }
    },
    {
      "card_name": "Unwavering Bond",
      "set_number": "SHVI-EN079",
      "rarities": [
        "Ultra Rare"
      ],
      "count": {
        "Ultra Rare": 1
      }
    },
    {
      "card_name": "Graceful Tear",
      "set_number": "SHVI-EN080",
      "rarities": [
        "Short Print"
      ],
      "count": {
        "Short Print": 1
      }
    },
    {
      "card_name": "Cattle Call",
      "set_number": "SHVI-EN081",
      "rarities": [
        "Super Rare"
      ],
      "count": {
        "Super Rare": 1
      }
    },
    {
      "card_name": "Kozmo Scaredy Lion",
      "set_number": "SHVI-EN082",
      "rarities": [
        "Super Rare"
      ],
      "count": {
        "Super Rare": 1
      }
    },
    {
      "card_name": "Kozmoll Dark Lady",
      "set_number": "SHVI-EN083",
      "rarities": [
        "Secret Rare"
      ],
      "count": {
        "Secret Rare": 1
      }
    },
    {
      "card_name": "Kozmo Landwalker",
      "set_number": "SHVI-EN084",
      "rarities": [
        "Super Rare"
      ],
      "count": {
        "Super Rare": 1
      }
    },
    {
      "card_name": "Kozmo Dark Planet",
      "set_number": "SHVI-EN085",
      "rarities": [
        "Secret Rare"
      ],
      "count": {
        "Secret Rare": 1
      }
    },
    {
      "card_name": "Kozmourning",
      "set_number": "SHVI-EN086",
      "rarities": [
        "Common"
      ],
      "count": {
        "Common": 1
      }
    },
    {
      "card_name": "Thunder King, the Lightningstrike Kaiju",
      "set_number": "SHVI-EN087",
      "rarities": [
        "Rare"
      ],
      "count": {
        "Rare": 1
      }
    },
    {
      "card_name": "Super Anti-Kaiju War Machine Mecha-Dogoran",
      "set_number": "SHVI-EN088",
      "rarities": [
        "Rare"
      ],
      "count": {
        "Rare": 1
      }
    },
    {
      "card_name": "The Kaiju Files",
      "set_number": "SHVI-EN089",
      "rarities": [
        "Common"
      ],
      "count": {
        "Common": 1
      }
    },
    {
      "card_name": "Cuben",
      "set_number": "SHVI-EN090",
      "rarities": [
        "Common"
      ],
      "count": {
        "Common": 1
      }
    },
    {
      "card_name": "World Carrotweight Champion",
      "set_number": "SHVI-EN091",
      "rarities": [
        "Common"
      ],
      "count": {
        "Common": 1
      }
    },
    {
      "card_name": "Fire King Island",
      "set_number": "SHVI-EN092",
      "rarities": [
        "Common"
      ],
      "count": {
        "Common": 1
      }
    },
    {
      "card_name": "Dwarf Star Dragon Planeter",
      "set_number": "SHVI-EN093",
      "rarities": [
        "Common"
      ],
      "count": {
        "Common": 1
      }
    },
    {
      "card_name": "Geargianchor",
      "set_number": "SHVI-EN094",
      "rarities": [
        "Common"
      ],
      "count": {
        "Common": 1
      }
    },
    {
      "card_name": "Geargia Change",
      "set_number": "SHVI-EN095",
      "rarities": [
        "Common"
      ],
      "count": {
        "Common": 1
      }
    },
    {
      "card_name": "Stardust Sifr Divine Dragon",
      "set_number": "SHVI-EN096",
      "rarities": [
        "Ultra Rare"
      ],
      "count": {
        "Ultra Rare": 1
      }
    },
    {
      "card_name": "Hot Red Dragon Archfiend King Calamity",
      "set_number": "SHVI-EN097",
      "rarities": [
        "Ultra Rare"
      ],
      "count": {
        "Ultra Rare": 1
      }
    },
    {
      "card_name": "Priestess with Eyes of Blue",
      "set_number": "SHVI-EN098",
      "rarities": [
        "Super Rare"
      ],
      "count": {
        "Super Rare": 1
      }
    },
    {
      "card_name": "Blue-Eyes Twin Burst Dragon",
      "set_number": "SHVI-EN099",
      "rarities": [
        "Secret Rare"
      ],
      "count": {
        "Secret Rare": 1
      }
    }
  ]
}
