{
  "name": "Starter Deck: Joey",
  "type": "Starter Deck",
  "date": "2003-03-30",
  "distribution": "",
  "prefix": "SDJ",
  "sub_sets": [],
  "load": false,
  "cards": [
    {
      "card_name": "Red-Eyes B. Dragon",
      "set_number": "SDJ-001",
      "rarities": [
        "Ultra Rare"
      ],
      "count": {
        "Ultra Rare": 1
      }
    },
    {
      "card_name": "Swordsman of Landstar",
      "set_number": "SDJ-002",
      "rarities": [
        "Common"
      ],
      "count": {
        "Common": 1
      }
    },
    {
      "card_name": "Baby Dragon",
      "set_number": "SDJ-003",
      "rarities": [
        "Common"
      ],
      "count": {
        "Common": 1
      }
    },
    {
      "card_name": "Spirit of the Harp",
      "set_number": "SDJ-004",
      "rarities": [
        "Common"
      ],
      "count": {
        "Common": 1
      }
    },
    {
      "card_name": "Island Turtle",
      "set_number": "SDJ-005",
      "rarities": [
        "Common"
      ],
      "count": {
        "Common": 1
      }
    },
    {
      "card_name": "Flame Manipulator",
      "set_number": "SDJ-006",
      "rarities": [
        "Common"
      ],
      "count": {
        "Common": 1
      }
    },
    {
      "card_name": "Masaki the Legendary Swordsman",
      "set_number": "SDJ-007",
      "rarities": [
        "Common"
      ],
      "count": {
        "Common": 1
      }
    },
    {
      "card_name": "7 Colored Fish",
      "set_number": "SDJ-008",
      "rarities": [
        "Common"
      ],
      "count": {
        "Common": 1
      }
    },
    {
      "card_name": "Armored Lizard",
      "set_number": "SDJ-009",
      "rarities": [
        "Common"
      ],
      "count": {
        "Common": 1
      }
    },
    {
      "card_name": "Darkfire Soldier #1",
      "set_number": "SDJ-010",
      "rarities": [
        "Common"
      ],
      "count": {
        "Common": 1
      }
    },
    {
      "card_name": "Gearfried the Iron Knight",
      "set_number": "SDJ-012",
      "rarities": [
        "Common"
      ],
      "count": {
        "Common": 1
      }
    },
    {
      "card_name": "Karate Man",
      "set_number": "SDJ-013",
      "rarities": [
        "Common"
      ],
      "count": {
        "Common": 1
      }
    },
    {
      "card_name": "Milus Radiant",
      "set_number": "SDJ-014",
      "rarities": [
        "Common"
      ],
      "count": {
        "Common": 1
      }
    },
    {
      "card_name": "Time Wizard",
      "set_number": "SDJ-015",
      "rarities": [
        "Common"
      ],
      "count": {
        "Common": 1
      }
    },
    {
      "card_name": "Maha Vailo",
      "set_number": "SDJ-016",
      "rarities": [
        "Common"
      ],
      "count": {
        "Common": 1
      }
    },
    {
      "card_name": "Magician of Faith",
      "set_number": "SDJ-017",
      "rarities": [
        "Common"
      ],
      "count": {
        "Common": 1
      }
    },
    {
      "card_name": "Big Eye",
      "set_number": "SDJ-018",
      "rarities": [
        "Common"
      ],
      "count": {
        "Common": 1
      }
    },
    {
      "card_name": "Sangan",
      "set_number": "SDJ-019",
      "rarities": [
        "Common"
      ],
      "count": {
        "Common": 1
      }
    },
    {
      "card_name": "Princess of Tsurugi",
      "set_number": "SDJ-020",
      "rarities": [
        "Common"
      ],
      "count": {
        "Common": 1
      }
    },
    {
      "card_name": "White Magical Hat",
      "set_number": "SDJ-021",
      "rarities": [
        "Common"
      ],
      "count": {
        "Common": 1
      }
    },
    {
      "card_name": "Penguin Soldier",
      "set_number": "SDJ-022",
      "rarities": [
        "Super Rare"
      ],
      "count": {
        "Super Rare": 1
      }
    },
    {
      "card_name": "Thousand Dragon",
      "set_number": "SDJ-023",
      "rarities": [
        "Common"
      ],
      "count": {
        "Common": 1
      }
    },
    {
      "card_name": "Flame Swordsman",
      "set_number": "SDJ-024",
      "rarities": [
        "Common"
      ],
      "count": {
        "Common": 1
      }
    },
    {
      "card_name": "Malevolent Nuzzler",
      "set_number": "SDJ-025",
      "rarities": [
        "Common"
      ],
      "count": {
        "Common": 1
      }
    },
    {
      "card_name": "Dark Hole",
      "set_number": "SDJ-026",
      "rarities": [
        "Common"
      ],
      "count": {
        "Common": 1
      }
    },
    {
      "card_name": "Dian Keto the Cure Master",
      "set_number": "SDJ-027",
      "rarities": [
        "Common"
      ],
      "count": {
        "Common": 1
      }
    },
    {
      "card_name": "Fissure",
      "set_number": "SDJ-028",
      "rarities": [
        "Common"
      ],
      "count": {
        "Common": 1
      }
    },
    {
      "card_name": "De-Spell",
      "set_number": "SDJ-029",
      "rarities": [
        "Common"
      ],
      "count": {
        "Common": 1
      }
    },
    {
      "card_name": "Change of Heart",
      "set_number": "SDJ-030",
      "rarities": [
        "Common"
      ],
      "count": {
        "Common": 1
      }
    },
    {
      "card_name": "Block Attack",
      "set_number": "SDJ-031",
      "rarities": [
        "Common"
      ],
      "count": {
        "Common": 1
      }
    },
    {
      "card_name": "Giant Trunade",
      "set_number": "SDJ-032",
      "rarities": [
        "Common"
      ],
      "count": {
        "Common": 1
      }
    },
    {
      "card_name": "The Reliable Guardian",
      "set_number": "SDJ-033",
      "rarities": [
        "Common"
      ],
      "count": {
        "Common": 1
      }
    },
    {
      "card_name": "Remove Trap",
      "set_number": "SDJ-034",
      "rarities": [
        "Common"
      ],
      "count": {
        "Common": 1
      }
    },
    {
      "card_name": "Monster Reborn",
      "set_number": "SDJ-035",
      "rarities": [
        "Common"
      ],
      "count": {
        "Common": 1
      }
    },
    {
      "card_name": "Polymerization",
      "set_number": "SDJ-036",
      "rarities": [
        "Common"
      ],
      "count": {
        "Common": 1
      }
    },
    {
      "card_name": "Mountain",
      "set_number": "SDJ-037",
      "rarities": [
        "Common"
      ],
      "count": {
        "Common": 1
      }
    },
    {
      "card_name": "Dragon Treasure",
      "set_number": "SDJ-038",
      "rarities": [
        "Common"
      ],
      "count": {
        "Common": 1
      }
    },
    {
      "card_name": "Eternal Rest",
      "set_number": "SDJ-039",
      "rarities": [
        "Common"
      ],
      "count": {
        "Common": 1
      }
    },
    {
      "card_name": "Shield & Sword",
      "set_number": "SDJ-040",
      "rarities": [
        "Common"
      ],
      "count": {
        "Common": 1
      }
    },
    {
      "card_name": "Scapegoat",
      "set_number": "SDJ-041",
      "rarities": [
        "Super Rare"
      ],
      "count": {
        "Super Rare": 1
      }
    },
    {
      "card_name": "Just Desserts",
      "set_number": "SDJ-042",
      "rarities": [
        "Common"
      ],
      "count": {
        "Common": 1
      }
    },
    {
      "card_name": "Trap Hole",
      "set_number": "SDJ-043",
      "rarities": [
        "Common"
      ],
      "count": {
        "Common": 1
      }
    },
    {
      "card_name": "Reinforcements",
      "set_number": "SDJ-044",
      "rarities": [
        "Common"
      ],
      "count": {
        "Common": 1
      }
    },
    {
      "card_name": "Castle Walls",
      "set_number": "SDJ-045",
      "rarities": [
        "Common"
      ],
      "count": {
        "Common": 1
      }
    },
    {
      "card_name": "Waboku",
      "set_number": "SDJ-046",
      "rarities": [
        "Common"
      ],
      "count": {
        "Common": 1
      }
    },
    {
      "card_name": "Ultimate Offering",
      "set_number": "SDJ-047",
      "rarities": [
        "Common"
      ],
      "count": {
        "Common": 1
      }
    },
    {
      "card_name": "Seven Tools of the Bandit",
      "set_number": "SDJ-048",
      "rarities": [
        "Common"
      ],
      "count": {
        "Common": 1
      }
    },
    {
      "card_name": "Fake Trap",
      "set_number": "SDJ-049",
      "rarities": [
        "Common"
      ],
      "count": {
        "Common": 1
      }
    },
    {
      "card_name": "Reverse Trap",
      "set_number": "SDJ-050",
      "rarities": [
        "Common"
      ],
      "count": {
        "Common": 1
      }
    }
  ]
}