{
  "name": "Star Pack 2013",
  "type": "Star Pack",
  "date": "2013-02-28",
  "distribution": "star_pack",
  "prefix": "SP13",
  "sub_sets": [],
  "load": false,
  "cards": [
    {
      "card_name": "Zubaba Knight",
      "set_number": "SP13-EN001",
      "rarities": [
        "Starfoil Rare",
        "Common"
      ],
      "count": {
        "Starfoil Rare": 1,
        "Common": 1
      }
    },
    {
      "card_name": "Gagaga Magician",
      "set_number": "SP13-EN002",
      "rarities": [
        "Starfoil Rare",
        "Common"
      ],
      "count": {
        "Starfoil Rare": 1,
        "Common": 1
      }
    },
    {
      "card_name": "Gogogo Golem",
      "set_number": "SP13-EN003",
      "rarities": [
        "Starfoil Rare",
        "Common"
      ],
      "count": {
        "Starfoil Rare": 1,
        "Common": 1
      }
    },
    {
      "card_name": "Achacha Archer",
      "set_number": "SP13-EN004",
      "rarities": [
        "Starfoil Rare",
        "Common"
      ],
      "count": {
        "Starfoil Rare": 1,
        "Common": 1
      }
    },
    {
      "card_name": "Goblindbergh",
      "set_number": "SP13-EN005",
      "rarities": [
        "Starfoil Rare",
        "Common"
      ],
      "count": {
        "Starfoil Rare": 1,
        "Common": 1
      }
    },
    {
      "card_name": "Big Jaws",
      "set_number": "SP13-EN006",
      "rarities": [
        "Starfoil Rare",
        "Common"
      ],
      "count": {
        "Starfoil Rare": 1,
        "Common": 1
      }
    },
    {
      "card_name": "Skull Kraken",
      "set_number": "SP13-EN007",
      "rarities": [
        "Starfoil Rare",
        "Common"
      ],
      "count": {
        "Starfoil Rare": 1,
        "Common": 1
      }
    },
    {
      "card_name": "Galaxy-Eyes Photon Dragon",
      "set_number": "SP13-EN008",
      "rarities": [
        "Starfoil Rare",
        "Common"
      ],
      "count": {
        "Starfoil Rare": 1,
        "Common": 1
      }
    },
    {
      "card_name": "Kagetokage",
      "set_number": "SP13-EN009",
      "rarities": [
        "Starfoil Rare",
        "Common"
      ],
      "count": {
        "Starfoil Rare": 1,
        "Common": 1
      }
    },
    {
      "card_name": "Friller Rabca",
      "set_number": "SP13-EN010",
      "rarities": [
        "Starfoil Rare",
        "Common"
      ],
      "count": {
        "Starfoil Rare": 1,
        "Common": 1
      }
    },
    {
      "card_name": "Needle Sunfish",
      "set_number": "SP13-EN011",
      "rarities": [
        "Starfoil Rare",
        "Common"
      ],
      "count": {
        "Starfoil Rare": 1,
        "Common": 1
      }
    },
    {
      "card_name": "Photon Cerberus",
      "set_number": "SP13-EN012",
      "rarities": [
        "Starfoil Rare",
        "Common"
      ],
      "count": {
        "Starfoil Rare": 1,
        "Common": 1
      }
    },
    {
      "card_name": "Kurivolt",
      "set_number": "SP13-EN013",
      "rarities": [
        "Starfoil Rare",
        "Common"
      ],
      "count": {
        "Starfoil Rare": 1,
        "Common": 1
      }
    },
    {
      "card_name": "Darklon",
      "set_number": "SP13-EN014",
      "rarities": [
        "Starfoil Rare",
        "Common"
      ],
      "count": {
        "Starfoil Rare": 1,
        "Common": 1
      }
    },
    {
      "card_name": "Flame Armor Ninja",
      "set_number": "SP13-EN015",
      "rarities": [
        "Starfoil Rare",
        "Common"
      ],
      "count": {
        "Starfoil Rare": 1,
        "Common": 1
      }
    },
    {
      "card_name": "Air Armor Ninja",
      "set_number": "SP13-EN016",
      "rarities": [
        "Starfoil Rare",
        "Common"
      ],
      "count": {
        "Starfoil Rare": 1,
        "Common": 1
      }
    },
    {
      "card_name": "Aqua Armor Ninja",
      "set_number": "SP13-EN017",
      "rarities": [
        "Starfoil Rare",
        "Common"
      ],
      "count": {
        "Starfoil Rare": 1,
        "Common": 1
      }
    },
    {
      "card_name": "Earth Armor Ninja",
      "set_number": "SP13-EN018",
      "rarities": [
        "Starfoil Rare",
        "Common"
      ],
      "count": {
        "Starfoil Rare": 1,
        "Common": 1
      }
    },
    {
      "card_name": "Flelf",
      "set_number": "SP13-EN019",
      "rarities": [
        "Starfoil Rare",
        "Common"
      ],
      "count": {
        "Starfoil Rare": 1,
        "Common": 1
      }
    },
    {
      "card_name": "Chewbone",
      "set_number": "SP13-EN020",
      "rarities": [
        "Starfoil Rare",
        "Common"
      ],
      "count": {
        "Starfoil Rare": 1,
        "Common": 1
      }
    },
    {
      "card_name": "Number 39: Utopia",
      "set_number": "SP13-EN021",
      "rarities": [
        "Starfoil Rare",
        "Common"
      ],
      "count": {
        "Starfoil Rare": 1,
        "Common": 1
      }
    },
    {
      "card_name": "Grenosaurus",
      "set_number": "SP13-EN022",
      "rarities": [
        "Starfoil Rare",
        "Common"
      ],
      "count": {
        "Starfoil Rare": 1,
        "Common": 1
      }
    },
    {
      "card_name": "Number 17: Leviathan Dragon",
      "set_number": "SP13-EN023",
      "rarities": [
        "Starfoil Rare",
        "Common"
      ],
      "count": {
        "Starfoil Rare": 1,
        "Common": 1
      }
    },
    {
      "card_name": "Submersible Carrier Aero Shark",
      "set_number": "SP13-EN024",
      "rarities": [
        "Starfoil Rare",
        "Common"
      ],
      "count": {
        "Starfoil Rare": 1,
        "Common": 1
      }
    },
    {
      "card_name": "Number 34: Terror-Byte",
      "set_number": "SP13-EN025",
      "rarities": [
        "Starfoil Rare",
        "Common"
      ],
      "count": {
        "Starfoil Rare": 1,
        "Common": 1
      }
    },
    {
      "card_name": "Number 10: Illumiknight",
      "set_number": "SP13-EN026",
      "rarities": [
        "Starfoil Rare",
        "Common"
      ],
      "count": {
        "Starfoil Rare": 1,
        "Common": 1
      }
    },
    {
      "card_name": "Baby Tiragon",
      "set_number": "SP13-EN027",
      "rarities": [
        "Starfoil Rare",
        "Common"
      ],
      "count": {
        "Starfoil Rare": 1,
        "Common": 1
      }
    },
    {
      "card_name": "Number 83: Galaxy Queen",
      "set_number": "SP13-EN028",
      "rarities": [
        "Starfoil Rare",
        "Common"
      ],
      "count": {
        "Starfoil Rare": 1,
        "Common": 1
      }
    },
    {
      "card_name": "Black Ray Lancer",
      "set_number": "SP13-EN029",
      "rarities": [
        "Starfoil Rare",
        "Common"
      ],
      "count": {
        "Starfoil Rare": 1,
        "Common": 1
      }
    },
    {
      "card_name": "Number 12: Crimson Shadow Armor Ninja",
      "set_number": "SP13-EN030",
      "rarities": [
        "Starfoil Rare",
        "Common"
      ],
      "count": {
        "Starfoil Rare": 1,
        "Common": 1
      }
    },
    {
      "card_name": "Number 96: Dark Mist",
      "set_number": "SP13-EN031",
      "rarities": [
        "Starfoil Rare",
        "Common"
      ],
      "count": {
        "Starfoil Rare": 1,
        "Common": 1
      }
    },
    {
      "card_name": "Wonder Wand",
      "set_number": "SP13-EN032",
      "rarities": [
        "Starfoil Rare",
        "Common"
      ],
      "count": {
        "Starfoil Rare": 1,
        "Common": 1
      }
    },
    {
      "card_name": "Infected Mail",
      "set_number": "SP13-EN033",
      "rarities": [
        "Starfoil Rare",
        "Common"
      ],
      "count": {
        "Starfoil Rare": 1,
        "Common": 1
      }
    },
    {
      "card_name": "Ego Boost",
      "set_number": "SP13-EN034",
      "rarities": [
        "Starfoil Rare",
        "Common"
      ],
      "count": {
        "Starfoil Rare": 1,
        "Common": 1
      }
    },
    {
      "card_name": "Monster Slots",
      "set_number": "SP13-EN035",
      "rarities": [
        "Starfoil Rare",
        "Common"
      ],
      "count": {
        "Starfoil Rare": 1,
        "Common": 1
      }
    },
    {
      "card_name": "Heartfelt Appeal",
      "set_number": "SP13-EN036",
      "rarities": [
        "Starfoil Rare",
        "Common"
      ],
      "count": {
        "Starfoil Rare": 1,
        "Common": 1
      }
    },
    {
      "card_name": "Icy Crevasse",
      "set_number": "SP13-EN037",
      "rarities": [
        "Starfoil Rare",
        "Common"
      ],
      "count": {
        "Starfoil Rare": 1,
        "Common": 1
      }
    },
    {
      "card_name": "Nitwit Outwit",
      "set_number": "SP13-EN038",
      "rarities": [
        "Starfoil Rare",
        "Common"
      ],
      "count": {
        "Starfoil Rare": 1,
        "Common": 1
      }
    },
    {
      "card_name": "Faith Bird",
      "set_number": "SP13-EN039",
      "rarities": [
        "Starfoil Rare",
        "Common"
      ],
      "count": {
        "Starfoil Rare": 1,
        "Common": 1
      }
    },
    {
      "card_name": "Gilford the Lightning",
      "set_number": "SP13-EN040",
      "rarities": [
        "Starfoil Rare",
        "Common"
      ],
      "count": {
        "Starfoil Rare": 1,
        "Common": 1
      }
    },
    {
      "card_name": "Gandora the Dragon of Destruction",
      "set_number": "SP13-EN041",
      "rarities": [
        "Starfoil Rare",
        "Common"
      ],
      "count": {
        "Starfoil Rare": 1,
        "Common": 1
      }
    },
    {
      "card_name": "Metalmorph",
      "set_number": "SP13-EN042",
      "rarities": [
        "Starfoil Rare",
        "Common"
      ],
      "count": {
        "Starfoil Rare": 1,
        "Common": 1
      }
    },
    {
      "card_name": "Arcana Force EX - The Dark Ruler",
      "set_number": "SP13-EN043",
      "rarities": [
        "Starfoil Rare",
        "Common"
      ],
      "count": {
        "Starfoil Rare": 1,
        "Common": 1
      }
    },
    {
      "card_name": "Arcana Force EX - The Light Ruler",
      "set_number": "SP13-EN044",
      "rarities": [
        "Starfoil Rare",
        "Common"
      ],
      "count": {
        "Starfoil Rare": 1,
        "Common": 1
      }
    },
    {
      "card_name": "Barbaroid, the Ultimate Battle Machine",
      "set_number": "SP13-EN045",
      "rarities": [
        "Starfoil Rare",
        "Common"
      ],
      "count": {
        "Starfoil Rare": 1,
        "Common": 1
      }
    },
    {
      "card_name": "Elemental HERO Escuridao",
      "set_number": "SP13-EN046",
      "rarities": [
        "Starfoil Rare",
        "Common"
      ],
      "count": {
        "Starfoil Rare": 1,
        "Common": 1
      }
    },
    {
      "card_name": "Meklord Emperor Wisel",
      "set_number": "SP13-EN047",
      "rarities": [
        "Starfoil Rare",
        "Common"
      ],
      "count": {
        "Starfoil Rare": 1,
        "Common": 1
      }
    },
    {
      "card_name": "Seven Swords Warrior",
      "set_number": "SP13-EN048",
      "rarities": [
        "Starfoil Rare",
        "Common"
      ],
      "count": {
        "Starfoil Rare": 1,
        "Common": 1
      }
    },
    {
      "card_name": "Catapult Warrior",
      "set_number": "SP13-EN049",
      "rarities": [
        "Starfoil Rare",
        "Common"
      ],
      "count": {
        "Starfoil Rare": 1,
        "Common": 1
      }
    },
    {
      "card_name": "One for One",
      "set_number": "SP13-EN050",
      "rarities": [
        "Starfoil Rare",
        "Common"
      ],
      "count": {
        "Starfoil Rare": 1,
        "Common": 1
      }
    }
  ]
}