{
  "name": "Starstrike Blast",
  "type": "Booster Pack",
  "date": "2010-07-17",
  "distribution": "booster_pack",
  "prefix": "STBL",
  "sub_sets": [],
  "load": true,
  "cards": [
    {
      "card_name": "Swift Scarecrow",
      "set_number": "STBL-EN001",
      "rarities": [
        "Common"
      ],
      "count": {
        "Common": 1
      }
    },
    {
      "card_name": "Mirror Ladybug",
      "set_number": "STBL-EN002",
      "rarities": [
        "Common"
      ],
      "count": {
        "Common": 1
      }
    },
    {
      "card_name": "Reed Butterfly",
      "set_number": "STBL-EN003",
      "rarities": [
        "Common"
      ],
      "count": {
        "Common": 1
      }
    },
    {
      "card_name": "Needle Soldier",
      "set_number": "STBL-EN004",
      "rarities": [
        "Common"
      ],
      "count": {
        "Common": 1
      }
    },
    {
      "card_name": "Necro Linker",
      "set_number": "STBL-EN005",
      "rarities": [
        "Common"
      ],
      "count": {
        "Common": 1
      }
    },
    {
      "card_name": "Rescue Warrior",
      "set_number": "STBL-EN006",
      "rarities": [
        "Common"
      ],
      "count": {
        "Common": 1
      }
    },
    {
      "card_name": "Power Giant",
      "set_number": "STBL-EN007",
      "rarities": [
        "Super Rare"
      ],
      "count": {
        "Super Rare": 1
      }
    },
    {
      "card_name": "Vice Berserker",
      "set_number": "STBL-EN008",
      "rarities": [
        "Common"
      ],
      "count": {
        "Common": 1
      }
    },
    {
      "card_name": "Lancer Archfiend",
      "set_number": "STBL-EN009",
      "rarities": [
        "Rare"
      ],
      "count": {
        "Rare": 1
      }
    },
    {
      "card_name": "Power Breaker",
      "set_number": "STBL-EN010",
      "rarities": [
        "Super Rare"
      ],
      "count": {
        "Super Rare": 1
      }
    },
    {
      "card_name": "Extra Veiler",
      "set_number": "STBL-EN011",
      "rarities": [
        "Common"
      ],
      "count": {
        "Common": 1
      }
    },
    {
      "card_name": "Synchro Soldier",
      "set_number": "STBL-EN012",
      "rarities": [
        "Common"
      ],
      "count": {
        "Common": 1
      }
    },
    {
      "card_name": "Creation Resonator",
      "set_number": "STBL-EN013",
      "rarities": [
        "Rare"
      ],
      "count": {
        "Rare": 1
      }
    },
    {
      "card_name": "Attack Gainer",
      "set_number": "STBL-EN014",
      "rarities": [
        "Common"
      ],
      "count": {
        "Common": 1
      }
    },
    {
      "card_name": "Blackwing - Etesian of Two Swords",
      "set_number": "STBL-EN015",
      "rarities": [
        "Common"
      ],
      "count": {
        "Common": 1
      }
    },
    {
      "card_name": "Blackwing - Aurora the Northern Lights",
      "set_number": "STBL-EN016",
      "rarities": [
        "Rare"
      ],
      "count": {
        "Rare": 1
      }
    },
    {
      "card_name": "Blackwing - Abrolhos the Megaquake",
      "set_number": "STBL-EN017",
      "rarities": [
        "Rare"
      ],
      "count": {
        "Rare": 1
      }
    },
    {
      "card_name": "Glow-Up Bulb",
      "set_number": "STBL-EN018",
      "rarities": [
        "Common"
      ],
      "count": {
        "Common": 1
      }
    },
    {
      "card_name": "Karakuri Soldier mdl 236 \"Nisamu\"",
      "set_number": "STBL-EN019",
      "rarities": [
        "Common"
      ],
      "count": {
        "Common": 1
      }
    },
    {
      "card_name": "Karakuri Merchant mdl 177 \"Inashichi\"",
      "set_number": "STBL-EN020",
      "rarities": [
        "Rare"
      ],
      "count": {
        "Rare": 1
      }
    },
    {
      "card_name": "Karakuri Strategist mdl 248 \"Nishipachi\"",
      "set_number": "STBL-EN021",
      "rarities": [
        "Common"
      ],
      "count": {
        "Common": 1
      }
    },
    {
      "card_name": "Karakuri Ninja mdl 339 \"Sazank\"",
      "set_number": "STBL-EN022",
      "rarities": [
        "Super Rare"
      ],
      "count": {
        "Super Rare": 1
      }
    },
    {
      "card_name": "Karakuri Bushi mdl 6318 \"Muzanichiha\"",
      "set_number": "STBL-EN023",
      "rarities": [
        "Rare"
      ],
      "count": {
        "Rare": 1
      }
    },
    {
      "card_name": "Scrap Soldier",
      "set_number": "STBL-EN024",
      "rarities": [
        "Rare"
      ],
      "count": {
        "Rare": 1
      }
    },
    {
      "card_name": "Scrap Searcher",
      "set_number": "STBL-EN025",
      "rarities": [
        "Common"
      ],
      "count": {
        "Common": 1
      }
    },
    {
      "card_name": "Wattkiwi",
      "set_number": "STBL-EN026",
      "rarities": [
        "Common"
      ],
      "count": {
        "Common": 1
      }
    },
    {
      "card_name": "Watthopper",
      "set_number": "STBL-EN027",
      "rarities": [
        "Common"
      ],
      "count": {
        "Common": 1
      }
    },
    {
      "card_name": "Wattdragonfly",
      "set_number": "STBL-EN028",
      "rarities": [
        "Common"
      ],
      "count": {
        "Common": 1
      }
    },
    {
      "card_name": "Wattsquirrel",
      "set_number": "STBL-EN029",
      "rarities": [
        "Rare"
      ],
      "count": {
        "Rare": 1
      }
    },
    {
      "card_name": "Naturia Cherries",
      "set_number": "STBL-EN030",
      "rarities": [
        "Rare"
      ],
      "count": {
        "Rare": 1
      }
    },
    {
      "card_name": "Naturia Pumpkin",
      "set_number": "STBL-EN031",
      "rarities": [
        "Common"
      ],
      "count": {
        "Common": 1
      }
    },
    {
      "card_name": "Naturia Stag Beetle",
      "set_number": "STBL-EN032",
      "rarities": [
        "Common"
      ],
      "count": {
        "Common": 1
      }
    },
    {
      "card_name": "Dance Princess of the Ice Barrier",
      "set_number": "STBL-EN033",
      "rarities": [
        "Rare"
      ],
      "count": {
        "Rare": 1
      }
    },
    {
      "card_name": "Chain Dog",
      "set_number": "STBL-EN034",
      "rarities": [
        "Rare"
      ],
      "count": {
        "Rare": 1
      }
    },
    {
      "card_name": "Wightmare",
      "set_number": "STBL-EN035",
      "rarities": [
        "Normal Rare"
      ],
      "count": {
        "Normal Rare": 1
      }
    },
    {
      "card_name": "Anarchist Monk Ranshin",
      "set_number": "STBL-EN036",
      "rarities": [
        "Super Rare"
      ],
      "count": {
        "Super Rare": 1
      }
    },
    {
      "card_name": "Delg the Dark Monarch",
      "set_number": "STBL-EN037",
      "rarities": [
        "Super Rare"
      ],
      "count": {
        "Super Rare": 1
      }
    },
    {
      "card_name": "Supreme Arcanite Magician",
      "set_number": "STBL-EN038",
      "rarities": [
        "Ultimate Rare",
        "Ultra Rare"
      ],
      "count": {
        "Ultimate Rare": 1,
        "Ultra Rare": 1
      }
    },
    {
      "card_name": "Gaia Drake, the Universal Force",
      "set_number": "STBL-EN039",
      "rarities": [
        "Super Rare"
      ],
      "count": {
        "Super Rare": 1
      }
    },
    {
      "card_name": "Shooting Star Dragon",
      "set_number": "STBL-EN040",
      "rarities": [
        "Holographic Rare",
        "Ultimate Rare",
        "Ultra Rare"
      ],
      "count": {
        "Holographic Rare": 1,
        "Ultimate Rare": 1,
        "Ultra Rare": 1
      }
    },
    {
      "card_name": "Formula Synchron",
      "set_number": "STBL-EN041",
      "rarities": [
        "Super Rare"
      ],
      "count": {
        "Super Rare": 1
      }
    },
    {
      "card_name": "Red Nova Dragon",
      "set_number": "STBL-EN042",
      "rarities": [
        "Ultimate Rare",
        "Ultra Rare"
      ],
      "count": {
        "Ultimate Rare": 1,
        "Ultra Rare": 1
      }
    },
    {
      "card_name": "Karakuri Shogun mdl 00 \"Burei\"",
      "set_number": "STBL-EN043",
      "rarities": [
        "Ultimate Rare",
        "Ultra Rare"
      ],
      "count": {
        "Ultimate Rare": 1,
        "Ultra Rare": 1
      }
    },
    {
      "card_name": "Scrap Twin Dragon",
      "set_number": "STBL-EN044",
      "rarities": [
        "Ultimate Rare",
        "Ultra Rare"
      ],
      "count": {
        "Ultimate Rare": 1,
        "Ultra Rare": 1
      }
    },
    {
      "card_name": "Tuning",
      "set_number": "STBL-EN045",
      "rarities": [
        "Super Rare"
      ],
      "count": {
        "Super Rare": 1
      }
    },
    {
      "card_name": "Karakuri Showdown Castle",
      "set_number": "STBL-EN046",
      "rarities": [
        "Rare"
      ],
      "count": {
        "Rare": 1
      }
    },
    {
      "card_name": "Golden Gearbox",
      "set_number": "STBL-EN047",
      "rarities": [
        "Common"
      ],
      "count": {
        "Common": 1
      }
    },
    {
      "card_name": "Karakuri Anatomy",
      "set_number": "STBL-EN048",
      "rarities": [
        "Common"
      ],
      "count": {
        "Common": 1
      }
    },
    {
      "card_name": "Scrap Lube",
      "set_number": "STBL-EN049",
      "rarities": [
        "Common"
      ],
      "count": {
        "Common": 1
      }
    },
    {
      "card_name": "Wattcastle",
      "set_number": "STBL-EN050",
      "rarities": [
        "Common"
      ],
      "count": {
        "Common": 1
      }
    },
    {
      "card_name": "Wattjustment",
      "set_number": "STBL-EN051",
      "rarities": [
        "Common"
      ],
      "count": {
        "Common": 1
      }
    },
    {
      "card_name": "Barkion's Bark",
      "set_number": "STBL-EN052",
      "rarities": [
        "Common"
      ],
      "count": {
        "Common": 1
      }
    },
    {
      "card_name": "Leodrake's Mane",
      "set_number": "STBL-EN053",
      "rarities": [
        "Common"
      ],
      "count": {
        "Common": 1
      }
    },
    {
      "card_name": "Medallion of the Ice Barrier",
      "set_number": "STBL-EN054",
      "rarities": [
        "Common"
      ],
      "count": {
        "Common": 1
      }
    },
    {
      "card_name": "Mirror of the Ice Barrier",
      "set_number": "STBL-EN055",
      "rarities": [
        "Rare"
      ],
      "count": {
        "Rare": 1
      }
    },
    {
      "card_name": "Koa'ki Ring",
      "set_number": "STBL-EN056",
      "rarities": [
        "Common"
      ],
      "count": {
        "Common": 1
      }
    },
    {
      "card_name": "Darkworld Shackles",
      "set_number": "STBL-EN057",
      "rarities": [
        "Common"
      ],
      "count": {
        "Common": 1
      }
    },
    {
      "card_name": "Axe of Fools",
      "set_number": "STBL-EN058",
      "rarities": [
        "Common"
      ],
      "count": {
        "Common": 1
      }
    },
    {
      "card_name": "Cursed Bill",
      "set_number": "STBL-EN059",
      "rarities": [
        "Common"
      ],
      "count": {
        "Common": 1
      }
    },
    {
      "card_name": "Tokkosho of Ghost Destroying",
      "set_number": "STBL-EN060",
      "rarities": [
        "Rare"
      ],
      "count": {
        "Rare": 1
      }
    },
    {
      "card_name": "Heat Wave",
      "set_number": "STBL-EN061",
      "rarities": [
        "Rare"
      ],
      "count": {
        "Rare": 1
      }
    },
    {
      "card_name": "White Elephant's Gift",
      "set_number": "STBL-EN062",
      "rarities": [
        "Normal Rare"
      ],
      "count": {
        "Normal Rare": 1
      }
    },
    {
      "card_name": "D2 Shield",
      "set_number": "STBL-EN063",
      "rarities": [
        "Common"
      ],
      "count": {
        "Common": 1
      }
    },
    {
      "card_name": "Red Screen",
      "set_number": "STBL-EN064",
      "rarities": [
        "Common"
      ],
      "count": {
        "Common": 1
      }
    },
    {
      "card_name": "Blackback",
      "set_number": "STBL-EN065",
      "rarities": [
        "Rare"
      ],
      "count": {
        "Rare": 1
      }
    },
    {
      "card_name": "Defenders Intersect",
      "set_number": "STBL-EN066",
      "rarities": [
        "Common"
      ],
      "count": {
        "Common": 1
      }
    },
    {
      "card_name": "Gravity Collapse",
      "set_number": "STBL-EN067",
      "rarities": [
        "Rare"
      ],
      "count": {
        "Rare": 1
      }
    },
    {
      "card_name": "Blackwing - Boobytrap",
      "set_number": "STBL-EN068",
      "rarities": [
        "Common"
      ],
      "count": {
        "Common": 1
      }
    },
    {
      "card_name": "Star Siphon",
      "set_number": "STBL-EN069",
      "rarities": [
        "Common"
      ],
      "count": {
        "Common": 1
      }
    },
    {
      "card_name": "Half Counter",
      "set_number": "STBL-EN070",
      "rarities": [
        "Common"
      ],
      "count": {
        "Common": 1
      }
    },
    {
      "card_name": "Karakuri Trick House",
      "set_number": "STBL-EN071",
      "rarities": [
        "Common"
      ],
      "count": {
        "Common": 1
      }
    },
    {
      "card_name": "Karakuri Klock",
      "set_number": "STBL-EN072",
      "rarities": [
        "Common"
      ],
      "count": {
        "Common": 1
      }
    },
    {
      "card_name": "Scrap Crash",
      "set_number": "STBL-EN073",
      "rarities": [
        "Common"
      ],
      "count": {
        "Common": 1
      }
    },
    {
      "card_name": "Wattkeeper",
      "set_number": "STBL-EN074",
      "rarities": [
        "Common"
      ],
      "count": {
        "Common": 1
      }
    },
    {
      "card_name": "Exterio's Fang",
      "set_number": "STBL-EN075",
      "rarities": [
        "Common"
      ],
      "count": {
        "Common": 1
      }
    },
    {
      "card_name": "Vanity's Emptiness",
      "set_number": "STBL-EN076",
      "rarities": [
        "Normal Rare"
      ],
      "count": {
        "Normal Rare": 1
      }
    },
    {
      "card_name": "Different Dimension Ground",
      "set_number": "STBL-EN077",
      "rarities": [
        "Super Rare"
      ],
      "count": {
        "Super Rare": 1
      }
    },
    {
      "card_name": "Powersink Stone",
      "set_number": "STBL-EN078",
      "rarities": [
        "Common"
      ],
      "count": {
        "Common": 1
      }
    },
    {
      "card_name": "Tyrant's Temper",
      "set_number": "STBL-EN079",
      "rarities": [
        "Rare"
      ],
      "count": {
        "Rare": 1
      }
    },
    {
      "card_name": "Darkfall",
      "set_number": "STBL-EN080",
      "rarities": [
        "Normal Rare"
      ],
      "count": {
        "Normal Rare": 1
      }
    }
  ]
}