{
  "name": "Stardust Overdrive: Special Edition",
  "type": "Special Edition Promo Cards",
  "date": "2009-12-10",
  "distribution": "special_edition_promo_cards",
  "prefix": "SOVR",
  "sub_sets": [],
  "load": true,
  "cards": [
    {
      "card_name": "Tempest Magician",
      "set_number": "SOVR-ENSE1",
      "rarities": [
        "Super Rare"
      ],
      "count": {
        "Super Rare": 1
      }
    },
    {
      "card_name": "Charge of the Light Brigade",
      "set_number": "SOVR-ENSE2",
      "rarities": [
        "Super Rare"
      ],
      "count": {
        "Super Rare": 1
      }
    }
  ]
}
