{
  "name": "Star Pack ARC-V",
  "type": "Star Pack",
  "date": "2015-06-12",
  "distribution": "star_pack",
  "prefix": "SP15",
  "sub_sets": [],
  "load": false,
  "cards": [
    {
      "card_name": "Gem-Knight Tourmaline",
      "set_number": "SP15-EN001",
      "rarities": [
        "Shatterfoil Rare",
        "Common"
      ],
      "count": {
        "Shatterfoil Rare": 1,
        "Common": 1
      }
    },
    {
      "card_name": "Swamp Battleguard",
      "set_number": "SP15-EN002",
      "rarities": [
        "Shatterfoil Rare",
        "Common"
      ],
      "count": {
        "Shatterfoil Rare": 1,
        "Common": 1
      }
    },
    {
      "card_name": "Lava Battleguard",
      "set_number": "SP15-EN003",
      "rarities": [
        "Shatterfoil Rare",
        "Common"
      ],
      "count": {
        "Shatterfoil Rare": 1,
        "Common": 1
      }
    },
    {
      "card_name": "Mobius the Frost Monarch",
      "set_number": "SP15-EN004",
      "rarities": [
        "Shatterfoil Rare",
        "Common"
      ],
      "count": {
        "Shatterfoil Rare": 1,
        "Common": 1
      }
    },
    {
      "card_name": "XX-Saber Fulhelmknight",
      "set_number": "SP15-EN005",
      "rarities": [
        "Shatterfoil Rare",
        "Common"
      ],
      "count": {
        "Shatterfoil Rare": 1,
        "Common": 1
      }
    },
    {
      "card_name": "XX-Saber Boggart Knight",
      "set_number": "SP15-EN006",
      "rarities": [
        "Shatterfoil Rare",
        "Common"
      ],
      "count": {
        "Shatterfoil Rare": 1,
        "Common": 1
      }
    },
    {
      "card_name": "Constellar Algiedi",
      "set_number": "SP15-EN007",
      "rarities": [
        "Shatterfoil Rare",
        "Common"
      ],
      "count": {
        "Shatterfoil Rare": 1,
        "Common": 1
      }
    },
    {
      "card_name": "Constellar Kaus",
      "set_number": "SP15-EN008",
      "rarities": [
        "Shatterfoil Rare",
        "Common"
      ],
      "count": {
        "Shatterfoil Rare": 1,
        "Common": 1
      }
    },
    {
      "card_name": "Mobius the Mega Monarch",
      "set_number": "SP15-EN009",
      "rarities": [
        "Shatterfoil Rare",
        "Common"
      ],
      "count": {
        "Shatterfoil Rare": 1,
        "Common": 1
      }
    },
    {
      "card_name": "Stargazer Magician",
      "set_number": "SP15-EN010",
      "rarities": [
        "Shatterfoil Rare",
        "Common"
      ],
      "count": {
        "Shatterfoil Rare": 1,
        "Common": 1
      }
    },
    {
      "card_name": "Timegazer Magician",
      "set_number": "SP15-EN011",
      "rarities": [
        "Shatterfoil Rare",
        "Common"
      ],
      "count": {
        "Shatterfoil Rare": 1,
        "Common": 1
      }
    },
    {
      "card_name": "Odd-Eyes Pendulum Dragon",
      "set_number": "SP15-EN012",
      "rarities": [
        "Shatterfoil Rare"
      ],
      "count": {
        "Shatterfoil Rare": 1
      }
    },
    {
      "card_name": "Performapal Whip Snake",
      "set_number": "SP15-EN013",
      "rarities": [
        "Shatterfoil Rare",
        "Common"
      ],
      "count": {
        "Shatterfoil Rare": 1,
        "Common": 1
      }
    },
    {
      "card_name": "Performapal Sword Fish",
      "set_number": "SP15-EN014",
      "rarities": [
        "Shatterfoil Rare",
        "Common"
      ],
      "count": {
        "Shatterfoil Rare": 1,
        "Common": 1
      }
    },
    {
      "card_name": "Performapal Hip Hippo",
      "set_number": "SP15-EN015",
      "rarities": [
        "Shatterfoil Rare",
        "Common"
      ],
      "count": {
        "Shatterfoil Rare": 1,
        "Common": 1
      }
    },
    {
      "card_name": "Performapal Kaleidoscorp",
      "set_number": "SP15-EN016",
      "rarities": [
        "Shatterfoil Rare",
        "Common"
      ],
      "count": {
        "Shatterfoil Rare": 1,
        "Common": 1
      }
    },
    {
      "card_name": "Superheavy Samurai Big Benkei",
      "set_number": "SP15-EN017",
      "rarities": [
        "Shatterfoil Rare",
        "Common"
      ],
      "count": {
        "Shatterfoil Rare": 1,
        "Common": 1
      }
    },
    {
      "card_name": "Aria the Melodious Diva",
      "set_number": "SP15-EN018",
      "rarities": [
        "Shatterfoil Rare",
        "Common"
      ],
      "count": {
        "Shatterfoil Rare": 1,
        "Common": 1
      }
    },
    {
      "card_name": "Mozarta the Melodious Maestra",
      "set_number": "SP15-EN019",
      "rarities": [
        "Shatterfoil Rare",
        "Common"
      ],
      "count": {
        "Shatterfoil Rare": 1,
        "Common": 1
      }
    },
    {
      "card_name": "Battleguard King",
      "set_number": "SP15-EN020",
      "rarities": [
        "Shatterfoil Rare",
        "Common"
      ],
      "count": {
        "Shatterfoil Rare": 1,
        "Common": 1
      }
    },
    {
      "card_name": "Performapal Trampolynx",
      "set_number": "SP15-EN021",
      "rarities": [
        "Shatterfoil Rare",
        "Common"
      ],
      "count": {
        "Shatterfoil Rare": 1,
        "Common": 1
      }
    },
    {
      "card_name": "Edge Imp Sabres",
      "set_number": "SP15-EN022",
      "rarities": [
        "Shatterfoil Rare",
        "Common"
      ],
      "count": {
        "Shatterfoil Rare": 1,
        "Common": 1
      }
    },
    {
      "card_name": "Fluffal Bear",
      "set_number": "SP15-EN023",
      "rarities": [
        "Shatterfoil Rare",
        "Common"
      ],
      "count": {
        "Shatterfoil Rare": 1,
        "Common": 1
      }
    },
    {
      "card_name": "Performapal Fire Mufflerlion",
      "set_number": "SP15-EN024",
      "rarities": [
        "Shatterfoil Rare",
        "Common"
      ],
      "count": {
        "Shatterfoil Rare": 1,
        "Common": 1
      }
    },
    {
      "card_name": "Performapal Partnaga",
      "set_number": "SP15-EN025",
      "rarities": [
        "Shatterfoil Rare",
        "Common"
      ],
      "count": {
        "Shatterfoil Rare": 1,
        "Common": 1
      }
    },
    {
      "card_name": "Performapal Friendonkey",
      "set_number": "SP15-EN026",
      "rarities": [
        "Shatterfoil Rare",
        "Common"
      ],
      "count": {
        "Shatterfoil Rare": 1,
        "Common": 1
      }
    },
    {
      "card_name": "Performapal Trump Witch",
      "set_number": "SP15-EN027",
      "rarities": [
        "Shatterfoil Rare",
        "Common"
      ],
      "count": {
        "Shatterfoil Rare": 1,
        "Common": 1
      }
    },
    {
      "card_name": "Superheavy Samurai Trumpeter",
      "set_number": "SP15-EN028",
      "rarities": [
        "Shatterfoil Rare",
        "Common"
      ],
      "count": {
        "Shatterfoil Rare": 1,
        "Common": 1
      }
    },
    {
      "card_name": "Raidraptor - Vanishing Lanius",
      "set_number": "SP15-EN029",
      "rarities": [
        "Shatterfoil Rare",
        "Common"
      ],
      "count": {
        "Shatterfoil Rare": 1,
        "Common": 1
      }
    },
    {
      "card_name": "Gem-Knight Master Diamond",
      "set_number": "SP15-EN030",
      "rarities": [
        "Shatterfoil Rare",
        "Common"
      ],
      "count": {
        "Shatterfoil Rare": 1,
        "Common": 1
      }
    },
    {
      "card_name": "Frightfur Bear",
      "set_number": "SP15-EN031",
      "rarities": [
        "Shatterfoil Rare",
        "Common"
      ],
      "count": {
        "Shatterfoil Rare": 1,
        "Common": 1
      }
    },
    {
      "card_name": "Rune-Eyes Pendulum Dragon",
      "set_number": "SP15-EN032",
      "rarities": [
        "Shatterfoil Rare",
        "Common"
      ],
      "count": {
        "Shatterfoil Rare": 1,
        "Common": 1
      }
    },
    {
      "card_name": "X-Saber Souza",
      "set_number": "SP15-EN033",
      "rarities": [
        "Shatterfoil Rare",
        "Common"
      ],
      "count": {
        "Shatterfoil Rare": 1,
        "Common": 1
      }
    },
    {
      "card_name": "Superheavy Samurai Warlord Susanowo",
      "set_number": "SP15-EN034",
      "rarities": [
        "Shatterfoil Rare",
        "Common"
      ],
      "count": {
        "Shatterfoil Rare": 1,
        "Common": 1
      }
    },
    {
      "card_name": "Constellar Pleiades",
      "set_number": "SP15-EN035",
      "rarities": [
        "Shatterfoil Rare",
        "Common"
      ],
      "count": {
        "Shatterfoil Rare": 1,
        "Common": 1
      }
    },
    {
      "card_name": "Dark Rebellion Xyz Dragon",
      "set_number": "SP15-EN036",
      "rarities": [
        "Shatterfoil Rare"
      ],
      "count": {
        "Shatterfoil Rare": 1
      }
    },
    {
      "card_name": "Raidraptor - Rise Falcon",
      "set_number": "SP15-EN037",
      "rarities": [
        "Shatterfoil Rare",
        "Common"
      ],
      "count": {
        "Shatterfoil Rare": 1,
        "Common": 1
      }
    },
    {
      "card_name": "Polymerization",
      "set_number": "SP15-EN038",
      "rarities": [
        "Shatterfoil Rare",
        "Common"
      ],
      "count": {
        "Shatterfoil Rare": 1,
        "Common": 1
      }
    },
    {
      "card_name": "Gem-Knight Fusion",
      "set_number": "SP15-EN039",
      "rarities": [
        "Shatterfoil Rare",
        "Common"
      ],
      "count": {
        "Shatterfoil Rare": 1,
        "Common": 1
      }
    },
    {
      "card_name": "Hippo Carnival",
      "set_number": "SP15-EN040",
      "rarities": [
        "Shatterfoil Rare",
        "Common"
      ],
      "count": {
        "Shatterfoil Rare": 1,
        "Common": 1
      }
    },
    {
      "card_name": "Feast of the Wild LV5",
      "set_number": "SP15-EN041",
      "rarities": [
        "Shatterfoil Rare",
        "Common"
      ],
      "count": {
        "Shatterfoil Rare": 1,
        "Common": 1
      }
    },
    {
      "card_name": "Wonder Balloons",
      "set_number": "SP15-EN042",
      "rarities": [
        "Shatterfoil Rare",
        "Common"
      ],
      "count": {
        "Shatterfoil Rare": 1,
        "Common": 1
      }
    },
    {
      "card_name": "Toy Vendor",
      "set_number": "SP15-EN043",
      "rarities": [
        "Shatterfoil Rare",
        "Common"
      ],
      "count": {
        "Shatterfoil Rare": 1,
        "Common": 1
      }
    },
    {
      "card_name": "Illusion Balloons",
      "set_number": "SP15-EN044",
      "rarities": [
        "Shatterfoil Rare",
        "Common"
      ],
      "count": {
        "Shatterfoil Rare": 1,
        "Common": 1
      }
    },
    {
      "card_name": "Raidraptor - Nest",
      "set_number": "SP15-EN045",
      "rarities": [
        "Shatterfoil Rare",
        "Common"
      ],
      "count": {
        "Shatterfoil Rare": 1,
        "Common": 1
      }
    },
    {
      "card_name": "Command Performance",
      "set_number": "SP15-EN046",
      "rarities": [
        "Shatterfoil Rare",
        "Common"
      ],
      "count": {
        "Shatterfoil Rare": 1,
        "Common": 1
      }
    },
    {
      "card_name": "Performapal Revival",
      "set_number": "SP15-EN047",
      "rarities": [
        "Shatterfoil Rare",
        "Common"
      ],
      "count": {
        "Shatterfoil Rare": 1,
        "Common": 1
      }
    },
    {
      "card_name": "The Phantom Knights of Shadow Veil",
      "set_number": "SP15-EN048",
      "rarities": [
        "Shatterfoil Rare",
        "Common"
      ],
      "count": {
        "Shatterfoil Rare": 1,
        "Common": 1
      }
    },
    {
      "card_name": "Wall of Disruption",
      "set_number": "SP15-EN049",
      "rarities": [
        "Shatterfoil Rare",
        "Common"
      ],
      "count": {
        "Shatterfoil Rare": 1,
        "Common": 1
      }
    },
    {
      "card_name": "Raidraptor - Readiness",
      "set_number": "SP15-EN050",
      "rarities": [
        "Shatterfoil Rare",
        "Common"
      ],
      "count": {
        "Shatterfoil Rare": 1,
        "Common": 1
      }
    }
  ]
}