{
  "name": "Storm of Ragnarok: Special Edition",
  "type": "Special Edition Promo Cards",
  "date": "2011-03-22",
  "distribution": "special_edition_promo_cards",
  "prefix": "STOR",
  "sub_sets": [],
  "load": true,
  "cards": [
    {
      "card_name": "Light and Darkness Dragon",
      "set_number": "STOR-ENSE1",
      "rarities": [
        "Super Rare"
      ],
      "count": {
        "Super Rare": 1
      }
    },
    {
      "card_name": "Hand of the Six Samurai",
      "set_number": "STOR-ENSE2",
      "rarities": [
        "Super Rare"
      ],
      "count": {
        "Super Rare": 1
      }
    }
  ]
}
