{
  "total": 24426,
  "array": [
    {
      "set_weight": 51,
      "set_name": "Premium Pack",
      "cost": 1,
      "max_ammount": 24
    },
    {
      "set_weight": 52,
      "set_name": "Premium Pack 2",
      "cost": 1,
      "max_ammount": 24
    },
    {
      "set_weight": 53,
      "set_name": "Legend of Blue Eyes White Dragon",
      "cost": 1,
      "max_ammount": 24
    },
    {
      "set_weight": 54,
      "set_name": "Pharaoh's Servant",
      "cost": 1,
      "max_ammount": 24
    },
    {
      "set_weight": 55,
      "set_name": "Metal Raiders",
      "cost": 1,
      "max_ammount": 24
    },
    {
      "set_weight": 56,
      "set_name": "Labyrinth of Nightmare",
      "cost": 1,
      "max_ammount": 24
    },
    {
      "set_weight": 57,
      "set_name": "Promotional Pack",
      "cost": 1,
      "max_ammount": 24
    },
    {
      "set_weight": 58,
      "set_name": "Tournament Pack: 1st Season",
      "cost": 1,
      "max_ammount": 24
    },
    {
      "set_weight": 59,
      "set_name": "Spell Ruler",
      "cost": 1,
      "max_ammount": 24
    },
    {
      "set_weight": 60,
      "set_name": "Tournament Pack: 2nd Season",
      "cost": 1,
      "max_ammount": 24
    },
    {
      "set_weight": 61,
      "set_name": "Tournament Pack: 3rd Season",
      "cost": 1,
      "max_ammount": 24
    },
    {
      "set_weight": 62,
      "set_name": "Legacy of Darkness",
      "cost": 1,
      "max_ammount": 24
    },
    {
      "set_weight": 63,
      "set_name": "Pharaonic Guardian",
      "cost": 1,
      "max_ammount": 24
    },
    {
      "set_weight": 64,
      "set_name": "Tournament Pack 4",
      "cost": 1,
      "max_ammount": 24
    },
    {
      "set_weight": 65,
      "set_name": "Magician's Force",
      "cost": 1,
      "max_ammount": 24
    },
    {
      "set_weight": 66,
      "set_name": "Dark Crisis",
      "cost": 1,
      "max_ammount": 24
    },
    {
      "set_weight": 67,
      "set_name": "Invasion of Chaos",
      "cost": 1,
      "max_ammount": 24
    },
    {
      "set_weight": 68,
      "set_name": "Ancient Sanctuary",
      "cost": 1,
      "max_ammount": 24
    },
    {
      "set_weight": 69,
      "set_name": "Soul of the Duelist",
      "cost": 1,
      "max_ammount": 24
    },
    {
      "set_weight": 70,
      "set_name": "Exclusive Pack",
      "cost": 1,
      "max_ammount": 24
    },
    {
      "set_weight": 71,
      "set_name": "Rise of Destiny",
      "cost": 1,
      "max_ammount": 24
    },
    {
      "set_weight": 72,
      "set_name": "Movie Pack",
      "cost": 1,
      "max_ammount": 24
    },
    {
      "set_weight": 73,
      "set_name": "Dark Beginning 1",
      "cost": 1,
      "max_ammount": 24
    },
    {
      "set_weight": 74,
      "set_name": "Tournament Pack 5",
      "cost": 1,
      "max_ammount": 24
    },
    {
      "set_weight": 75,
      "set_name": "Flaming Eternity",
      "cost": 1,
      "max_ammount": 24
    },
    {
      "set_weight": 76,
      "set_name": "The Lost Millennium",
      "cost": 1,
      "max_ammount": 24
    },
    {
      "set_weight": 77,
      "set_name": "Dark Revelation Volume 1",
      "cost": 1,
      "max_ammount": 24
    },
    {
      "set_weight": 78,
      "set_name": "Cybernetic Revolution",
      "cost": 1,
      "max_ammount": 24
    },
    {
      "set_weight": 79,
      "set_name": "Tournament Pack 6",
      "cost": 1,
      "max_ammount": 24
    },
    {
      "set_weight": 80,
      "set_name": "Dark Beginning 2",
      "cost": 1,
      "max_ammount": 24
    },
    {
      "set_weight": 81,
      "set_name": "Elemental Energy",
      "cost": 1,
      "max_ammount": 24
    },
    {
      "set_weight": 82,
      "set_name": "Dark Revelation Volume 2",
      "cost": 1,
      "max_ammount": 24
    },
    {
      "set_weight": 83,
      "set_name": "Tournament Pack 7",
      "cost": 1,
      "max_ammount": 24
    },
    {
      "set_weight": 84,
      "set_name": "Shadow of Infinity",
      "cost": 1,
      "max_ammount": 24
    },
    {
      "set_weight": 85,
      "set_name": "Tournament Pack 8",
      "cost": 1,
      "max_ammount": 24
    },
    {
      "set_weight": 86,
      "set_name": "Enemy of Justice",
      "cost": 1,
      "max_ammount": 24
    },
    {
      "set_weight": 87,
      "set_name": "Power of the Duelist",
      "cost": 1,
      "max_ammount": 24
    },
    {
      "set_weight": 88,
      "set_name": "Champion Pack: Game One",
      "cost": 1,
      "max_ammount": 24
    },
    {
      "set_weight": 89,
      "set_name": "Cyberdark Impact",
      "cost": 1,
      "max_ammount": 24
    },
    {
      "set_weight": 90,
      "set_name": "Dark Revelation Volume 3",
      "cost": 1,
      "max_ammount": 24
    },
    {
      "set_weight": 91,
      "set_name": "Champion Pack: Game Two",
      "cost": 1,
      "max_ammount": 24
    },
    {
      "set_weight": 92,
      "set_name": "Force of the Breaker",
      "cost": 1,
      "max_ammount": 24
    },
    {
      "set_weight": 93,
      "set_name": "Strike of Neos",
      "cost": 1,
      "max_ammount": 24
    },
    {
      "set_weight": 94,
      "set_name": "Champion Pack: Game Three",
      "cost": 1,
      "max_ammount": 24
    },
    {
      "set_weight": 95,
      "set_name": "Gladiator's Assault",
      "cost": 1,
      "max_ammount": 24
    },
    {
      "set_weight": 96,
      "set_name": "Tactical Evolution",
      "cost": 1,
      "max_ammount": 24
    },
    {
      "set_weight": 97,
      "set_name": "Champion Pack: Game Four",
      "cost": 1,
      "max_ammount": 24
    },
    {
      "set_weight": 98,
      "set_name": "Dark Revelation Volume 4",
      "cost": 1,
      "max_ammount": 24
    },
    {
      "set_weight": 99,
      "set_name": "Phantom Darkness",
      "cost": 1,
      "max_ammount": 24
    },
    {
      "set_weight": 100,
      "set_name": "Champion Pack: Game Five",
      "cost": 1,
      "max_ammount": 24
    },
    {
      "set_weight": 101,
      "set_name": "Light of Destruction",
      "cost": 1,
      "max_ammount": 24
    },
    {
      "set_weight": 102,
      "set_name": "Gold Series",
      "cost": 1,
      "max_ammount": 24
    },
    {
      "set_weight": 103,
      "set_name": "The Duelist Genesis",
      "cost": 1,
      "max_ammount": 24
    },
    {
      "set_weight": 104,
      "set_name": "Champion Pack: Game Six",
      "cost": 1,
      "max_ammount": 24
    },
    {
      "set_weight": 105,
      "set_name": "Crossroads of Chaos",
      "cost": 1,
      "max_ammount": 24
    },
    {
      "set_weight": 106,
      "set_name": "Champion Pack: Game Seven",
      "cost": 1,
      "max_ammount": 24
    },
    {
      "set_weight": 107,
      "set_name": "Dark Legends",
      "cost": 1,
      "max_ammount": 24
    },
    {
      "set_weight": 108,
      "set_name": "Champion Pack: Game Eight",
      "cost": 1,
      "max_ammount": 24
    },
    {
      "set_weight": 109,
      "set_name": "Raging Battle",
      "cost": 1,
      "max_ammount": 24
    },
    {
      "set_weight": 110,
      "set_name": "Crimson Crisis",
      "cost": 1,
      "max_ammount": 24
    },
    {
      "set_weight": 111,
      "set_name": "Ancient Prophecy",
      "cost": 1,
      "max_ammount": 24
    },
    {
      "set_weight": 112,
      "set_name": "Gold Series 2009",
      "cost": 1,
      "max_ammount": 24
    },
    {
      "set_weight": 113,
      "set_name": "Stardust Overdrive",
      "cost": 1,
      "max_ammount": 24
    },
    {
      "set_weight": 114,
      "set_name": "Hidden Arsenal",
      "cost": 1,
      "max_ammount": 24
    },
    {
      "set_weight": 115,
      "set_name": "Absolute Powerforce",
      "cost": 1,
      "max_ammount": 24
    },
    {
      "set_weight": 116,
      "set_name": "Duelist Revolution",
      "cost": 1,
      "max_ammount": 24
    },
    {
      "set_weight": 117,
      "set_name": "The Shining Darkness",
      "cost": 1,
      "max_ammount": 24
    },
    {
      "set_weight": 118,
      "set_name": "Gold Series 3",
      "cost": 1,
      "max_ammount": 24
    },
    {
      "set_weight": 119,
      "set_name": "Hidden Arsenal 2",
      "cost": 1,
      "max_ammount": 24
    },
    {
      "set_weight": 120,
      "set_name": "Starstrike Blast",
      "cost": 1,
      "max_ammount": 24
    },
    {
      "set_weight": 121,
      "set_name": "World Championship 2010 Card Pack",
      "cost": 1,
      "max_ammount": 24
    },
    {
      "set_weight": 122,
      "set_name": "Hidden Arsenal 3",
      "cost": 1,
      "max_ammount": 24
    },
    {
      "set_weight": 123,
      "set_name": "Storm of Ragnarok",
      "cost": 1,
      "max_ammount": 24
    },
    {
      "set_weight": 124,
      "set_name": "Extreme Victory",
      "cost": 1,
      "max_ammount": 24
    },
    {
      "set_weight": 125,
      "set_name": "Demo Pack",
      "cost": 1,
      "max_ammount": 24
    },
    {
      "set_weight": 126,
      "set_name": "Yu-Gi-Oh! 3D Bonds Beyond Time Movie Pack",
      "cost": 1,
      "max_ammount": 24
    },
    {
      "set_weight": 127,
      "set_name": "Hidden Arsenal 4: Trishula's Triumph",
      "cost": 1,
      "max_ammount": 24
    },
    {
      "set_weight": 128,
      "set_name": "Gold Series 4: Pyramids Edition",
      "cost": 1,
      "max_ammount": 24
    },
    {
      "set_weight": 129,
      "set_name": "Photon Shockwave",
      "cost": 1,
      "max_ammount": 24
    },
    {
      "set_weight": 130,
      "set_name": "Generation Force",
      "cost": 1,
      "max_ammount": 24
    },
    {
      "set_weight": 131,
      "set_name": "World Championship 2011 Card Pack",
      "cost": 1,
      "max_ammount": 24
    },
    {
      "set_weight": 132,
      "set_name": "Order of Chaos",
      "cost": 1,
      "max_ammount": 24
    },
    {
      "set_weight": 133,
      "set_name": "Hidden Arsenal 5: Steelswarm Invasion",
      "cost": 1,
      "max_ammount": 24
    },
    {
      "set_weight": 134,
      "set_name": "Turbo Pack: Booster Seven",
      "cost": 1,
      "max_ammount": 24
    },
    {
      "set_weight": 135,
      "set_name": "Galactic Overlord",
      "cost": 1,
      "max_ammount": 24
    },
    {
      "set_weight": 136,
      "set_name": "Return of the Duelist",
      "cost": 1,
      "max_ammount": 24
    },
    {
      "set_weight": 137,
      "set_name": "Gold Series: Haunted Mine",
      "cost": 1,
      "max_ammount": 24
    },
    {
      "set_weight": 138,
      "set_name": "Turbo Pack: Booster Eight",
      "cost": 1,
      "max_ammount": 24
    },
    {
      "set_weight": 139,
      "set_name": "Abyss Rising",
      "cost": 1,
      "max_ammount": 24
    },
    {
      "set_weight": 140,
      "set_name": "Hidden Arsenal 6: Omega Xyz",
      "cost": 1,
      "max_ammount": 24
    },
    {
      "set_weight": 141,
      "set_name": "Cosmo Blazer",
      "cost": 1,
      "max_ammount": 24
    },
    {
      "set_weight": 142,
      "set_name": "Lord of the Tachyon Galaxy",
      "cost": 1,
      "max_ammount": 24
    },
    {
      "set_weight": 143,
      "set_name": "Judgment of the Light",
      "cost": 1,
      "max_ammount": 24
    },
    {
      "set_weight": 144,
      "set_name": "Hidden Arsenal 7: Knight of Stars",
      "cost": 1,
      "max_ammount": 24
    },
    {
      "set_weight": 145,
      "set_name": "Number Hunters",
      "cost": 1,
      "max_ammount": 24
    },
    {
      "set_weight": 146,
      "set_name": "Shadow Specters",
      "cost": 1,
      "max_ammount": 24
    },
    {
      "set_weight": 147,
      "set_name": "Legacy of the Valiant",
      "cost": 1,
      "max_ammount": 24
    },
    {
      "set_weight": 148,
      "set_name": "Primal Origin",
      "cost": 1,
      "max_ammount": 24
    },
    {
      "set_weight": 149,
      "set_name": "Duelist Alliance",
      "cost": 1,
      "max_ammount": 24
    },
    {
      "set_weight": 150,
      "set_name": "Dragons of Legend",
      "cost": 1,
      "max_ammount": 24
    },
    {
      "set_weight": 151,
      "set_name": "The New Challengers",
      "cost": 1,
      "max_ammount": 24
    },
    {
      "set_weight": 152,
      "set_name": "Secrets of Eternity",
      "cost": 1,
      "max_ammount": 24
    },
    {
      "set_weight": 153,
      "set_name": "The Secret Forces",
      "cost": 1,
      "max_ammount": 24
    },
    {
      "set_weight": 154,
      "set_name": "Crossed Souls",
      "cost": 1,
      "max_ammount": 24
    },
    {
      "set_weight": 155,
      "set_name": "Demo Deck 2015",
      "cost": 1,
      "max_ammount": 24
    },
    {
      "set_weight": 156,
      "set_name": "World Superstars",
      "cost": 1,
      "max_ammount": 24
    },
    {
      "set_weight": 157,
      "set_name": "Clash of Rebellions",
      "cost": 1,
      "max_ammount": 24
    },
    {
      "set_weight": 158,
      "set_name": "Dragons of Legend 2",
      "cost": 1,
      "max_ammount": 24
    },
    {
      "set_weight": 159,
      "set_name": "Dimension of Chaos",
      "cost": 1,
      "max_ammount": 24
    },
    {
      "set_weight": 160,
      "set_name": "High-Speed Riders",
      "cost": 1,
      "max_ammount": 24
    },
    {
      "set_weight": 161,
      "set_name": "Breakers of Shadow",
      "cost": 1,
      "max_ammount": 24
    },
    {
      "set_weight": 162,
      "set_name": "Shining Victories",
      "cost": 1,
      "max_ammount": 24
    },
    {
      "set_weight": 163,
      "set_name": "Demo Deck 2016",
      "cost": 1,
      "max_ammount": 24
    },
    {
      "set_weight": 164,
      "set_name": "Wing Raiders",
      "cost": 1,
      "max_ammount": 24
    },
    {
      "set_weight": 165,
      "set_name": "OTS Tournament Pack 1",
      "cost": 1,
      "max_ammount": 24
    },
    {
      "set_weight": 166,
      "set_name": "The Dark Illusion",
      "cost": 1,
      "max_ammount": 24
    },
    {
      "set_weight": 167,
      "set_name": "Millennium Pack",
      "cost": 1,
      "max_ammount": 24
    },
    {
      "set_weight": 168,
      "set_name": "Yu-Gi-Oh! The Dark Side of Dimensions Movie Pack",
      "cost": 1,
      "max_ammount": 24
    },
    {
      "set_weight": 169,
      "set_name": "Invasion: Vengeance",
      "cost": 1,
      "max_ammount": 24
    },
    {
      "set_weight": 170,
      "set_name": "OTS Tournament Pack 2",
      "cost": 1,
      "max_ammount": 24
    },
    {
      "set_weight": 171,
      "set_name": "Dragons of Legend: Unleashed",
      "cost": 1,
      "max_ammount": 24
    },
    {
      "set_weight": 172,
      "set_name": "Raging Tempest",
      "cost": 1,
      "max_ammount": 24
    },
    {
      "set_weight": 173,
      "set_name": "Destiny Soldiers",
      "cost": 1,
      "max_ammount": 24
    },
    {
      "set_weight": 174,
      "set_name": "OTS Tournament Pack 3",
      "cost": 1,
      "max_ammount": 24
    },
    {
      "set_weight": 175,
      "set_name": "Maximum Crisis",
      "cost": 1,
      "max_ammount": 24
    },
    {
      "set_weight": 176,
      "set_name": "Fusion Enforcers",
      "cost": 1,
      "max_ammount": 24
    },
    {
      "set_weight": 177,
      "set_name": "Duelist Saga",
      "cost": 1,
      "max_ammount": 24
    },
    {
      "set_weight": 178,
      "set_name": "OTS Tournament Pack 4",
      "cost": 1,
      "max_ammount": 24
    },
    {
      "set_weight": 179,
      "set_name": "Code of the Duelist",
      "cost": 1,
      "max_ammount": 24
    },
    {
      "set_weight": 180,
      "set_name": "Pendulum Evolution",
      "cost": 1,
      "max_ammount": 24
    },
    {
      "set_weight": 181,
      "set_name": "Battles of Legend: Light's Revenge",
      "cost": 1,
      "max_ammount": 24
    },
    {
      "set_weight": 182,
      "set_name": "Circuit Break",
      "cost": 1,
      "max_ammount": 24
    },
    {
      "set_weight": 183,
      "set_name": "Legendary Duelists",
      "cost": 1,
      "max_ammount": 24
    },
    {
      "set_weight": 184,
      "set_name": "Tournament Pack 2017 Vol.4",
      "cost": 1,
      "max_ammount": 24
    },
    {
      "set_weight": 185,
      "set_name": "Extreme Force",
      "cost": 1,
      "max_ammount": 24
    },
    {
      "set_weight": 186,
      "set_name": "Spirit Warriors",
      "cost": 1,
      "max_ammount": 24
    },
    {
      "set_weight": 187,
      "set_name": "OTS Tournament Pack 6",
      "cost": 1,
      "max_ammount": 24
    },
    {
      "set_weight": 188,
      "set_name": "Flames of Destruction",
      "cost": 1,
      "max_ammount": 24
    },
    {
      "set_weight": 189,
      "set_name": "Legendary Duelists: Ancient Milennium",
      "cost": 1,
      "max_ammount": 24
    },
    {
      "set_weight": 190,
      "set_name": "Dark Saviors",
      "cost": 1,
      "max_ammount": 24
    },
    {
      "set_weight": 77,
      "set_name": "Battle Pack: Epic Dawn",
      "cost": 1,
      "max_ammount": 8
    },
    {
      "set_weight": 82,
      "set_name": "Battle Pack 2: War of the Giants",
      "cost": 1,
      "max_ammount": 8
    },
    {
      "set_weight": 87,
      "set_name": "War of the Giants Reinforcements",
      "cost": 1,
      "max_ammount": 8
    },
    {
      "set_weight": 92,
      "set_name": "War of the Giants: Round 2",
      "cost": 1,
      "max_ammount": 8
    },
    {
      "set_weight": 97,
      "set_name": "Battle Pack 3: Monster League",
      "cost": 1,
      "max_ammount": 8
    },
    {
      "set_weight": 68,
      "set_name": "Structure Deck: Marik",
      "cost": 2,
      "max_ammount": 4
    },
    {
      "set_weight": 71,
      "set_name": "Structure Deck: Dragon's Roar",
      "cost": 2,
      "max_ammount": 4
    },
    {
      "set_weight": 74,
      "set_name": "Structure Deck: Zombie Madness",
      "cost": 2,
      "max_ammount": 4
    },
    {
      "set_weight": 77,
      "set_name": "Structure Deck: Blaze of Destruction",
      "cost": 2,
      "max_ammount": 4
    },
    {
      "set_weight": 80,
      "set_name": "Structure Deck: Fury from the Deep",
      "cost": 2,
      "max_ammount": 4
    },
    {
      "set_weight": 83,
      "set_name": "Structure Deck: Warrior's Triumph",
      "cost": 2,
      "max_ammount": 4
    },
    {
      "set_weight": 86,
      "set_name": "Structure Deck: Spellcaster's Judgment",
      "cost": 2,
      "max_ammount": 4
    },
    {
      "set_weight": 89,
      "set_name": "Structure Deck: Invincible Fortress",
      "cost": 2,
      "max_ammount": 4
    },
    {
      "set_weight": 92,
      "set_name": "Structure Deck: Lord of the Storm",
      "cost": 2,
      "max_ammount": 4
    },
    {
      "set_weight": 95,
      "set_name": "Structure Deck: Dinosaur's Rage",
      "cost": 2,
      "max_ammount": 4
    },
    {
      "set_weight": 98,
      "set_name": "Structure Deck: Machine Re-Volt",
      "cost": 2,
      "max_ammount": 4
    },
    {
      "set_weight": 101,
      "set_name": "Rise of the Dragon Lords Structure Deck",
      "cost": 2,
      "max_ammount": 4
    },
    {
      "set_weight": 104,
      "set_name": "The Dark Emperor Structure Deck",
      "cost": 2,
      "max_ammount": 4
    },
    {
      "set_weight": 107,
      "set_name": "Zombie World Structure Deck",
      "cost": 2,
      "max_ammount": 4
    },
    {
      "set_weight": 110,
      "set_name": "Spellcaster's Command Structure Deck",
      "cost": 2,
      "max_ammount": 4
    },
    {
      "set_weight": 113,
      "set_name": "Warriors' Strike Structure Deck",
      "cost": 2,
      "max_ammount": 4
    },
    {
      "set_weight": 116,
      "set_name": "Machina Mayhem Structure Deck",
      "cost": 2,
      "max_ammount": 4
    },
    {
      "set_weight": 119,
      "set_name": "Dragunity Legion Structure Deck",
      "cost": 2,
      "max_ammount": 4
    },
    {
      "set_weight": 122,
      "set_name": "Lost Sanctuary Structure Deck",
      "cost": 2,
      "max_ammount": 4
    },
    {
      "set_weight": 125,
      "set_name": "Gates of the Underworld Structure Deck",
      "cost": 2,
      "max_ammount": 4
    },
    {
      "set_weight": 128,
      "set_name": "Dragons Collide Structure Deck",
      "cost": 2,
      "max_ammount": 4
    },
    {
      "set_weight": 131,
      "set_name": "Samurai Warlords Structure Deck",
      "cost": 2,
      "max_ammount": 4
    },
    {
      "set_weight": 134,
      "set_name": "Realm of the Sea Emperor Structure Deck",
      "cost": 2,
      "max_ammount": 4
    },
    {
      "set_weight": 137,
      "set_name": "Onslaught of the Fire Kings Structure Deck",
      "cost": 2,
      "max_ammount": 4
    },
    {
      "set_weight": 140,
      "set_name": "Saga of Blue-Eyes White Dragon Structure Deck",
      "cost": 2,
      "max_ammount": 4
    },
    {
      "set_weight": 143,
      "set_name": "Cyber Dragon Revolution Structure Deck",
      "cost": 2,
      "max_ammount": 4
    },
    {
      "set_weight": 146,
      "set_name": "Realm of Light Structure Deck",
      "cost": 2,
      "max_ammount": 4
    },
    {
      "set_weight": 149,
      "set_name": "Geargia Rampage Structure Deck",
      "cost": 2,
      "max_ammount": 4
    },
    {
      "set_weight": 152,
      "set_name": "HERO Strike Structure Deck",
      "cost": 2,
      "max_ammount": 4
    },
    {
      "set_weight": 155,
      "set_name": "Synchron Extreme Structure Deck",
      "cost": 2,
      "max_ammount": 4
    },
    {
      "set_weight": 158,
      "set_name": "Master of Pendulum Structure Deck",
      "cost": 2,
      "max_ammount": 4
    },
    {
      "set_weight": 161,
      "set_name": "Emperor of Darkness Structure Deck",
      "cost": 2,
      "max_ammount": 4
    },
    {
      "set_weight": 164,
      "set_name": "Structure Deck: Seto Kaiba",
      "cost": 2,
      "max_ammount": 4
    },
    {
      "set_weight": 167,
      "set_name": "Structure Deck: Yugi Muto",
      "cost": 2,
      "max_ammount": 4
    },
    {
      "set_weight": 170,
      "set_name": "Rise of the True Dragons Structure Deck",
      "cost": 2,
      "max_ammount": 4
    },
    {
      "set_weight": 173,
      "set_name": "Pendulum Domination Structure Deck",
      "cost": 2,
      "max_ammount": 4
    },
    {
      "set_weight": 176,
      "set_name": "Dinosmasher's Fury Structure Deck",
      "cost": 2,
      "max_ammount": 4
    },
    {
      "set_weight": 179,
      "set_name": "Machine Reactor Structure Deck",
      "cost": 2,
      "max_ammount": 4
    },
    {
      "set_weight": 182,
      "set_name": "Structure Deck: Cyberse Link",
      "cost": 2,
      "max_ammount": 4
    },
    {
      "set_weight": 185,
      "set_name": "Wave of Light Structure Deck",
      "cost": 2,
      "max_ammount": 4
    },
    {
      "set_weight": 102,
      "set_name": "Duelist Pack: Chazz Princeton",
      "cost": 1,
      "max_ammount": 16
    },
    {
      "set_weight": 103,
      "set_name": "Duelist Pack: Jaden Yuki",
      "cost": 1,
      "max_ammount": 16
    },
    {
      "set_weight": 104,
      "set_name": "Duelist Pack: Aster Phoenix",
      "cost": 1,
      "max_ammount": 16
    },
    {
      "set_weight": 105,
      "set_name": "Duelist Pack: Jaden Yuki 2",
      "cost": 1,
      "max_ammount": 16
    },
    {
      "set_weight": 106,
      "set_name": "Duelist Pack: Zane Truesdale",
      "cost": 1,
      "max_ammount": 16
    },
    {
      "set_weight": 107,
      "set_name": "Duelist Pack: Jaden Yuki 3",
      "cost": 1,
      "max_ammount": 16
    },
    {
      "set_weight": 108,
      "set_name": "Duelist Pack: Jesse Anderson",
      "cost": 1,
      "max_ammount": 16
    },
    {
      "set_weight": 109,
      "set_name": "Duelist Pack: Yusei",
      "cost": 1,
      "max_ammount": 16
    },
    {
      "set_weight": 110,
      "set_name": "Duelist Pack: Yugi",
      "cost": 1,
      "max_ammount": 16
    },
    {
      "set_weight": 111,
      "set_name": "Duelist Pack: Yusei 2",
      "cost": 1,
      "max_ammount": 16
    },
    {
      "set_weight": 112,
      "set_name": "Duelist Pack: Kaiba",
      "cost": 1,
      "max_ammount": 16
    },
    {
      "set_weight": 113,
      "set_name": "Duelist Pack: Crow",
      "cost": 1,
      "max_ammount": 16
    },
    {
      "set_weight": 114,
      "set_name": "Duelist Pack: Yusei 3",
      "cost": 1,
      "max_ammount": 16
    },
    {
      "set_weight": 115,
      "set_name": "Duelist Pack: Battle City",
      "cost": 1,
      "max_ammount": 16
    },
    {
      "set_weight": 116,
      "set_name": "Duelist Pack: Rivals of the Pharaoh",
      "cost": 1,
      "max_ammount": 16
    },
    {
      "set_weight": 117,
      "set_name": "Duelist Pack: Dimensional Guardians",
      "cost": 1,
      "max_ammount": 16
    },
    {
      "set_weight": 102,
      "set_name": "Premium Gold",
      "cost": 1,
      "max_ammount": 8
    },
    {
      "set_weight": 103,
      "set_name": "Premium Gold: Return of the Bling",
      "cost": 1,
      "max_ammount": 8
    },
    {
      "set_weight": 104,
      "set_name": "Premium Gold: Infinite Gold",
      "cost": 1,
      "max_ammount": 8
    }
  ]
}